image_path,label
C:\EPICS26\iemocap_cnn\src\visual\..\..\features\frames\Ses01F_impro01\0.jpg,3
C:\EPICS26\iemocap_cnn\src\visual\..\..\features\frames\Ses01F_impro01\1.jpg,3
C:\EPICS26\iemocap_cnn\src\visual\..\..\features\frames\Ses01F_impro01\2.jpg,3
C:\EPICS26\iemocap_cnn\src\visual\..\..\features\frames\Ses01F_impro01\5.jpg,3
C:\EPICS26\iemocap_cnn\src\visual\..\..\features\frames\Ses01F_impro01\12.jpg,0
C:\EPICS26\iemocap_cnn\src\visual\..\..\features\frames\Ses01F_impro01\14.jpg,3
C:\EPICS26\iemocap_cnn\src\visual\..\..\features\frames\Ses01F_impro01\11.jpg,0
C:\EPICS26\iemocap_cnn\src\visual\..\..\features\frames\Ses01F_impro01\13.jpg,0
C:\EPICS26\iemocap_cnn\src\visual\..\..\features\frames\Ses01F_impro02\0.jpg,2
C:\EPICS26\iemocap_cnn\src\visual\..\..\features\frames\Ses01F_impro02\1.jpg,2
C:\EPICS26\iemocap_cnn\src\visual\..\..\features\frames\Ses01F_impro02\2.jpg,2
C:\EPICS26\iemocap_cnn\src\visual\..\..\features\frames\Ses01F_impro02\3.jpg,3
C:\EPICS26\iemocap_cnn\src\visual\..\..\features\frames\Ses01F_impro02\4.jpg,2
C:\EPICS26\iemocap_cnn\src\visual\..\..\features\frames\Ses01F_impro02\5.jpg,2
C:\EPICS26\iemocap_cnn\src\visual\..\..\features\frames\Ses01F_impro02\6.jpg,3
C:\EPICS26\iemocap_cnn\src\visual\..\..\features\frames\Ses01F_impro02\8.jpg,2
C:\EPICS26\iemocap_cnn\src\visual\..\..\features\frames\Ses01F_impro02\10.jpg,2
C:\EPICS26\iemocap_cnn\src\visual\..\..\features\frames\Ses01F_impro02\12.jpg,2
C:\EPICS26\iemocap_cnn\src\visual\..\..\features\frames\Ses01F_impro02\13.jpg,2
C:\EPICS26\iemocap_cnn\src\visual\..\..\features\frames\Ses01F_impro02\14.jpg,2
C:\EPICS26\iemocap_cnn\src\visual\..\..\features\frames\Ses01F_impro02\15.jpg,2
C:\EPICS26\iemocap_cnn\src\visual\..\..\features\frames\Ses01F_impro02\16.jpg,3
C:\EPICS26\iemocap_cnn\src\visual\..\..\features\frames\Ses01F_impro02\17.jpg,2
C:\EPICS26\iemocap_cnn\src\visual\..\..\features\frames\Ses01F_impro02\18.jpg,3
C:\EPICS26\iemocap_cnn\src\visual\..\..\features\frames\Ses01F_impro02\19.jpg,2
C:\EPICS26\iemocap_cnn\src\visual\..\..\features\frames\Ses01F_impro02\20.jpg,2
C:\EPICS26\iemocap_cnn\src\visual\..\..\features\frames\Ses01F_impro02\1.jpg,2
C:\EPICS26\iemocap_cnn\src\visual\..\..\features\frames\Ses01F_impro02\5.jpg,2
C:\EPICS26\iemocap_cnn\src\visual\..\..\features\frames\Ses01F_impro02\9.jpg,2
C:\EPICS26\iemocap_cnn\src\visual\..\..\features\frames\Ses01F_impro02\10.jpg,2
C:\EPICS26\iemocap_cnn\src\visual\..\..\features\frames\Ses01F_impro02\11.jpg,2
C:\EPICS26\iemocap_cnn\src\visual\..\..\features\frames\Ses01F_impro02\12.jpg,3
C:\EPICS26\iemocap_cnn\src\visual\..\..\features\frames\Ses01F_impro02\13.jpg,2
C:\EPICS26\iemocap_cnn\src\visual\..\..\features\frames\Ses01F_impro02\14.jpg,2
C:\EPICS26\iemocap_cnn\src\visual\..\..\features\frames\Ses01F_impro02\15.jpg,3
C:\EPICS26\iemocap_cnn\src\visual\..\..\features\frames\Ses01F_impro03\0.jpg,1
C:\EPICS26\iemocap_cnn\src\visual\..\..\features\frames\Ses01F_impro03\1.jpg,1
C:\EPICS26\iemocap_cnn\src\visual\..\..\features\frames\Ses01F_impro03\2.jpg,1
C:\EPICS26\iemocap_cnn\src\visual\..\..\features\frames\Ses01F_impro03\4.jpg,1
C:\EPICS26\iemocap_cnn\src\visual\..\..\features\frames\Ses01F_impro03\5.jpg,1
C:\EPICS26\iemocap_cnn\src\visual\..\..\features\frames\Ses01F_impro03\6.jpg,1
C:\EPICS26\iemocap_cnn\src\visual\..\..\features\frames\Ses01F_impro03\8.jpg,1
C:\EPICS26\iemocap_cnn\src\visual\..\..\features\frames\Ses01F_impro03\9.jpg,1
C:\EPICS26\iemocap_cnn\src\visual\..\..\features\frames\Ses01F_impro03\10.jpg,1
C:\EPICS26\iemocap_cnn\src\visual\..\..\features\frames\Ses01F_impro03\12.jpg,1
C:\EPICS26\iemocap_cnn\src\visual\..\..\features\frames\Ses01F_impro03\13.jpg,1
C:\EPICS26\iemocap_cnn\src\visual\..\..\features\frames\Ses01F_impro03\15.jpg,1
C:\EPICS26\iemocap_cnn\src\visual\..\..\features\frames\Ses01F_impro03\16.jpg,1
C:\EPICS26\iemocap_cnn\src\visual\..\..\features\frames\Ses01F_impro03\17.jpg,3
C:\EPICS26\iemocap_cnn\src\visual\..\..\features\frames\Ses01F_impro03\18.jpg,3
C:\EPICS26\iemocap_cnn\src\visual\..\..\features\frames\Ses01F_impro03\19.jpg,3
C:\EPICS26\iemocap_cnn\src\visual\..\..\features\frames\Ses01F_impro03\21.jpg,1
C:\EPICS26\iemocap_cnn\src\visual\..\..\features\frames\Ses01F_impro03\22.jpg,3
C:\EPICS26\iemocap_cnn\src\visual\..\..\features\frames\Ses01F_impro03\23.jpg,3
C:\EPICS26\iemocap_cnn\src\visual\..\..\features\frames\Ses01F_impro03\24.jpg,1
C:\EPICS26\iemocap_cnn\src\visual\..\..\features\frames\Ses01F_impro03\25.jpg,1
C:\EPICS26\iemocap_cnn\src\visual\..\..\features\frames\Ses01F_impro03\26.jpg,1
C:\EPICS26\iemocap_cnn\src\visual\..\..\features\frames\Ses01F_impro03\0.jpg,3
C:\EPICS26\iemocap_cnn\src\visual\..\..\features\frames\Ses01F_impro03\1.jpg,3
C:\EPICS26\iemocap_cnn\src\visual\..\..\features\frames\Ses01F_impro03\3.jpg,1
C:\EPICS26\iemocap_cnn\src\visual\..\..\features\frames\Ses01F_impro03\6.jpg,3
C:\EPICS26\iemocap_cnn\src\visual\..\..\features\frames\Ses01F_impro03\7.jpg,1
C:\EPICS26\iemocap_cnn\src\visual\..\..\features\frames\Ses01F_impro03\8.jpg,3
C:\EPICS26\iemocap_cnn\src\visual\..\..\features\frames\Ses01F_impro03\9.jpg,3
C:\EPICS26\iemocap_cnn\src\visual\..\..\features\frames\Ses01F_impro03\11.jpg,3
C:\EPICS26\iemocap_cnn\src\visual\..\..\features\frames\Ses01F_impro03\13.jpg,1
C:\EPICS26\iemocap_cnn\src\visual\..\..\features\frames\Ses01F_impro03\14.jpg,1
C:\EPICS26\iemocap_cnn\src\visual\..\..\features\frames\Ses01F_impro03\15.jpg,1
C:\EPICS26\iemocap_cnn\src\visual\..\..\features\frames\Ses01F_impro03\16.jpg,3
C:\EPICS26\iemocap_cnn\src\visual\..\..\features\frames\Ses01F_impro03\19.jpg,3
C:\EPICS26\iemocap_cnn\src\visual\..\..\features\frames\Ses01F_impro03\20.jpg,3
C:\EPICS26\iemocap_cnn\src\visual\..\..\features\frames\Ses01F_impro03\21.jpg,3
C:\EPICS26\iemocap_cnn\src\visual\..\..\features\frames\Ses01F_impro03\22.jpg,1
C:\EPICS26\iemocap_cnn\src\visual\..\..\features\frames\Ses01F_impro03\23.jpg,1
C:\EPICS26\iemocap_cnn\src\visual\..\..\features\frames\Ses01F_impro03\24.jpg,3
C:\EPICS26\iemocap_cnn\src\visual\..\..\features\frames\Ses01F_impro04\0.jpg,3
C:\EPICS26\iemocap_cnn\src\visual\..\..\features\frames\Ses01F_impro04\1.jpg,3
C:\EPICS26\iemocap_cnn\src\visual\..\..\features\frames\Ses01F_impro04\5.jpg,3
C:\EPICS26\iemocap_cnn\src\visual\..\..\features\frames\Ses01F_impro04\6.jpg,3
C:\EPICS26\iemocap_cnn\src\visual\..\..\features\frames\Ses01F_impro04\9.jpg,3
C:\EPICS26\iemocap_cnn\src\visual\..\..\features\frames\Ses01F_impro04\13.jpg,3
C:\EPICS26\iemocap_cnn\src\visual\..\..\features\frames\Ses01F_impro04\14.jpg,3
C:\EPICS26\iemocap_cnn\src\visual\..\..\features\frames\Ses01F_impro04\28.jpg,0
C:\EPICS26\iemocap_cnn\src\visual\..\..\features\frames\Ses01F_impro04\29.jpg,0
C:\EPICS26\iemocap_cnn\src\visual\..\..\features\frames\Ses01F_impro04\30.jpg,0
C:\EPICS26\iemocap_cnn\src\visual\..\..\features\frames\Ses01F_impro04\31.jpg,0
C:\EPICS26\iemocap_cnn\src\visual\..\..\features\frames\Ses01F_impro04\32.jpg,0
C:\EPICS26\iemocap_cnn\src\visual\..\..\features\frames\Ses01F_impro04\33.jpg,0
C:\EPICS26\iemocap_cnn\src\visual\..\..\features\frames\Ses01F_impro04\0.jpg,3
C:\EPICS26\iemocap_cnn\src\visual\..\..\features\frames\Ses01F_impro04\1.jpg,3
C:\EPICS26\iemocap_cnn\src\visual\..\..\features\frames\Ses01F_impro04\2.jpg,3
C:\EPICS26\iemocap_cnn\src\visual\..\..\features\frames\Ses01F_impro04\3.jpg,3
C:\EPICS26\iemocap_cnn\src\visual\..\..\features\frames\Ses01F_impro04\4.jpg,3
C:\EPICS26\iemocap_cnn\src\visual\..\..\features\frames\Ses01F_impro04\5.jpg,3
C:\EPICS26\iemocap_cnn\src\visual\..\..\features\frames\Ses01F_impro04\6.jpg,3
C:\EPICS26\iemocap_cnn\src\visual\..\..\features\frames\Ses01F_impro04\7.jpg,3
C:\EPICS26\iemocap_cnn\src\visual\..\..\features\frames\Ses01F_impro04\8.jpg,3
C:\EPICS26\iemocap_cnn\src\visual\..\..\features\frames\Ses01F_impro04\9.jpg,3
C:\EPICS26\iemocap_cnn\src\visual\..\..\features\frames\Ses01F_impro04\10.jpg,3
C:\EPICS26\iemocap_cnn\src\visual\..\..\features\frames\Ses01F_impro04\11.jpg,3
C:\EPICS26\iemocap_cnn\src\visual\..\..\features\frames\Ses01F_impro04\12.jpg,3
C:\EPICS26\iemocap_cnn\src\visual\..\..\features\frames\Ses01F_impro04\13.jpg,3
C:\EPICS26\iemocap_cnn\src\visual\..\..\features\frames\Ses01F_impro04\14.jpg,3
C:\EPICS26\iemocap_cnn\src\visual\..\..\features\frames\Ses01F_impro04\15.jpg,3
C:\EPICS26\iemocap_cnn\src\visual\..\..\features\frames\Ses01F_impro04\16.jpg,3
C:\EPICS26\iemocap_cnn\src\visual\..\..\features\frames\Ses01F_impro04\17.jpg,3
C:\EPICS26\iemocap_cnn\src\visual\..\..\features\frames\Ses01F_impro04\18.jpg,3
C:\EPICS26\iemocap_cnn\src\visual\..\..\features\frames\Ses01F_impro04\19.jpg,3
C:\EPICS26\iemocap_cnn\src\visual\..\..\features\frames\Ses01F_impro04\20.jpg,3
C:\EPICS26\iemocap_cnn\src\visual\..\..\features\frames\Ses01F_impro04\21.jpg,3
C:\EPICS26\iemocap_cnn\src\visual\..\..\features\frames\Ses01F_impro04\22.jpg,3
C:\EPICS26\iemocap_cnn\src\visual\..\..\features\frames\Ses01F_impro04\23.jpg,3
C:\EPICS26\iemocap_cnn\src\visual\..\..\features\frames\Ses01F_impro04\24.jpg,3
C:\EPICS26\iemocap_cnn\src\visual\..\..\features\frames\Ses01F_impro04\25.jpg,3
C:\EPICS26\iemocap_cnn\src\visual\..\..\features\frames\Ses01F_impro04\26.jpg,3
C:\EPICS26\iemocap_cnn\src\visual\..\..\features\frames\Ses01F_impro04\27.jpg,3
C:\EPICS26\iemocap_cnn\src\visual\..\..\features\frames\Ses01F_impro04\28.jpg,3
C:\EPICS26\iemocap_cnn\src\visual\..\..\features\frames\Ses01F_impro04\31.jpg,3
C:\EPICS26\iemocap_cnn\src\visual\..\..\features\frames\Ses01F_impro04\32.jpg,3
C:\EPICS26\iemocap_cnn\src\visual\..\..\features\frames\Ses01F_impro05\8.jpg,0
C:\EPICS26\iemocap_cnn\src\visual\..\..\features\frames\Ses01F_impro05\9.jpg,0
C:\EPICS26\iemocap_cnn\src\visual\..\..\features\frames\Ses01F_impro05\11.jpg,0
C:\EPICS26\iemocap_cnn\src\visual\..\..\features\frames\Ses01F_impro05\12.jpg,0
C:\EPICS26\iemocap_cnn\src\visual\..\..\features\frames\Ses01F_impro05\14.jpg,0
C:\EPICS26\iemocap_cnn\src\visual\..\..\features\frames\Ses01F_impro05\15.jpg,0
C:\EPICS26\iemocap_cnn\src\visual\..\..\features\frames\Ses01F_impro05\16.jpg,0
C:\EPICS26\iemocap_cnn\src\visual\..\..\features\frames\Ses01F_impro05\17.jpg,0
C:\EPICS26\iemocap_cnn\src\visual\..\..\features\frames\Ses01F_impro05\18.jpg,0
C:\EPICS26\iemocap_cnn\src\visual\..\..\features\frames\Ses01F_impro05\19.jpg,0
C:\EPICS26\iemocap_cnn\src\visual\..\..\features\frames\Ses01F_impro05\20.jpg,0
C:\EPICS26\iemocap_cnn\src\visual\..\..\features\frames\Ses01F_impro05\21.jpg,0
C:\EPICS26\iemocap_cnn\src\visual\..\..\features\frames\Ses01F_impro05\22.jpg,0
C:\EPICS26\iemocap_cnn\src\visual\..\..\features\frames\Ses01F_impro05\23.jpg,0
C:\EPICS26\iemocap_cnn\src\visual\..\..\features\frames\Ses01F_impro05\24.jpg,0
C:\EPICS26\iemocap_cnn\src\visual\..\..\features\frames\Ses01F_impro05\25.jpg,0
C:\EPICS26\iemocap_cnn\src\visual\..\..\features\frames\Ses01F_impro05\26.jpg,0
C:\EPICS26\iemocap_cnn\src\visual\..\..\features\frames\Ses01F_impro05\28.jpg,0
C:\EPICS26\iemocap_cnn\src\visual\..\..\features\frames\Ses01F_impro05\29.jpg,0
C:\EPICS26\iemocap_cnn\src\visual\..\..\features\frames\Ses01F_impro05\30.jpg,0
C:\EPICS26\iemocap_cnn\src\visual\..\..\features\frames\Ses01F_impro05\0.jpg,3
C:\EPICS26\iemocap_cnn\src\visual\..\..\features\frames\Ses01F_impro05\1.jpg,1
C:\EPICS26\iemocap_cnn\src\visual\..\..\features\frames\Ses01F_impro05\2.jpg,1
C:\EPICS26\iemocap_cnn\src\visual\..\..\features\frames\Ses01F_impro05\3.jpg,3
C:\EPICS26\iemocap_cnn\src\visual\..\..\features\frames\Ses01F_impro05\4.jpg,3
C:\EPICS26\iemocap_cnn\src\visual\..\..\features\frames\Ses01F_impro05\5.jpg,3
C:\EPICS26\iemocap_cnn\src\visual\..\..\features\frames\Ses01F_impro05\6.jpg,3
C:\EPICS26\iemocap_cnn\src\visual\..\..\features\frames\Ses01F_impro05\7.jpg,3
C:\EPICS26\iemocap_cnn\src\visual\..\..\features\frames\Ses01F_impro05\8.jpg,3
C:\EPICS26\iemocap_cnn\src\visual\..\..\features\frames\Ses01F_impro05\9.jpg,3
C:\EPICS26\iemocap_cnn\src\visual\..\..\features\frames\Ses01F_impro05\10.jpg,3
C:\EPICS26\iemocap_cnn\src\visual\..\..\features\frames\Ses01F_impro05\11.jpg,3
C:\EPICS26\iemocap_cnn\src\visual\..\..\features\frames\Ses01F_impro05\12.jpg,3
C:\EPICS26\iemocap_cnn\src\visual\..\..\features\frames\Ses01F_impro05\13.jpg,3
C:\EPICS26\iemocap_cnn\src\visual\..\..\features\frames\Ses01F_impro05\14.jpg,3
C:\EPICS26\iemocap_cnn\src\visual\..\..\features\frames\Ses01F_impro05\15.jpg,3
C:\EPICS26\iemocap_cnn\src\visual\..\..\features\frames\Ses01F_impro05\16.jpg,3
C:\EPICS26\iemocap_cnn\src\visual\..\..\features\frames\Ses01F_impro05\17.jpg,3
C:\EPICS26\iemocap_cnn\src\visual\..\..\features\frames\Ses01F_impro05\19.jpg,3
C:\EPICS26\iemocap_cnn\src\visual\..\..\features\frames\Ses01F_impro05\20.jpg,3
C:\EPICS26\iemocap_cnn\src\visual\..\..\features\frames\Ses01F_impro05\22.jpg,3
C:\EPICS26\iemocap_cnn\src\visual\..\..\features\frames\Ses01F_impro05\23.jpg,3
C:\EPICS26\iemocap_cnn\src\visual\..\..\features\frames\Ses01F_impro05\24.jpg,3
C:\EPICS26\iemocap_cnn\src\visual\..\..\features\frames\Ses01F_impro05\25.jpg,3
C:\EPICS26\iemocap_cnn\src\visual\..\..\features\frames\Ses01F_impro05\26.jpg,3
C:\EPICS26\iemocap_cnn\src\visual\..\..\features\frames\Ses01F_impro05\27.jpg,3
C:\EPICS26\iemocap_cnn\src\visual\..\..\features\frames\Ses01F_impro05\28.jpg,3
C:\EPICS26\iemocap_cnn\src\visual\..\..\features\frames\Ses01F_impro05\29.jpg,3
C:\EPICS26\iemocap_cnn\src\visual\..\..\features\frames\Ses01F_impro05\30.jpg,3
C:\EPICS26\iemocap_cnn\src\visual\..\..\features\frames\Ses01F_impro05\31.jpg,3
C:\EPICS26\iemocap_cnn\src\visual\..\..\features\frames\Ses01F_impro05\34.jpg,3
C:\EPICS26\iemocap_cnn\src\visual\..\..\features\frames\Ses01F_impro05\35.jpg,3
C:\EPICS26\iemocap_cnn\src\visual\..\..\features\frames\Ses01F_impro06\2.jpg,2
C:\EPICS26\iemocap_cnn\src\visual\..\..\features\frames\Ses01F_impro06\3.jpg,3
C:\EPICS26\iemocap_cnn\src\visual\..\..\features\frames\Ses01F_impro06\4.jpg,3
C:\EPICS26\iemocap_cnn\src\visual\..\..\features\frames\Ses01F_impro06\5.jpg,2
C:\EPICS26\iemocap_cnn\src\visual\..\..\features\frames\Ses01F_impro06\6.jpg,2
C:\EPICS26\iemocap_cnn\src\visual\..\..\features\frames\Ses01F_impro06\7.jpg,2
C:\EPICS26\iemocap_cnn\src\visual\..\..\features\frames\Ses01F_impro06\8.jpg,2
C:\EPICS26\iemocap_cnn\src\visual\..\..\features\frames\Ses01F_impro06\9.jpg,3
C:\EPICS26\iemocap_cnn\src\visual\..\..\features\frames\Ses01F_impro06\10.jpg,2
C:\EPICS26\iemocap_cnn\src\visual\..\..\features\frames\Ses01F_impro06\11.jpg,2
C:\EPICS26\iemocap_cnn\src\visual\..\..\features\frames\Ses01F_impro06\12.jpg,2
C:\EPICS26\iemocap_cnn\src\visual\..\..\features\frames\Ses01F_impro06\13.jpg,2
C:\EPICS26\iemocap_cnn\src\visual\..\..\features\frames\Ses01F_impro06\14.jpg,2
C:\EPICS26\iemocap_cnn\src\visual\..\..\features\frames\Ses01F_impro06\15.jpg,2
C:\EPICS26\iemocap_cnn\src\visual\..\..\features\frames\Ses01F_impro06\16.jpg,3
C:\EPICS26\iemocap_cnn\src\visual\..\..\features\frames\Ses01F_impro06\18.jpg,3
C:\EPICS26\iemocap_cnn\src\visual\..\..\features\frames\Ses01F_impro06\19.jpg,3
C:\EPICS26\iemocap_cnn\src\visual\..\..\features\frames\Ses01F_impro06\20.jpg,2
C:\EPICS26\iemocap_cnn\src\visual\..\..\features\frames\Ses01F_impro06\21.jpg,2
C:\EPICS26\iemocap_cnn\src\visual\..\..\features\frames\Ses01F_impro06\22.jpg,2
C:\EPICS26\iemocap_cnn\src\visual\..\..\features\frames\Ses01F_impro06\23.jpg,2
C:\EPICS26\iemocap_cnn\src\visual\..\..\features\frames\Ses01F_impro06\24.jpg,2
C:\EPICS26\iemocap_cnn\src\visual\..\..\features\frames\Ses01F_impro06\25.jpg,2
C:\EPICS26\iemocap_cnn\src\visual\..\..\features\frames\Ses01F_impro06\26.jpg,2
C:\EPICS26\iemocap_cnn\src\visual\..\..\features\frames\Ses01F_impro06\27.jpg,3
C:\EPICS26\iemocap_cnn\src\visual\..\..\features\frames\Ses01F_impro06\28.jpg,2
C:\EPICS26\iemocap_cnn\src\visual\..\..\features\frames\Ses01F_impro06\0.jpg,2
C:\EPICS26\iemocap_cnn\src\visual\..\..\features\frames\Ses01F_impro06\1.jpg,3
C:\EPICS26\iemocap_cnn\src\visual\..\..\features\frames\Ses01F_impro06\2.jpg,3
C:\EPICS26\iemocap_cnn\src\visual\..\..\features\frames\Ses01F_impro06\3.jpg,2
C:\EPICS26\iemocap_cnn\src\visual\..\..\features\frames\Ses01F_impro06\4.jpg,3
C:\EPICS26\iemocap_cnn\src\visual\..\..\features\frames\Ses01F_impro06\5.jpg,3
C:\EPICS26\iemocap_cnn\src\visual\..\..\features\frames\Ses01F_impro06\6.jpg,3
C:\EPICS26\iemocap_cnn\src\visual\..\..\features\frames\Ses01F_impro06\7.jpg,2
C:\EPICS26\iemocap_cnn\src\visual\..\..\features\frames\Ses01F_impro06\8.jpg,3
C:\EPICS26\iemocap_cnn\src\visual\..\..\features\frames\Ses01F_impro06\9.jpg,3
C:\EPICS26\iemocap_cnn\src\visual\..\..\features\frames\Ses01F_impro06\10.jpg,3
C:\EPICS26\iemocap_cnn\src\visual\..\..\features\frames\Ses01F_impro06\11.jpg,3
C:\EPICS26\iemocap_cnn\src\visual\..\..\features\frames\Ses01F_impro06\12.jpg,3
C:\EPICS26\iemocap_cnn\src\visual\..\..\features\frames\Ses01F_impro06\13.jpg,3
C:\EPICS26\iemocap_cnn\src\visual\..\..\features\frames\Ses01F_impro06\14.jpg,3
C:\EPICS26\iemocap_cnn\src\visual\..\..\features\frames\Ses01F_impro06\15.jpg,3
C:\EPICS26\iemocap_cnn\src\visual\..\..\features\frames\Ses01F_impro06\16.jpg,3
C:\EPICS26\iemocap_cnn\src\visual\..\..\features\frames\Ses01F_impro07\0.jpg,1
C:\EPICS26\iemocap_cnn\src\visual\..\..\features\frames\Ses01F_impro07\2.jpg,1
C:\EPICS26\iemocap_cnn\src\visual\..\..\features\frames\Ses01F_impro07\3.jpg,1
C:\EPICS26\iemocap_cnn\src\visual\..\..\features\frames\Ses01F_impro07\4.jpg,1
C:\EPICS26\iemocap_cnn\src\visual\..\..\features\frames\Ses01F_impro07\5.jpg,1
C:\EPICS26\iemocap_cnn\src\visual\..\..\features\frames\Ses01F_impro07\9.jpg,1
C:\EPICS26\iemocap_cnn\src\visual\..\..\features\frames\Ses01F_impro07\10.jpg,1
C:\EPICS26\iemocap_cnn\src\visual\..\..\features\frames\Ses01F_impro07\12.jpg,1
C:\EPICS26\iemocap_cnn\src\visual\..\..\features\frames\Ses01F_impro07\13.jpg,1
C:\EPICS26\iemocap_cnn\src\visual\..\..\features\frames\Ses01F_impro07\16.jpg,1
C:\EPICS26\iemocap_cnn\src\visual\..\..\features\frames\Ses01F_impro07\0.jpg,1
C:\EPICS26\iemocap_cnn\src\visual\..\..\features\frames\Ses01F_impro07\1.jpg,1
C:\EPICS26\iemocap_cnn\src\visual\..\..\features\frames\Ses01F_impro07\2.jpg,1
C:\EPICS26\iemocap_cnn\src\visual\..\..\features\frames\Ses01F_impro07\3.jpg,1
C:\EPICS26\iemocap_cnn\src\visual\..\..\features\frames\Ses01F_impro07\4.jpg,1
C:\EPICS26\iemocap_cnn\src\visual\..\..\features\frames\Ses01F_impro07\5.jpg,1
C:\EPICS26\iemocap_cnn\src\visual\..\..\features\frames\Ses01F_impro07\6.jpg,1
C:\EPICS26\iemocap_cnn\src\visual\..\..\features\frames\Ses01F_impro07\7.jpg,1
C:\EPICS26\iemocap_cnn\src\visual\..\..\features\frames\Ses01F_impro07\8.jpg,1
C:\EPICS26\iemocap_cnn\src\visual\..\..\features\frames\Ses01F_impro07\9.jpg,1
C:\EPICS26\iemocap_cnn\src\visual\..\..\features\frames\Ses01F_impro07\12.jpg,3
C:\EPICS26\iemocap_cnn\src\visual\..\..\features\frames\Ses01F_impro07\13.jpg,3
C:\EPICS26\iemocap_cnn\src\visual\..\..\features\frames\Ses01F_impro07\14.jpg,1
C:\EPICS26\iemocap_cnn\src\visual\..\..\features\frames\Ses01F_impro07\15.jpg,1
C:\EPICS26\iemocap_cnn\src\visual\..\..\features\frames\Ses01F_impro07\17.jpg,1
C:\EPICS26\iemocap_cnn\src\visual\..\..\features\frames\Ses01F_impro07\18.jpg,3
C:\EPICS26\iemocap_cnn\src\visual\..\..\features\frames\Ses01F_impro07\19.jpg,1
C:\EPICS26\iemocap_cnn\src\visual\..\..\features\frames\Ses01F_script01_1\5.jpg,3
C:\EPICS26\iemocap_cnn\src\visual\..\..\features\frames\Ses01F_script01_1\15.jpg,3
C:\EPICS26\iemocap_cnn\src\visual\..\..\features\frames\Ses01F_script01_1\34.jpg,3
C:\EPICS26\iemocap_cnn\src\visual\..\..\features\frames\Ses01F_script01_1\35.jpg,0
C:\EPICS26\iemocap_cnn\src\visual\..\..\features\frames\Ses01F_script01_1\37.jpg,0
C:\EPICS26\iemocap_cnn\src\visual\..\..\features\frames\Ses01F_script01_1\38.jpg,0
C:\EPICS26\iemocap_cnn\src\visual\..\..\features\frames\Ses01F_script01_1\41.jpg,0
C:\EPICS26\iemocap_cnn\src\visual\..\..\features\frames\Ses01F_script01_1\42.jpg,0
C:\EPICS26\iemocap_cnn\src\visual\..\..\features\frames\Ses01F_script01_1\0.jpg,3
C:\EPICS26\iemocap_cnn\src\visual\..\..\features\frames\Ses01F_script01_1\1.jpg,3
C:\EPICS26\iemocap_cnn\src\visual\..\..\features\frames\Ses01F_script01_1\2.jpg,3
C:\EPICS26\iemocap_cnn\src\visual\..\..\features\frames\Ses01F_script01_1\3.jpg,3
C:\EPICS26\iemocap_cnn\src\visual\..\..\features\frames\Ses01F_script01_1\4.jpg,3
C:\EPICS26\iemocap_cnn\src\visual\..\..\features\frames\Ses01F_script01_1\7.jpg,3
C:\EPICS26\iemocap_cnn\src\visual\..\..\features\frames\Ses01F_script01_1\10.jpg,3
C:\EPICS26\iemocap_cnn\src\visual\..\..\features\frames\Ses01F_script01_1\12.jpg,3
C:\EPICS26\iemocap_cnn\src\visual\..\..\features\frames\Ses01F_script01_1\14.jpg,3
C:\EPICS26\iemocap_cnn\src\visual\..\..\features\frames\Ses01F_script01_1\15.jpg,3
C:\EPICS26\iemocap_cnn\src\visual\..\..\features\frames\Ses01F_script01_1\16.jpg,3
C:\EPICS26\iemocap_cnn\src\visual\..\..\features\frames\Ses01F_script01_1\17.jpg,3
C:\EPICS26\iemocap_cnn\src\visual\..\..\features\frames\Ses01F_script01_1\19.jpg,0
C:\EPICS26\iemocap_cnn\src\visual\..\..\features\frames\Ses01F_script01_1\23.jpg,3
C:\EPICS26\iemocap_cnn\src\visual\..\..\features\frames\Ses01F_script01_1\24.jpg,3
C:\EPICS26\iemocap_cnn\src\visual\..\..\features\frames\Ses01F_script01_1\25.jpg,3
C:\EPICS26\iemocap_cnn\src\visual\..\..\features\frames\Ses01F_script01_1\34.jpg,3
C:\EPICS26\iemocap_cnn\src\visual\..\..\features\frames\Ses01F_script01_1\39.jpg,3
C:\EPICS26\iemocap_cnn\src\visual\..\..\features\frames\Ses01F_script01_1\40.jpg,3
C:\EPICS26\iemocap_cnn\src\visual\..\..\features\frames\Ses01F_script01_2\3.jpg,0
C:\EPICS26\iemocap_cnn\src\visual\..\..\features\frames\Ses01F_script01_2\4.jpg,0
C:\EPICS26\iemocap_cnn\src\visual\..\..\features\frames\Ses01F_script01_2\5.jpg,0
C:\EPICS26\iemocap_cnn\src\visual\..\..\features\frames\Ses01F_script01_2\6.jpg,0
C:\EPICS26\iemocap_cnn\src\visual\..\..\features\frames\Ses01F_script01_2\7.jpg,0
C:\EPICS26\iemocap_cnn\src\visual\..\..\features\frames\Ses01F_script01_2\8.jpg,0
C:\EPICS26\iemocap_cnn\src\visual\..\..\features\frames\Ses01F_script01_2\9.jpg,0
C:\EPICS26\iemocap_cnn\src\visual\..\..\features\frames\Ses01F_script01_2\10.jpg,0
C:\EPICS26\iemocap_cnn\src\visual\..\..\features\frames\Ses01F_script01_2\11.jpg,0
C:\EPICS26\iemocap_cnn\src\visual\..\..\features\frames\Ses01F_script01_2\12.jpg,0
C:\EPICS26\iemocap_cnn\src\visual\..\..\features\frames\Ses01F_script01_2\13.jpg,0
C:\EPICS26\iemocap_cnn\src\visual\..\..\features\frames\Ses01F_script01_2\1.jpg,3
C:\EPICS26\iemocap_cnn\src\visual\..\..\features\frames\Ses01F_script01_2\4.jpg,3
C:\EPICS26\iemocap_cnn\src\visual\..\..\features\frames\Ses01F_script01_2\8.jpg,3
C:\EPICS26\iemocap_cnn\src\visual\..\..\features\frames\Ses01F_script01_2\17.jpg,0
C:\EPICS26\iemocap_cnn\src\visual\..\..\features\frames\Ses01F_script01_3\0.jpg,3
C:\EPICS26\iemocap_cnn\src\visual\..\..\features\frames\Ses01F_script01_3\1.jpg,3
C:\EPICS26\iemocap_cnn\src\visual\..\..\features\frames\Ses01F_script01_3\2.jpg,3
C:\EPICS26\iemocap_cnn\src\visual\..\..\features\frames\Ses01F_script01_3\3.jpg,3
C:\EPICS26\iemocap_cnn\src\visual\..\..\features\frames\Ses01F_script01_3\4.jpg,3
C:\EPICS26\iemocap_cnn\src\visual\..\..\features\frames\Ses01F_script01_3\5.jpg,3
C:\EPICS26\iemocap_cnn\src\visual\..\..\features\frames\Ses01F_script01_3\6.jpg,3
C:\EPICS26\iemocap_cnn\src\visual\..\..\features\frames\Ses01F_script01_3\7.jpg,3
C:\EPICS26\iemocap_cnn\src\visual\..\..\features\frames\Ses01F_script01_3\8.jpg,3
C:\EPICS26\iemocap_cnn\src\visual\..\..\features\frames\Ses01F_script01_3\9.jpg,3
C:\EPICS26\iemocap_cnn\src\visual\..\..\features\frames\Ses01F_script01_3\10.jpg,1
C:\EPICS26\iemocap_cnn\src\visual\..\..\features\frames\Ses01F_script01_3\11.jpg,1
C:\EPICS26\iemocap_cnn\src\visual\..\..\features\frames\Ses01F_script01_3\12.jpg,1
C:\EPICS26\iemocap_cnn\src\visual\..\..\features\frames\Ses01F_script01_3\13.jpg,1
C:\EPICS26\iemocap_cnn\src\visual\..\..\features\frames\Ses01F_script01_3\14.jpg,3
C:\EPICS26\iemocap_cnn\src\visual\..\..\features\frames\Ses01F_script01_3\15.jpg,3
C:\EPICS26\iemocap_cnn\src\visual\..\..\features\frames\Ses01F_script01_3\16.jpg,3
C:\EPICS26\iemocap_cnn\src\visual\..\..\features\frames\Ses01F_script01_3\17.jpg,1
C:\EPICS26\iemocap_cnn\src\visual\..\..\features\frames\Ses01F_script01_3\19.jpg,1
C:\EPICS26\iemocap_cnn\src\visual\..\..\features\frames\Ses01F_script01_3\20.jpg,1
C:\EPICS26\iemocap_cnn\src\visual\..\..\features\frames\Ses01F_script01_3\21.jpg,1
C:\EPICS26\iemocap_cnn\src\visual\..\..\features\frames\Ses01F_script01_3\22.jpg,3
C:\EPICS26\iemocap_cnn\src\visual\..\..\features\frames\Ses01F_script01_3\28.jpg,3
C:\EPICS26\iemocap_cnn\src\visual\..\..\features\frames\Ses01F_script01_3\29.jpg,3
C:\EPICS26\iemocap_cnn\src\visual\..\..\features\frames\Ses01F_script01_3\30.jpg,2
C:\EPICS26\iemocap_cnn\src\visual\..\..\features\frames\Ses01F_script01_3\31.jpg,3
C:\EPICS26\iemocap_cnn\src\visual\..\..\features\frames\Ses01F_script01_3\35.jpg,1
C:\EPICS26\iemocap_cnn\src\visual\..\..\features\frames\Ses01F_script01_3\0.jpg,3
C:\EPICS26\iemocap_cnn\src\visual\..\..\features\frames\Ses01F_script01_3\1.jpg,3
C:\EPICS26\iemocap_cnn\src\visual\..\..\features\frames\Ses01F_script01_3\3.jpg,3
C:\EPICS26\iemocap_cnn\src\visual\..\..\features\frames\Ses01F_script01_3\4.jpg,3
C:\EPICS26\iemocap_cnn\src\visual\..\..\features\frames\Ses01F_script01_3\5.jpg,3
C:\EPICS26\iemocap_cnn\src\visual\..\..\features\frames\Ses01F_script01_3\8.jpg,1
C:\EPICS26\iemocap_cnn\src\visual\..\..\features\frames\Ses01F_script01_3\9.jpg,1
C:\EPICS26\iemocap_cnn\src\visual\..\..\features\frames\Ses01F_script01_3\10.jpg,1
C:\EPICS26\iemocap_cnn\src\visual\..\..\features\frames\Ses01F_script01_3\15.jpg,1
C:\EPICS26\iemocap_cnn\src\visual\..\..\features\frames\Ses01F_script01_3\16.jpg,1
C:\EPICS26\iemocap_cnn\src\visual\..\..\features\frames\Ses01F_script01_3\17.jpg,1
C:\EPICS26\iemocap_cnn\src\visual\..\..\features\frames\Ses01F_script01_3\19.jpg,1
C:\EPICS26\iemocap_cnn\src\visual\..\..\features\frames\Ses01F_script01_3\20.jpg,1
C:\EPICS26\iemocap_cnn\src\visual\..\..\features\frames\Ses01F_script01_3\21.jpg,2
C:\EPICS26\iemocap_cnn\src\visual\..\..\features\frames\Ses01F_script01_3\22.jpg,2
C:\EPICS26\iemocap_cnn\src\visual\..\..\features\frames\Ses01F_script01_3\23.jpg,2
C:\EPICS26\iemocap_cnn\src\visual\..\..\features\frames\Ses01F_script01_3\24.jpg,2
C:\EPICS26\iemocap_cnn\src\visual\..\..\features\frames\Ses01F_script01_3\25.jpg,2
C:\EPICS26\iemocap_cnn\src\visual\..\..\features\frames\Ses01F_script01_3\26.jpg,2
C:\EPICS26\iemocap_cnn\src\visual\..\..\features\frames\Ses01F_script01_3\27.jpg,2
C:\EPICS26\iemocap_cnn\src\visual\..\..\features\frames\Ses01F_script01_3\28.jpg,2
C:\EPICS26\iemocap_cnn\src\visual\..\..\features\frames\Ses01F_script01_3\29.jpg,2
C:\EPICS26\iemocap_cnn\src\visual\..\..\features\frames\Ses01F_script01_3\30.jpg,2
C:\EPICS26\iemocap_cnn\src\visual\..\..\features\frames\Ses01F_script01_3\32.jpg,2
C:\EPICS26\iemocap_cnn\src\visual\..\..\features\frames\Ses01F_script01_3\33.jpg,2
C:\EPICS26\iemocap_cnn\src\visual\..\..\features\frames\Ses01F_script01_3\36.jpg,2
C:\EPICS26\iemocap_cnn\src\visual\..\..\features\frames\Ses01F_script01_3\37.jpg,3
C:\EPICS26\iemocap_cnn\src\visual\..\..\features\frames\Ses01F_script02_1\0.jpg,3
C:\EPICS26\iemocap_cnn\src\visual\..\..\features\frames\Ses01F_script02_1\4.jpg,3
C:\EPICS26\iemocap_cnn\src\visual\..\..\features\frames\Ses01F_script02_1\6.jpg,0
C:\EPICS26\iemocap_cnn\src\visual\..\..\features\frames\Ses01F_script02_1\7.jpg,0
C:\EPICS26\iemocap_cnn\src\visual\..\..\features\frames\Ses01F_script02_1\8.jpg,3
C:\EPICS26\iemocap_cnn\src\visual\..\..\features\frames\Ses01F_script02_1\9.jpg,1
C:\EPICS26\iemocap_cnn\src\visual\..\..\features\frames\Ses01F_script02_1\10.jpg,2
C:\EPICS26\iemocap_cnn\src\visual\..\..\features\frames\Ses01F_script02_1\15.jpg,3
C:\EPICS26\iemocap_cnn\src\visual\..\..\features\frames\Ses01F_script02_1\24.jpg,3
C:\EPICS26\iemocap_cnn\src\visual\..\..\features\frames\Ses01F_script02_1\25.jpg,3
C:\EPICS26\iemocap_cnn\src\visual\..\..\features\frames\Ses01F_script02_1\2.jpg,1
C:\EPICS26\iemocap_cnn\src\visual\..\..\features\frames\Ses01F_script02_1\7.jpg,3
C:\EPICS26\iemocap_cnn\src\visual\..\..\features\frames\Ses01F_script02_1\8.jpg,3
C:\EPICS26\iemocap_cnn\src\visual\..\..\features\frames\Ses01F_script02_1\9.jpg,3
C:\EPICS26\iemocap_cnn\src\visual\..\..\features\frames\Ses01F_script02_1\10.jpg,3
C:\EPICS26\iemocap_cnn\src\visual\..\..\features\frames\Ses01F_script02_1\11.jpg,3
C:\EPICS26\iemocap_cnn\src\visual\..\..\features\frames\Ses01F_script02_1\13.jpg,3
C:\EPICS26\iemocap_cnn\src\visual\..\..\features\frames\Ses01F_script02_1\14.jpg,3
C:\EPICS26\iemocap_cnn\src\visual\..\..\features\frames\Ses01F_script02_1\15.jpg,3
C:\EPICS26\iemocap_cnn\src\visual\..\..\features\frames\Ses01F_script02_1\16.jpg,1
C:\EPICS26\iemocap_cnn\src\visual\..\..\features\frames\Ses01F_script02_1\20.jpg,3
C:\EPICS26\iemocap_cnn\src\visual\..\..\features\frames\Ses01F_script02_1\21.jpg,3
C:\EPICS26\iemocap_cnn\src\visual\..\..\features\frames\Ses01F_script02_1\23.jpg,3
C:\EPICS26\iemocap_cnn\src\visual\..\..\features\frames\Ses01F_script02_1\24.jpg,3
C:\EPICS26\iemocap_cnn\src\visual\..\..\features\frames\Ses01F_script02_1\25.jpg,3
C:\EPICS26\iemocap_cnn\src\visual\..\..\features\frames\Ses01F_script02_1\26.jpg,3
C:\EPICS26\iemocap_cnn\src\visual\..\..\features\frames\Ses01F_script02_1\29.jpg,3
C:\EPICS26\iemocap_cnn\src\visual\..\..\features\frames\Ses01F_script02_1\31.jpg,3
C:\EPICS26\iemocap_cnn\src\visual\..\..\features\frames\Ses01F_script02_1\32.jpg,3
C:\EPICS26\iemocap_cnn\src\visual\..\..\features\frames\Ses01F_script02_1\33.jpg,3
C:\EPICS26\iemocap_cnn\src\visual\..\..\features\frames\Ses01F_script02_1\34.jpg,3
C:\EPICS26\iemocap_cnn\src\visual\..\..\features\frames\Ses01F_script02_1\35.jpg,1
C:\EPICS26\iemocap_cnn\src\visual\..\..\features\frames\Ses01F_script02_1\36.jpg,1
C:\EPICS26\iemocap_cnn\src\visual\..\..\features\frames\Ses01F_script02_1\38.jpg,1
C:\EPICS26\iemocap_cnn\src\visual\..\..\features\frames\Ses01F_script02_1\40.jpg,1
C:\EPICS26\iemocap_cnn\src\visual\..\..\features\frames\Ses01F_script02_1\43.jpg,1
C:\EPICS26\iemocap_cnn\src\visual\..\..\features\frames\Ses01F_script02_1\44.jpg,1
C:\EPICS26\iemocap_cnn\src\visual\..\..\features\frames\Ses01F_script02_2\0.jpg,3
C:\EPICS26\iemocap_cnn\src\visual\..\..\features\frames\Ses01F_script02_2\1.jpg,3
C:\EPICS26\iemocap_cnn\src\visual\..\..\features\frames\Ses01F_script02_2\6.jpg,0
C:\EPICS26\iemocap_cnn\src\visual\..\..\features\frames\Ses01F_script02_2\8.jpg,0
C:\EPICS26\iemocap_cnn\src\visual\..\..\features\frames\Ses01F_script02_2\9.jpg,0
C:\EPICS26\iemocap_cnn\src\visual\..\..\features\frames\Ses01F_script02_2\10.jpg,0
C:\EPICS26\iemocap_cnn\src\visual\..\..\features\frames\Ses01F_script02_2\15.jpg,2
C:\EPICS26\iemocap_cnn\src\visual\..\..\features\frames\Ses01F_script02_2\16.jpg,0
C:\EPICS26\iemocap_cnn\src\visual\..\..\features\frames\Ses01F_script02_2\17.jpg,3
C:\EPICS26\iemocap_cnn\src\visual\..\..\features\frames\Ses01F_script02_2\19.jpg,1
C:\EPICS26\iemocap_cnn\src\visual\..\..\features\frames\Ses01F_script02_2\22.jpg,2
C:\EPICS26\iemocap_cnn\src\visual\..\..\features\frames\Ses01F_script02_2\23.jpg,3
C:\EPICS26\iemocap_cnn\src\visual\..\..\features\frames\Ses01F_script02_2\26.jpg,3
C:\EPICS26\iemocap_cnn\src\visual\..\..\features\frames\Ses01F_script02_2\34.jpg,2
C:\EPICS26\iemocap_cnn\src\visual\..\..\features\frames\Ses01F_script02_2\35.jpg,2
C:\EPICS26\iemocap_cnn\src\visual\..\..\features\frames\Ses01F_script02_2\36.jpg,2
C:\EPICS26\iemocap_cnn\src\visual\..\..\features\frames\Ses01F_script02_2\40.jpg,2
C:\EPICS26\iemocap_cnn\src\visual\..\..\features\frames\Ses01F_script02_2\41.jpg,3
C:\EPICS26\iemocap_cnn\src\visual\..\..\features\frames\Ses01F_script02_2\42.jpg,1
C:\EPICS26\iemocap_cnn\src\visual\..\..\features\frames\Ses01F_script02_2\43.jpg,1
C:\EPICS26\iemocap_cnn\src\visual\..\..\features\frames\Ses01F_script02_2\44.jpg,1
C:\EPICS26\iemocap_cnn\src\visual\..\..\features\frames\Ses01F_script02_2\45.jpg,1
C:\EPICS26\iemocap_cnn\src\visual\..\..\features\frames\Ses01F_script02_2\46.jpg,2
C:\EPICS26\iemocap_cnn\src\visual\..\..\features\frames\Ses01F_script02_2\47.jpg,3
C:\EPICS26\iemocap_cnn\src\visual\..\..\features\frames\Ses01F_script02_2\0.jpg,1
C:\EPICS26\iemocap_cnn\src\visual\..\..\features\frames\Ses01F_script02_2\1.jpg,1
C:\EPICS26\iemocap_cnn\src\visual\..\..\features\frames\Ses01F_script02_2\2.jpg,3
C:\EPICS26\iemocap_cnn\src\visual\..\..\features\frames\Ses01F_script02_2\6.jpg,3
C:\EPICS26\iemocap_cnn\src\visual\..\..\features\frames\Ses01F_script02_2\16.jpg,3
C:\EPICS26\iemocap_cnn\src\visual\..\..\features\frames\Ses01F_script02_2\17.jpg,3
C:\EPICS26\iemocap_cnn\src\visual\..\..\features\frames\Ses01F_script02_2\19.jpg,3
C:\EPICS26\iemocap_cnn\src\visual\..\..\features\frames\Ses01F_script02_2\21.jpg,3
C:\EPICS26\iemocap_cnn\src\visual\..\..\features\frames\Ses01F_script02_2\22.jpg,3
C:\EPICS26\iemocap_cnn\src\visual\..\..\features\frames\Ses01F_script02_2\23.jpg,3
C:\EPICS26\iemocap_cnn\src\visual\..\..\features\frames\Ses01F_script02_2\24.jpg,1
C:\EPICS26\iemocap_cnn\src\visual\..\..\features\frames\Ses01F_script02_2\26.jpg,1
C:\EPICS26\iemocap_cnn\src\visual\..\..\features\frames\Ses01F_script02_2\33.jpg,3
C:\EPICS26\iemocap_cnn\src\visual\..\..\features\frames\Ses01F_script02_2\37.jpg,2
C:\EPICS26\iemocap_cnn\src\visual\..\..\features\frames\Ses01F_script02_2\38.jpg,2
C:\EPICS26\iemocap_cnn\src\visual\..\..\features\frames\Ses01F_script02_2\40.jpg,3
C:\EPICS26\iemocap_cnn\src\visual\..\..\features\frames\Ses01F_script02_2\42.jpg,3
C:\EPICS26\iemocap_cnn\src\visual\..\..\features\frames\Ses01F_script02_2\43.jpg,3
C:\EPICS26\iemocap_cnn\src\visual\..\..\features\frames\Ses01F_script02_2\44.jpg,1
C:\EPICS26\iemocap_cnn\src\visual\..\..\features\frames\Ses01F_script02_2\46.jpg,1
C:\EPICS26\iemocap_cnn\src\visual\..\..\features\frames\Ses01F_script02_2\47.jpg,3
C:\EPICS26\iemocap_cnn\src\visual\..\..\features\frames\Ses01F_script02_2\48.jpg,3
C:\EPICS26\iemocap_cnn\src\visual\..\..\features\frames\Ses01F_script02_2\49.jpg,1
C:\EPICS26\iemocap_cnn\src\visual\..\..\features\frames\Ses01F_script03_1\5.jpg,1
C:\EPICS26\iemocap_cnn\src\visual\..\..\features\frames\Ses01F_script03_1\6.jpg,1
C:\EPICS26\iemocap_cnn\src\visual\..\..\features\frames\Ses01F_script03_1\7.jpg,1
C:\EPICS26\iemocap_cnn\src\visual\..\..\features\frames\Ses01F_script03_1\10.jpg,1
C:\EPICS26\iemocap_cnn\src\visual\..\..\features\frames\Ses01F_script03_1\11.jpg,1
C:\EPICS26\iemocap_cnn\src\visual\..\..\features\frames\Ses01F_script03_1\12.jpg,1
C:\EPICS26\iemocap_cnn\src\visual\..\..\features\frames\Ses01F_script03_1\20.jpg,1
C:\EPICS26\iemocap_cnn\src\visual\..\..\features\frames\Ses01F_script03_1\21.jpg,1
C:\EPICS26\iemocap_cnn\src\visual\..\..\features\frames\Ses01F_script03_1\22.jpg,1
C:\EPICS26\iemocap_cnn\src\visual\..\..\features\frames\Ses01F_script03_1\24.jpg,1
C:\EPICS26\iemocap_cnn\src\visual\..\..\features\frames\Ses01F_script03_1\29.jpg,1
C:\EPICS26\iemocap_cnn\src\visual\..\..\features\frames\Ses01F_script03_1\30.jpg,1
C:\EPICS26\iemocap_cnn\src\visual\..\..\features\frames\Ses01F_script03_1\5.jpg,1
C:\EPICS26\iemocap_cnn\src\visual\..\..\features\frames\Ses01F_script03_1\7.jpg,1
C:\EPICS26\iemocap_cnn\src\visual\..\..\features\frames\Ses01F_script03_1\8.jpg,1
C:\EPICS26\iemocap_cnn\src\visual\..\..\features\frames\Ses01F_script03_1\9.jpg,1
C:\EPICS26\iemocap_cnn\src\visual\..\..\features\frames\Ses01F_script03_1\10.jpg,1
C:\EPICS26\iemocap_cnn\src\visual\..\..\features\frames\Ses01F_script03_1\13.jpg,1
C:\EPICS26\iemocap_cnn\src\visual\..\..\features\frames\Ses01F_script03_1\18.jpg,1
C:\EPICS26\iemocap_cnn\src\visual\..\..\features\frames\Ses01F_script03_1\21.jpg,1
C:\EPICS26\iemocap_cnn\src\visual\..\..\features\frames\Ses01F_script03_1\24.jpg,1
C:\EPICS26\iemocap_cnn\src\visual\..\..\features\frames\Ses01F_script03_1\25.jpg,1
C:\EPICS26\iemocap_cnn\src\visual\..\..\features\frames\Ses01F_script03_1\26.jpg,1
C:\EPICS26\iemocap_cnn\src\visual\..\..\features\frames\Ses01F_script03_1\34.jpg,1
C:\EPICS26\iemocap_cnn\src\visual\..\..\features\frames\Ses01F_script03_1\36.jpg,1
C:\EPICS26\iemocap_cnn\src\visual\..\..\features\frames\Ses01F_script03_1\37.jpg,1
C:\EPICS26\iemocap_cnn\src\visual\..\..\features\frames\Ses01F_script03_2\0.jpg,1
C:\EPICS26\iemocap_cnn\src\visual\..\..\features\frames\Ses01F_script03_2\1.jpg,1
C:\EPICS26\iemocap_cnn\src\visual\..\..\features\frames\Ses01F_script03_2\2.jpg,1
C:\EPICS26\iemocap_cnn\src\visual\..\..\features\frames\Ses01F_script03_2\4.jpg,3
C:\EPICS26\iemocap_cnn\src\visual\..\..\features\frames\Ses01F_script03_2\5.jpg,3
C:\EPICS26\iemocap_cnn\src\visual\..\..\features\frames\Ses01F_script03_2\13.jpg,0
C:\EPICS26\iemocap_cnn\src\visual\..\..\features\frames\Ses01F_script03_2\14.jpg,0
C:\EPICS26\iemocap_cnn\src\visual\..\..\features\frames\Ses01F_script03_2\15.jpg,0
C:\EPICS26\iemocap_cnn\src\visual\..\..\features\frames\Ses01F_script03_2\16.jpg,0
C:\EPICS26\iemocap_cnn\src\visual\..\..\features\frames\Ses01F_script03_2\17.jpg,0
C:\EPICS26\iemocap_cnn\src\visual\..\..\features\frames\Ses01F_script03_2\18.jpg,0
C:\EPICS26\iemocap_cnn\src\visual\..\..\features\frames\Ses01F_script03_2\21.jpg,0
C:\EPICS26\iemocap_cnn\src\visual\..\..\features\frames\Ses01F_script03_2\22.jpg,0
C:\EPICS26\iemocap_cnn\src\visual\..\..\features\frames\Ses01F_script03_2\23.jpg,0
C:\EPICS26\iemocap_cnn\src\visual\..\..\features\frames\Ses01F_script03_2\24.jpg,0
C:\EPICS26\iemocap_cnn\src\visual\..\..\features\frames\Ses01F_script03_2\25.jpg,0
C:\EPICS26\iemocap_cnn\src\visual\..\..\features\frames\Ses01F_script03_2\26.jpg,0
C:\EPICS26\iemocap_cnn\src\visual\..\..\features\frames\Ses01F_script03_2\27.jpg,0
C:\EPICS26\iemocap_cnn\src\visual\..\..\features\frames\Ses01F_script03_2\28.jpg,0
C:\EPICS26\iemocap_cnn\src\visual\..\..\features\frames\Ses01F_script03_2\29.jpg,0
C:\EPICS26\iemocap_cnn\src\visual\..\..\features\frames\Ses01F_script03_2\30.jpg,3
C:\EPICS26\iemocap_cnn\src\visual\..\..\features\frames\Ses01F_script03_2\31.jpg,3
C:\EPICS26\iemocap_cnn\src\visual\..\..\features\frames\Ses01F_script03_2\32.jpg,3
C:\EPICS26\iemocap_cnn\src\visual\..\..\features\frames\Ses01F_script03_2\34.jpg,0
C:\EPICS26\iemocap_cnn\src\visual\..\..\features\frames\Ses01F_script03_2\35.jpg,0
C:\EPICS26\iemocap_cnn\src\visual\..\..\features\frames\Ses01F_script03_2\36.jpg,0
C:\EPICS26\iemocap_cnn\src\visual\..\..\features\frames\Ses01F_script03_2\37.jpg,0
C:\EPICS26\iemocap_cnn\src\visual\..\..\features\frames\Ses01F_script03_2\38.jpg,0
C:\EPICS26\iemocap_cnn\src\visual\..\..\features\frames\Ses01F_script03_2\39.jpg,0
C:\EPICS26\iemocap_cnn\src\visual\..\..\features\frames\Ses01F_script03_2\40.jpg,0
C:\EPICS26\iemocap_cnn\src\visual\..\..\features\frames\Ses01F_script03_2\1.jpg,3
C:\EPICS26\iemocap_cnn\src\visual\..\..\features\frames\Ses01F_script03_2\2.jpg,3
C:\EPICS26\iemocap_cnn\src\visual\..\..\features\frames\Ses01F_script03_2\4.jpg,3
C:\EPICS26\iemocap_cnn\src\visual\..\..\features\frames\Ses01F_script03_2\7.jpg,0
C:\EPICS26\iemocap_cnn\src\visual\..\..\features\frames\Ses01F_script03_2\10.jpg,3
C:\EPICS26\iemocap_cnn\src\visual\..\..\features\frames\Ses01F_script03_2\11.jpg,3
C:\EPICS26\iemocap_cnn\src\visual\..\..\features\frames\Ses01F_script03_2\14.jpg,0
C:\EPICS26\iemocap_cnn\src\visual\..\..\features\frames\Ses01F_script03_2\16.jpg,3
C:\EPICS26\iemocap_cnn\src\visual\..\..\features\frames\Ses01F_script03_2\18.jpg,3
C:\EPICS26\iemocap_cnn\src\visual\..\..\features\frames\Ses01F_script03_2\19.jpg,3
C:\EPICS26\iemocap_cnn\src\visual\..\..\features\frames\Ses01F_script03_2\20.jpg,0
C:\EPICS26\iemocap_cnn\src\visual\..\..\features\frames\Ses01F_script03_2\21.jpg,0
C:\EPICS26\iemocap_cnn\src\visual\..\..\features\frames\Ses01F_script03_2\22.jpg,0
C:\EPICS26\iemocap_cnn\src\visual\..\..\features\frames\Ses01F_script03_2\23.jpg,0
C:\EPICS26\iemocap_cnn\src\visual\..\..\features\frames\Ses01F_script03_2\24.jpg,0
C:\EPICS26\iemocap_cnn\src\visual\..\..\features\frames\Ses01F_script03_2\25.jpg,0
C:\EPICS26\iemocap_cnn\src\visual\..\..\features\frames\Ses01F_script03_2\26.jpg,0
C:\EPICS26\iemocap_cnn\src\visual\..\..\features\frames\Ses01F_script03_2\27.jpg,0
C:\EPICS26\iemocap_cnn\src\visual\..\..\features\frames\Ses01F_script03_2\29.jpg,0
C:\EPICS26\iemocap_cnn\src\visual\..\..\features\frames\Ses01F_script03_2\30.jpg,0
C:\EPICS26\iemocap_cnn\src\visual\..\..\features\frames\Ses01F_script03_2\31.jpg,3
C:\EPICS26\iemocap_cnn\src\visual\..\..\features\frames\Ses01F_script03_2\32.jpg,0
C:\EPICS26\iemocap_cnn\src\visual\..\..\features\frames\Ses01F_script03_2\33.jpg,0
C:\EPICS26\iemocap_cnn\src\visual\..\..\features\frames\Ses01F_script03_2\34.jpg,0
C:\EPICS26\iemocap_cnn\src\visual\..\..\features\frames\Ses01F_script03_2\35.jpg,0
C:\EPICS26\iemocap_cnn\src\visual\..\..\features\frames\Ses01F_script03_2\36.jpg,0
C:\EPICS26\iemocap_cnn\src\visual\..\..\features\frames\Ses01F_script03_2\37.jpg,0
C:\EPICS26\iemocap_cnn\src\visual\..\..\features\frames\Ses01F_script03_2\38.jpg,0
C:\EPICS26\iemocap_cnn\src\visual\..\..\features\frames\Ses01F_script03_2\39.jpg,0
C:\EPICS26\iemocap_cnn\src\visual\..\..\features\frames\Ses01F_script03_2\40.jpg,0
C:\EPICS26\iemocap_cnn\src\visual\..\..\features\frames\Ses01M_impro01\0.jpg,0
C:\EPICS26\iemocap_cnn\src\visual\..\..\features\frames\Ses01M_impro01\1.jpg,0
C:\EPICS26\iemocap_cnn\src\visual\..\..\features\frames\Ses01M_impro01\7.jpg,0
C:\EPICS26\iemocap_cnn\src\visual\..\..\features\frames\Ses01M_impro01\8.jpg,0
C:\EPICS26\iemocap_cnn\src\visual\..\..\features\frames\Ses01M_impro01\11.jpg,0
C:\EPICS26\iemocap_cnn\src\visual\..\..\features\frames\Ses01M_impro01\12.jpg,0
C:\EPICS26\iemocap_cnn\src\visual\..\..\features\frames\Ses01M_impro01\19.jpg,0
C:\EPICS26\iemocap_cnn\src\visual\..\..\features\frames\Ses01M_impro01\20.jpg,0
C:\EPICS26\iemocap_cnn\src\visual\..\..\features\frames\Ses01M_impro01\21.jpg,0
C:\EPICS26\iemocap_cnn\src\visual\..\..\features\frames\Ses01M_impro01\22.jpg,0
C:\EPICS26\iemocap_cnn\src\visual\..\..\features\frames\Ses01M_impro01\24.jpg,3
C:\EPICS26\iemocap_cnn\src\visual\..\..\features\frames\Ses01M_impro01\25.jpg,3
C:\EPICS26\iemocap_cnn\src\visual\..\..\features\frames\Ses01M_impro01\3.jpg,3
C:\EPICS26\iemocap_cnn\src\visual\..\..\features\frames\Ses01M_impro01\10.jpg,3
C:\EPICS26\iemocap_cnn\src\visual\..\..\features\frames\Ses01M_impro01\20.jpg,0
C:\EPICS26\iemocap_cnn\src\visual\..\..\features\frames\Ses01M_impro01\25.jpg,0
C:\EPICS26\iemocap_cnn\src\visual\..\..\features\frames\Ses01M_impro01\30.jpg,0
C:\EPICS26\iemocap_cnn\src\visual\..\..\features\frames\Ses01M_impro01\31.jpg,0
C:\EPICS26\iemocap_cnn\src\visual\..\..\features\frames\Ses01M_impro01\32.jpg,0
C:\EPICS26\iemocap_cnn\src\visual\..\..\features\frames\Ses01M_impro02\0.jpg,3
C:\EPICS26\iemocap_cnn\src\visual\..\..\features\frames\Ses01M_impro02\9.jpg,2
C:\EPICS26\iemocap_cnn\src\visual\..\..\features\frames\Ses01M_impro02\10.jpg,2
C:\EPICS26\iemocap_cnn\src\visual\..\..\features\frames\Ses01M_impro02\13.jpg,2
C:\EPICS26\iemocap_cnn\src\visual\..\..\features\frames\Ses01M_impro02\15.jpg,2
C:\EPICS26\iemocap_cnn\src\visual\..\..\features\frames\Ses01M_impro02\17.jpg,2
C:\EPICS26\iemocap_cnn\src\visual\..\..\features\frames\Ses01M_impro02\19.jpg,2
C:\EPICS26\iemocap_cnn\src\visual\..\..\features\frames\Ses01M_impro02\0.jpg,3
C:\EPICS26\iemocap_cnn\src\visual\..\..\features\frames\Ses01M_impro02\1.jpg,2
C:\EPICS26\iemocap_cnn\src\visual\..\..\features\frames\Ses01M_impro02\2.jpg,2
C:\EPICS26\iemocap_cnn\src\visual\..\..\features\frames\Ses01M_impro02\3.jpg,2
C:\EPICS26\iemocap_cnn\src\visual\..\..\features\frames\Ses01M_impro02\7.jpg,2
C:\EPICS26\iemocap_cnn\src\visual\..\..\features\frames\Ses01M_impro02\9.jpg,2
C:\EPICS26\iemocap_cnn\src\visual\..\..\features\frames\Ses01M_impro02\10.jpg,2
C:\EPICS26\iemocap_cnn\src\visual\..\..\features\frames\Ses01M_impro02\11.jpg,2
C:\EPICS26\iemocap_cnn\src\visual\..\..\features\frames\Ses01M_impro02\12.jpg,2
C:\EPICS26\iemocap_cnn\src\visual\..\..\features\frames\Ses01M_impro02\13.jpg,2
C:\EPICS26\iemocap_cnn\src\visual\..\..\features\frames\Ses01M_impro02\14.jpg,2
C:\EPICS26\iemocap_cnn\src\visual\..\..\features\frames\Ses01M_impro02\15.jpg,2
C:\EPICS26\iemocap_cnn\src\visual\..\..\features\frames\Ses01M_impro02\16.jpg,2
C:\EPICS26\iemocap_cnn\src\visual\..\..\features\frames\Ses01M_impro02\17.jpg,2
C:\EPICS26\iemocap_cnn\src\visual\..\..\features\frames\Ses01M_impro02\18.jpg,2
C:\EPICS26\iemocap_cnn\src\visual\..\..\features\frames\Ses01M_impro02\19.jpg,2
C:\EPICS26\iemocap_cnn\src\visual\..\..\features\frames\Ses01M_impro02\20.jpg,2
C:\EPICS26\iemocap_cnn\src\visual\..\..\features\frames\Ses01M_impro02\21.jpg,2
C:\EPICS26\iemocap_cnn\src\visual\..\..\features\frames\Ses01M_impro02\22.jpg,2
C:\EPICS26\iemocap_cnn\src\visual\..\..\features\frames\Ses01M_impro02\23.jpg,2
C:\EPICS26\iemocap_cnn\src\visual\..\..\features\frames\Ses01M_impro02\25.jpg,2
C:\EPICS26\iemocap_cnn\src\visual\..\..\features\frames\Ses01M_impro03\2.jpg,1
C:\EPICS26\iemocap_cnn\src\visual\..\..\features\frames\Ses01M_impro03\3.jpg,1
C:\EPICS26\iemocap_cnn\src\visual\..\..\features\frames\Ses01M_impro03\4.jpg,1
C:\EPICS26\iemocap_cnn\src\visual\..\..\features\frames\Ses01M_impro03\5.jpg,1
C:\EPICS26\iemocap_cnn\src\visual\..\..\features\frames\Ses01M_impro03\6.jpg,1
C:\EPICS26\iemocap_cnn\src\visual\..\..\features\frames\Ses01M_impro03\7.jpg,1
C:\EPICS26\iemocap_cnn\src\visual\..\..\features\frames\Ses01M_impro03\8.jpg,1
C:\EPICS26\iemocap_cnn\src\visual\..\..\features\frames\Ses01M_impro03\9.jpg,1
C:\EPICS26\iemocap_cnn\src\visual\..\..\features\frames\Ses01M_impro03\10.jpg,1
C:\EPICS26\iemocap_cnn\src\visual\..\..\features\frames\Ses01M_impro03\11.jpg,1
C:\EPICS26\iemocap_cnn\src\visual\..\..\features\frames\Ses01M_impro03\12.jpg,1
C:\EPICS26\iemocap_cnn\src\visual\..\..\features\frames\Ses01M_impro03\13.jpg,1
C:\EPICS26\iemocap_cnn\src\visual\..\..\features\frames\Ses01M_impro03\14.jpg,1
C:\EPICS26\iemocap_cnn\src\visual\..\..\features\frames\Ses01M_impro03\15.jpg,1
C:\EPICS26\iemocap_cnn\src\visual\..\..\features\frames\Ses01M_impro03\16.jpg,1
C:\EPICS26\iemocap_cnn\src\visual\..\..\features\frames\Ses01M_impro03\17.jpg,3
C:\EPICS26\iemocap_cnn\src\visual\..\..\features\frames\Ses01M_impro03\18.jpg,3
C:\EPICS26\iemocap_cnn\src\visual\..\..\features\frames\Ses01M_impro03\19.jpg,1
C:\EPICS26\iemocap_cnn\src\visual\..\..\features\frames\Ses01M_impro03\20.jpg,1
C:\EPICS26\iemocap_cnn\src\visual\..\..\features\frames\Ses01M_impro03\21.jpg,3
C:\EPICS26\iemocap_cnn\src\visual\..\..\features\frames\Ses01M_impro03\22.jpg,1
C:\EPICS26\iemocap_cnn\src\visual\..\..\features\frames\Ses01M_impro03\23.jpg,1
C:\EPICS26\iemocap_cnn\src\visual\..\..\features\frames\Ses01M_impro03\24.jpg,1
C:\EPICS26\iemocap_cnn\src\visual\..\..\features\frames\Ses01M_impro03\25.jpg,1
C:\EPICS26\iemocap_cnn\src\visual\..\..\features\frames\Ses01M_impro03\26.jpg,1
C:\EPICS26\iemocap_cnn\src\visual\..\..\features\frames\Ses01M_impro03\0.jpg,1
C:\EPICS26\iemocap_cnn\src\visual\..\..\features\frames\Ses01M_impro03\1.jpg,1
C:\EPICS26\iemocap_cnn\src\visual\..\..\features\frames\Ses01M_impro03\3.jpg,3
C:\EPICS26\iemocap_cnn\src\visual\..\..\features\frames\Ses01M_impro03\4.jpg,1
C:\EPICS26\iemocap_cnn\src\visual\..\..\features\frames\Ses01M_impro03\5.jpg,1
C:\EPICS26\iemocap_cnn\src\visual\..\..\features\frames\Ses01M_impro03\6.jpg,3
C:\EPICS26\iemocap_cnn\src\visual\..\..\features\frames\Ses01M_impro03\7.jpg,1
C:\EPICS26\iemocap_cnn\src\visual\..\..\features\frames\Ses01M_impro03\8.jpg,1
C:\EPICS26\iemocap_cnn\src\visual\..\..\features\frames\Ses01M_impro03\10.jpg,1
C:\EPICS26\iemocap_cnn\src\visual\..\..\features\frames\Ses01M_impro03\11.jpg,1
C:\EPICS26\iemocap_cnn\src\visual\..\..\features\frames\Ses01M_impro03\12.jpg,1
C:\EPICS26\iemocap_cnn\src\visual\..\..\features\frames\Ses01M_impro03\13.jpg,1
C:\EPICS26\iemocap_cnn\src\visual\..\..\features\frames\Ses01M_impro03\14.jpg,3
C:\EPICS26\iemocap_cnn\src\visual\..\..\features\frames\Ses01M_impro03\15.jpg,1
C:\EPICS26\iemocap_cnn\src\visual\..\..\features\frames\Ses01M_impro03\16.jpg,1
C:\EPICS26\iemocap_cnn\src\visual\..\..\features\frames\Ses01M_impro03\17.jpg,1
C:\EPICS26\iemocap_cnn\src\visual\..\..\features\frames\Ses01M_impro03\18.jpg,3
C:\EPICS26\iemocap_cnn\src\visual\..\..\features\frames\Ses01M_impro03\19.jpg,1
C:\EPICS26\iemocap_cnn\src\visual\..\..\features\frames\Ses01M_impro03\20.jpg,1
C:\EPICS26\iemocap_cnn\src\visual\..\..\features\frames\Ses01M_impro03\21.jpg,3
C:\EPICS26\iemocap_cnn\src\visual\..\..\features\frames\Ses01M_impro03\22.jpg,1
C:\EPICS26\iemocap_cnn\src\visual\..\..\features\frames\Ses01M_impro03\23.jpg,1
C:\EPICS26\iemocap_cnn\src\visual\..\..\features\frames\Ses01M_impro03\24.jpg,1
C:\EPICS26\iemocap_cnn\src\visual\..\..\features\frames\Ses01M_impro04\0.jpg,3
C:\EPICS26\iemocap_cnn\src\visual\..\..\features\frames\Ses01M_impro04\2.jpg,3
C:\EPICS26\iemocap_cnn\src\visual\..\..\features\frames\Ses01M_impro04\3.jpg,3
C:\EPICS26\iemocap_cnn\src\visual\..\..\features\frames\Ses01M_impro04\4.jpg,3
C:\EPICS26\iemocap_cnn\src\visual\..\..\features\frames\Ses01M_impro04\5.jpg,3
C:\EPICS26\iemocap_cnn\src\visual\..\..\features\frames\Ses01M_impro04\6.jpg,3
C:\EPICS26\iemocap_cnn\src\visual\..\..\features\frames\Ses01M_impro04\7.jpg,3
C:\EPICS26\iemocap_cnn\src\visual\..\..\features\frames\Ses01M_impro04\8.jpg,3
C:\EPICS26\iemocap_cnn\src\visual\..\..\features\frames\Ses01M_impro04\9.jpg,3
C:\EPICS26\iemocap_cnn\src\visual\..\..\features\frames\Ses01M_impro04\10.jpg,3
C:\EPICS26\iemocap_cnn\src\visual\..\..\features\frames\Ses01M_impro04\11.jpg,3
C:\EPICS26\iemocap_cnn\src\visual\..\..\features\frames\Ses01M_impro04\12.jpg,3
C:\EPICS26\iemocap_cnn\src\visual\..\..\features\frames\Ses01M_impro04\13.jpg,3
C:\EPICS26\iemocap_cnn\src\visual\..\..\features\frames\Ses01M_impro04\14.jpg,3
C:\EPICS26\iemocap_cnn\src\visual\..\..\features\frames\Ses01M_impro04\15.jpg,3
C:\EPICS26\iemocap_cnn\src\visual\..\..\features\frames\Ses01M_impro04\16.jpg,3
C:\EPICS26\iemocap_cnn\src\visual\..\..\features\frames\Ses01M_impro04\17.jpg,3
C:\EPICS26\iemocap_cnn\src\visual\..\..\features\frames\Ses01M_impro04\18.jpg,3
C:\EPICS26\iemocap_cnn\src\visual\..\..\features\frames\Ses01M_impro04\19.jpg,3
C:\EPICS26\iemocap_cnn\src\visual\..\..\features\frames\Ses01M_impro04\20.jpg,3
C:\EPICS26\iemocap_cnn\src\visual\..\..\features\frames\Ses01M_impro04\21.jpg,3
C:\EPICS26\iemocap_cnn\src\visual\..\..\features\frames\Ses01M_impro04\22.jpg,3
C:\EPICS26\iemocap_cnn\src\visual\..\..\features\frames\Ses01M_impro04\23.jpg,3
C:\EPICS26\iemocap_cnn\src\visual\..\..\features\frames\Ses01M_impro04\25.jpg,3
C:\EPICS26\iemocap_cnn\src\visual\..\..\features\frames\Ses01M_impro04\14.jpg,0
C:\EPICS26\iemocap_cnn\src\visual\..\..\features\frames\Ses01M_impro04\18.jpg,0
C:\EPICS26\iemocap_cnn\src\visual\..\..\features\frames\Ses01M_impro04\23.jpg,0
C:\EPICS26\iemocap_cnn\src\visual\..\..\features\frames\Ses01M_impro04\25.jpg,3
C:\EPICS26\iemocap_cnn\src\visual\..\..\features\frames\Ses01M_impro05\0.jpg,3
C:\EPICS26\iemocap_cnn\src\visual\..\..\features\frames\Ses01M_impro05\1.jpg,3
C:\EPICS26\iemocap_cnn\src\visual\..\..\features\frames\Ses01M_impro05\2.jpg,3
C:\EPICS26\iemocap_cnn\src\visual\..\..\features\frames\Ses01M_impro05\3.jpg,3
C:\EPICS26\iemocap_cnn\src\visual\..\..\features\frames\Ses01M_impro05\4.jpg,3
C:\EPICS26\iemocap_cnn\src\visual\..\..\features\frames\Ses01M_impro05\5.jpg,3
C:\EPICS26\iemocap_cnn\src\visual\..\..\features\frames\Ses01M_impro05\6.jpg,3
C:\EPICS26\iemocap_cnn\src\visual\..\..\features\frames\Ses01M_impro05\7.jpg,3
C:\EPICS26\iemocap_cnn\src\visual\..\..\features\frames\Ses01M_impro05\11.jpg,3
C:\EPICS26\iemocap_cnn\src\visual\..\..\features\frames\Ses01M_impro05\12.jpg,3
C:\EPICS26\iemocap_cnn\src\visual\..\..\features\frames\Ses01M_impro05\13.jpg,3
C:\EPICS26\iemocap_cnn\src\visual\..\..\features\frames\Ses01M_impro05\14.jpg,3
C:\EPICS26\iemocap_cnn\src\visual\..\..\features\frames\Ses01M_impro05\15.jpg,3
C:\EPICS26\iemocap_cnn\src\visual\..\..\features\frames\Ses01M_impro05\16.jpg,3
C:\EPICS26\iemocap_cnn\src\visual\..\..\features\frames\Ses01M_impro05\17.jpg,3
C:\EPICS26\iemocap_cnn\src\visual\..\..\features\frames\Ses01M_impro05\18.jpg,3
C:\EPICS26\iemocap_cnn\src\visual\..\..\features\frames\Ses01M_impro05\19.jpg,3
C:\EPICS26\iemocap_cnn\src\visual\..\..\features\frames\Ses01M_impro05\20.jpg,3
C:\EPICS26\iemocap_cnn\src\visual\..\..\features\frames\Ses01M_impro05\21.jpg,3
C:\EPICS26\iemocap_cnn\src\visual\..\..\features\frames\Ses01M_impro05\22.jpg,3
C:\EPICS26\iemocap_cnn\src\visual\..\..\features\frames\Ses01M_impro05\23.jpg,3
C:\EPICS26\iemocap_cnn\src\visual\..\..\features\frames\Ses01M_impro05\24.jpg,3
C:\EPICS26\iemocap_cnn\src\visual\..\..\features\frames\Ses01M_impro05\25.jpg,3
C:\EPICS26\iemocap_cnn\src\visual\..\..\features\frames\Ses01M_impro05\26.jpg,3
C:\EPICS26\iemocap_cnn\src\visual\..\..\features\frames\Ses01M_impro05\27.jpg,3
C:\EPICS26\iemocap_cnn\src\visual\..\..\features\frames\Ses01M_impro05\28.jpg,3
C:\EPICS26\iemocap_cnn\src\visual\..\..\features\frames\Ses01M_impro05\29.jpg,3
C:\EPICS26\iemocap_cnn\src\visual\..\..\features\frames\Ses01M_impro05\30.jpg,3
C:\EPICS26\iemocap_cnn\src\visual\..\..\features\frames\Ses01M_impro05\31.jpg,3
C:\EPICS26\iemocap_cnn\src\visual\..\..\features\frames\Ses01M_impro05\32.jpg,3
C:\EPICS26\iemocap_cnn\src\visual\..\..\features\frames\Ses01M_impro05\33.jpg,3
C:\EPICS26\iemocap_cnn\src\visual\..\..\features\frames\Ses01M_impro05\34.jpg,3
C:\EPICS26\iemocap_cnn\src\visual\..\..\features\frames\Ses01M_impro05\4.jpg,0
C:\EPICS26\iemocap_cnn\src\visual\..\..\features\frames\Ses01M_impro05\5.jpg,0
C:\EPICS26\iemocap_cnn\src\visual\..\..\features\frames\Ses01M_impro05\6.jpg,0
C:\EPICS26\iemocap_cnn\src\visual\..\..\features\frames\Ses01M_impro05\7.jpg,0
C:\EPICS26\iemocap_cnn\src\visual\..\..\features\frames\Ses01M_impro05\8.jpg,0
C:\EPICS26\iemocap_cnn\src\visual\..\..\features\frames\Ses01M_impro05\15.jpg,3
C:\EPICS26\iemocap_cnn\src\visual\..\..\features\frames\Ses01M_impro05\20.jpg,0
C:\EPICS26\iemocap_cnn\src\visual\..\..\features\frames\Ses01M_impro05\21.jpg,0
C:\EPICS26\iemocap_cnn\src\visual\..\..\features\frames\Ses01M_impro05\22.jpg,0
C:\EPICS26\iemocap_cnn\src\visual\..\..\features\frames\Ses01M_impro05\23.jpg,0
C:\EPICS26\iemocap_cnn\src\visual\..\..\features\frames\Ses01M_impro05\24.jpg,0
C:\EPICS26\iemocap_cnn\src\visual\..\..\features\frames\Ses01M_impro05\25.jpg,0
C:\EPICS26\iemocap_cnn\src\visual\..\..\features\frames\Ses01M_impro05\26.jpg,0
C:\EPICS26\iemocap_cnn\src\visual\..\..\features\frames\Ses01M_impro05\27.jpg,0
C:\EPICS26\iemocap_cnn\src\visual\..\..\features\frames\Ses01M_impro05\28.jpg,0
C:\EPICS26\iemocap_cnn\src\visual\..\..\features\frames\Ses01M_impro05\31.jpg,0
C:\EPICS26\iemocap_cnn\src\visual\..\..\features\frames\Ses01M_impro06\0.jpg,3
C:\EPICS26\iemocap_cnn\src\visual\..\..\features\frames\Ses01M_impro06\1.jpg,3
C:\EPICS26\iemocap_cnn\src\visual\..\..\features\frames\Ses01M_impro06\2.jpg,3
C:\EPICS26\iemocap_cnn\src\visual\..\..\features\frames\Ses01M_impro06\3.jpg,2
C:\EPICS26\iemocap_cnn\src\visual\..\..\features\frames\Ses01M_impro06\4.jpg,2
C:\EPICS26\iemocap_cnn\src\visual\..\..\features\frames\Ses01M_impro06\5.jpg,2
C:\EPICS26\iemocap_cnn\src\visual\..\..\features\frames\Ses01M_impro06\6.jpg,2
C:\EPICS26\iemocap_cnn\src\visual\..\..\features\frames\Ses01M_impro06\7.jpg,3
C:\EPICS26\iemocap_cnn\src\visual\..\..\features\frames\Ses01M_impro06\8.jpg,3
C:\EPICS26\iemocap_cnn\src\visual\..\..\features\frames\Ses01M_impro06\9.jpg,3
C:\EPICS26\iemocap_cnn\src\visual\..\..\features\frames\Ses01M_impro06\10.jpg,3
C:\EPICS26\iemocap_cnn\src\visual\..\..\features\frames\Ses01M_impro06\11.jpg,3
C:\EPICS26\iemocap_cnn\src\visual\..\..\features\frames\Ses01M_impro06\12.jpg,3
C:\EPICS26\iemocap_cnn\src\visual\..\..\features\frames\Ses01M_impro06\13.jpg,3
C:\EPICS26\iemocap_cnn\src\visual\..\..\features\frames\Ses01M_impro06\14.jpg,3
C:\EPICS26\iemocap_cnn\src\visual\..\..\features\frames\Ses01M_impro06\15.jpg,3
C:\EPICS26\iemocap_cnn\src\visual\..\..\features\frames\Ses01M_impro06\16.jpg,3
C:\EPICS26\iemocap_cnn\src\visual\..\..\features\frames\Ses01M_impro06\17.jpg,3
C:\EPICS26\iemocap_cnn\src\visual\..\..\features\frames\Ses01M_impro06\18.jpg,3
C:\EPICS26\iemocap_cnn\src\visual\..\..\features\frames\Ses01M_impro06\19.jpg,3
C:\EPICS26\iemocap_cnn\src\visual\..\..\features\frames\Ses01M_impro06\20.jpg,3
C:\EPICS26\iemocap_cnn\src\visual\..\..\features\frames\Ses01M_impro06\21.jpg,3
C:\EPICS26\iemocap_cnn\src\visual\..\..\features\frames\Ses01M_impro06\22.jpg,3
C:\EPICS26\iemocap_cnn\src\visual\..\..\features\frames\Ses01M_impro06\23.jpg,3
C:\EPICS26\iemocap_cnn\src\visual\..\..\features\frames\Ses01M_impro06\24.jpg,3
C:\EPICS26\iemocap_cnn\src\visual\..\..\features\frames\Ses01M_impro06\25.jpg,3
C:\EPICS26\iemocap_cnn\src\visual\..\..\features\frames\Ses01M_impro06\26.jpg,3
C:\EPICS26\iemocap_cnn\src\visual\..\..\features\frames\Ses01M_impro06\27.jpg,3
C:\EPICS26\iemocap_cnn\src\visual\..\..\features\frames\Ses01M_impro06\28.jpg,3
C:\EPICS26\iemocap_cnn\src\visual\..\..\features\frames\Ses01M_impro06\0.jpg,2
C:\EPICS26\iemocap_cnn\src\visual\..\..\features\frames\Ses01M_impro06\1.jpg,2
C:\EPICS26\iemocap_cnn\src\visual\..\..\features\frames\Ses01M_impro06\2.jpg,2
C:\EPICS26\iemocap_cnn\src\visual\..\..\features\frames\Ses01M_impro06\3.jpg,2
C:\EPICS26\iemocap_cnn\src\visual\..\..\features\frames\Ses01M_impro06\4.jpg,2
C:\EPICS26\iemocap_cnn\src\visual\..\..\features\frames\Ses01M_impro06\5.jpg,2
C:\EPICS26\iemocap_cnn\src\visual\..\..\features\frames\Ses01M_impro06\6.jpg,2
C:\EPICS26\iemocap_cnn\src\visual\..\..\features\frames\Ses01M_impro06\7.jpg,2
C:\EPICS26\iemocap_cnn\src\visual\..\..\features\frames\Ses01M_impro06\8.jpg,2
C:\EPICS26\iemocap_cnn\src\visual\..\..\features\frames\Ses01M_impro06\9.jpg,2
C:\EPICS26\iemocap_cnn\src\visual\..\..\features\frames\Ses01M_impro06\10.jpg,2
C:\EPICS26\iemocap_cnn\src\visual\..\..\features\frames\Ses01M_impro06\11.jpg,2
C:\EPICS26\iemocap_cnn\src\visual\..\..\features\frames\Ses01M_impro06\12.jpg,2
C:\EPICS26\iemocap_cnn\src\visual\..\..\features\frames\Ses01M_impro06\13.jpg,2
C:\EPICS26\iemocap_cnn\src\visual\..\..\features\frames\Ses01M_impro06\14.jpg,2
C:\EPICS26\iemocap_cnn\src\visual\..\..\features\frames\Ses01M_impro06\15.jpg,2
C:\EPICS26\iemocap_cnn\src\visual\..\..\features\frames\Ses01M_impro06\16.jpg,2
C:\EPICS26\iemocap_cnn\src\visual\..\..\features\frames\Ses01M_impro06\17.jpg,2
C:\EPICS26\iemocap_cnn\src\visual\..\..\features\frames\Ses01M_impro06\18.jpg,2
C:\EPICS26\iemocap_cnn\src\visual\..\..\features\frames\Ses01M_impro06\19.jpg,2
C:\EPICS26\iemocap_cnn\src\visual\..\..\features\frames\Ses01M_impro06\20.jpg,2
C:\EPICS26\iemocap_cnn\src\visual\..\..\features\frames\Ses01M_impro06\21.jpg,2
C:\EPICS26\iemocap_cnn\src\visual\..\..\features\frames\Ses01M_impro06\22.jpg,2
C:\EPICS26\iemocap_cnn\src\visual\..\..\features\frames\Ses01M_impro06\23.jpg,2
C:\EPICS26\iemocap_cnn\src\visual\..\..\features\frames\Ses01M_impro06\24.jpg,2
C:\EPICS26\iemocap_cnn\src\visual\..\..\features\frames\Ses01M_impro06\25.jpg,2
C:\EPICS26\iemocap_cnn\src\visual\..\..\features\frames\Ses01M_impro06\26.jpg,2
C:\EPICS26\iemocap_cnn\src\visual\..\..\features\frames\Ses01M_impro06\27.jpg,2
C:\EPICS26\iemocap_cnn\src\visual\..\..\features\frames\Ses01M_impro06\28.jpg,2
C:\EPICS26\iemocap_cnn\src\visual\..\..\features\frames\Ses01M_impro06\29.jpg,2
C:\EPICS26\iemocap_cnn\src\visual\..\..\features\frames\Ses01M_impro06\30.jpg,2
C:\EPICS26\iemocap_cnn\src\visual\..\..\features\frames\Ses01M_impro07\0.jpg,3
C:\EPICS26\iemocap_cnn\src\visual\..\..\features\frames\Ses01M_impro07\1.jpg,1
C:\EPICS26\iemocap_cnn\src\visual\..\..\features\frames\Ses01M_impro07\3.jpg,1
C:\EPICS26\iemocap_cnn\src\visual\..\..\features\frames\Ses01M_impro07\4.jpg,1
C:\EPICS26\iemocap_cnn\src\visual\..\..\features\frames\Ses01M_impro07\5.jpg,1
C:\EPICS26\iemocap_cnn\src\visual\..\..\features\frames\Ses01M_impro07\6.jpg,1
C:\EPICS26\iemocap_cnn\src\visual\..\..\features\frames\Ses01M_impro07\7.jpg,1
C:\EPICS26\iemocap_cnn\src\visual\..\..\features\frames\Ses01M_impro07\8.jpg,1
C:\EPICS26\iemocap_cnn\src\visual\..\..\features\frames\Ses01M_impro07\9.jpg,1
C:\EPICS26\iemocap_cnn\src\visual\..\..\features\frames\Ses01M_impro07\10.jpg,3
C:\EPICS26\iemocap_cnn\src\visual\..\..\features\frames\Ses01M_impro07\11.jpg,1
C:\EPICS26\iemocap_cnn\src\visual\..\..\features\frames\Ses01M_impro07\12.jpg,3
C:\EPICS26\iemocap_cnn\src\visual\..\..\features\frames\Ses01M_impro07\13.jpg,1
C:\EPICS26\iemocap_cnn\src\visual\..\..\features\frames\Ses01M_impro07\14.jpg,1
C:\EPICS26\iemocap_cnn\src\visual\..\..\features\frames\Ses01M_impro07\15.jpg,1
C:\EPICS26\iemocap_cnn\src\visual\..\..\features\frames\Ses01M_impro07\16.jpg,1
C:\EPICS26\iemocap_cnn\src\visual\..\..\features\frames\Ses01M_impro07\18.jpg,1
C:\EPICS26\iemocap_cnn\src\visual\..\..\features\frames\Ses01M_impro07\20.jpg,3
C:\EPICS26\iemocap_cnn\src\visual\..\..\features\frames\Ses01M_impro07\21.jpg,1
C:\EPICS26\iemocap_cnn\src\visual\..\..\features\frames\Ses01M_impro07\22.jpg,1
C:\EPICS26\iemocap_cnn\src\visual\..\..\features\frames\Ses01M_impro07\23.jpg,1
C:\EPICS26\iemocap_cnn\src\visual\..\..\features\frames\Ses01M_impro07\24.jpg,1
C:\EPICS26\iemocap_cnn\src\visual\..\..\features\frames\Ses01M_impro07\25.jpg,1
C:\EPICS26\iemocap_cnn\src\visual\..\..\features\frames\Ses01M_impro07\26.jpg,1
C:\EPICS26\iemocap_cnn\src\visual\..\..\features\frames\Ses01M_impro07\27.jpg,1
C:\EPICS26\iemocap_cnn\src\visual\..\..\features\frames\Ses01M_impro07\33.jpg,1
C:\EPICS26\iemocap_cnn\src\visual\..\..\features\frames\Ses01M_impro07\34.jpg,1
C:\EPICS26\iemocap_cnn\src\visual\..\..\features\frames\Ses01M_impro07\0.jpg,1
C:\EPICS26\iemocap_cnn\src\visual\..\..\features\frames\Ses01M_impro07\1.jpg,1
C:\EPICS26\iemocap_cnn\src\visual\..\..\features\frames\Ses01M_impro07\2.jpg,1
C:\EPICS26\iemocap_cnn\src\visual\..\..\features\frames\Ses01M_impro07\3.jpg,1
C:\EPICS26\iemocap_cnn\src\visual\..\..\features\frames\Ses01M_impro07\4.jpg,1
C:\EPICS26\iemocap_cnn\src\visual\..\..\features\frames\Ses01M_impro07\5.jpg,1
C:\EPICS26\iemocap_cnn\src\visual\..\..\features\frames\Ses01M_impro07\6.jpg,1
C:\EPICS26\iemocap_cnn\src\visual\..\..\features\frames\Ses01M_impro07\7.jpg,1
C:\EPICS26\iemocap_cnn\src\visual\..\..\features\frames\Ses01M_impro07\8.jpg,1
C:\EPICS26\iemocap_cnn\src\visual\..\..\features\frames\Ses01M_impro07\9.jpg,1
C:\EPICS26\iemocap_cnn\src\visual\..\..\features\frames\Ses01M_impro07\10.jpg,1
C:\EPICS26\iemocap_cnn\src\visual\..\..\features\frames\Ses01M_impro07\11.jpg,1
C:\EPICS26\iemocap_cnn\src\visual\..\..\features\frames\Ses01M_impro07\13.jpg,1
C:\EPICS26\iemocap_cnn\src\visual\..\..\features\frames\Ses01M_impro07\17.jpg,1
C:\EPICS26\iemocap_cnn\src\visual\..\..\features\frames\Ses01M_impro07\18.jpg,1
C:\EPICS26\iemocap_cnn\src\visual\..\..\features\frames\Ses01M_impro07\19.jpg,1
C:\EPICS26\iemocap_cnn\src\visual\..\..\features\frames\Ses01M_impro07\20.jpg,3
C:\EPICS26\iemocap_cnn\src\visual\..\..\features\frames\Ses01M_impro07\24.jpg,1
C:\EPICS26\iemocap_cnn\src\visual\..\..\features\frames\Ses01M_impro07\26.jpg,3
C:\EPICS26\iemocap_cnn\src\visual\..\..\features\frames\Ses01M_impro07\30.jpg,3
C:\EPICS26\iemocap_cnn\src\visual\..\..\features\frames\Ses01M_impro07\32.jpg,1
C:\EPICS26\iemocap_cnn\src\visual\..\..\features\frames\Ses01M_impro07\33.jpg,1
C:\EPICS26\iemocap_cnn\src\visual\..\..\features\frames\Ses01M_script01_1\4.jpg,2
C:\EPICS26\iemocap_cnn\src\visual\..\..\features\frames\Ses01M_script01_1\5.jpg,2
C:\EPICS26\iemocap_cnn\src\visual\..\..\features\frames\Ses01M_script01_1\6.jpg,2
C:\EPICS26\iemocap_cnn\src\visual\..\..\features\frames\Ses01M_script01_1\8.jpg,0
C:\EPICS26\iemocap_cnn\src\visual\..\..\features\frames\Ses01M_script01_1\11.jpg,0
C:\EPICS26\iemocap_cnn\src\visual\..\..\features\frames\Ses01M_script01_1\14.jpg,0
C:\EPICS26\iemocap_cnn\src\visual\..\..\features\frames\Ses01M_script01_1\15.jpg,0
C:\EPICS26\iemocap_cnn\src\visual\..\..\features\frames\Ses01M_script01_1\16.jpg,0
C:\EPICS26\iemocap_cnn\src\visual\..\..\features\frames\Ses01M_script01_1\17.jpg,0
C:\EPICS26\iemocap_cnn\src\visual\..\..\features\frames\Ses01M_script01_1\20.jpg,0
C:\EPICS26\iemocap_cnn\src\visual\..\..\features\frames\Ses01M_script01_1\23.jpg,0
C:\EPICS26\iemocap_cnn\src\visual\..\..\features\frames\Ses01M_script01_1\24.jpg,0
C:\EPICS26\iemocap_cnn\src\visual\..\..\features\frames\Ses01M_script01_1\25.jpg,3
C:\EPICS26\iemocap_cnn\src\visual\..\..\features\frames\Ses01M_script01_1\26.jpg,3
C:\EPICS26\iemocap_cnn\src\visual\..\..\features\frames\Ses01M_script01_1\29.jpg,0
C:\EPICS26\iemocap_cnn\src\visual\..\..\features\frames\Ses01M_script01_1\30.jpg,0
C:\EPICS26\iemocap_cnn\src\visual\..\..\features\frames\Ses01M_script01_1\31.jpg,2
C:\EPICS26\iemocap_cnn\src\visual\..\..\features\frames\Ses01M_script01_1\32.jpg,0
C:\EPICS26\iemocap_cnn\src\visual\..\..\features\frames\Ses01M_script01_1\35.jpg,0
C:\EPICS26\iemocap_cnn\src\visual\..\..\features\frames\Ses01M_script01_1\36.jpg,0
C:\EPICS26\iemocap_cnn\src\visual\..\..\features\frames\Ses01M_script01_1\37.jpg,0
C:\EPICS26\iemocap_cnn\src\visual\..\..\features\frames\Ses01M_script01_1\39.jpg,0
C:\EPICS26\iemocap_cnn\src\visual\..\..\features\frames\Ses01M_script01_1\40.jpg,0
C:\EPICS26\iemocap_cnn\src\visual\..\..\features\frames\Ses01M_script01_1\41.jpg,0
C:\EPICS26\iemocap_cnn\src\visual\..\..\features\frames\Ses01M_script01_1\42.jpg,0
C:\EPICS26\iemocap_cnn\src\visual\..\..\features\frames\Ses01M_script01_1\43.jpg,0
C:\EPICS26\iemocap_cnn\src\visual\..\..\features\frames\Ses01M_script01_1\0.jpg,3
C:\EPICS26\iemocap_cnn\src\visual\..\..\features\frames\Ses01M_script01_1\2.jpg,3
C:\EPICS26\iemocap_cnn\src\visual\..\..\features\frames\Ses01M_script01_1\3.jpg,2
C:\EPICS26\iemocap_cnn\src\visual\..\..\features\frames\Ses01M_script01_1\4.jpg,2
C:\EPICS26\iemocap_cnn\src\visual\..\..\features\frames\Ses01M_script01_1\5.jpg,2
C:\EPICS26\iemocap_cnn\src\visual\..\..\features\frames\Ses01M_script01_1\6.jpg,2
C:\EPICS26\iemocap_cnn\src\visual\..\..\features\frames\Ses01M_script01_1\7.jpg,2
C:\EPICS26\iemocap_cnn\src\visual\..\..\features\frames\Ses01M_script01_1\17.jpg,3
C:\EPICS26\iemocap_cnn\src\visual\..\..\features\frames\Ses01M_script01_1\20.jpg,0
C:\EPICS26\iemocap_cnn\src\visual\..\..\features\frames\Ses01M_script01_1\21.jpg,0
C:\EPICS26\iemocap_cnn\src\visual\..\..\features\frames\Ses01M_script01_1\23.jpg,0
C:\EPICS26\iemocap_cnn\src\visual\..\..\features\frames\Ses01M_script01_1\24.jpg,2
C:\EPICS26\iemocap_cnn\src\visual\..\..\features\frames\Ses01M_script01_1\34.jpg,0
C:\EPICS26\iemocap_cnn\src\visual\..\..\features\frames\Ses01M_script01_1\35.jpg,0
C:\EPICS26\iemocap_cnn\src\visual\..\..\features\frames\Ses01M_script01_1\37.jpg,3
C:\EPICS26\iemocap_cnn\src\visual\..\..\features\frames\Ses01M_script01_1\38.jpg,2
C:\EPICS26\iemocap_cnn\src\visual\..\..\features\frames\Ses01M_script01_1\40.jpg,2
C:\EPICS26\iemocap_cnn\src\visual\..\..\features\frames\Ses01M_script01_1\41.jpg,0
C:\EPICS26\iemocap_cnn\src\visual\..\..\features\frames\Ses01M_script01_1\42.jpg,2
C:\EPICS26\iemocap_cnn\src\visual\..\..\features\frames\Ses01M_script01_2\0.jpg,0
C:\EPICS26\iemocap_cnn\src\visual\..\..\features\frames\Ses01M_script01_2\1.jpg,0
C:\EPICS26\iemocap_cnn\src\visual\..\..\features\frames\Ses01M_script01_2\4.jpg,0
C:\EPICS26\iemocap_cnn\src\visual\..\..\features\frames\Ses01M_script01_2\5.jpg,0
C:\EPICS26\iemocap_cnn\src\visual\..\..\features\frames\Ses01M_script01_2\9.jpg,0
C:\EPICS26\iemocap_cnn\src\visual\..\..\features\frames\Ses01M_script01_2\11.jpg,0
C:\EPICS26\iemocap_cnn\src\visual\..\..\features\frames\Ses01M_script01_2\12.jpg,0
C:\EPICS26\iemocap_cnn\src\visual\..\..\features\frames\Ses01M_script01_2\13.jpg,0
C:\EPICS26\iemocap_cnn\src\visual\..\..\features\frames\Ses01M_script01_2\0.jpg,3
C:\EPICS26\iemocap_cnn\src\visual\..\..\features\frames\Ses01M_script01_2\1.jpg,3
C:\EPICS26\iemocap_cnn\src\visual\..\..\features\frames\Ses01M_script01_2\7.jpg,3
C:\EPICS26\iemocap_cnn\src\visual\..\..\features\frames\Ses01M_script01_2\15.jpg,0
C:\EPICS26\iemocap_cnn\src\visual\..\..\features\frames\Ses01M_script01_2\16.jpg,0
C:\EPICS26\iemocap_cnn\src\visual\..\..\features\frames\Ses01M_script01_2\17.jpg,0
C:\EPICS26\iemocap_cnn\src\visual\..\..\features\frames\Ses01M_script01_3\0.jpg,3
C:\EPICS26\iemocap_cnn\src\visual\..\..\features\frames\Ses01M_script01_3\1.jpg,3
C:\EPICS26\iemocap_cnn\src\visual\..\..\features\frames\Ses01M_script01_3\3.jpg,2
C:\EPICS26\iemocap_cnn\src\visual\..\..\features\frames\Ses01M_script01_3\4.jpg,3
C:\EPICS26\iemocap_cnn\src\visual\..\..\features\frames\Ses01M_script01_3\5.jpg,2
C:\EPICS26\iemocap_cnn\src\visual\..\..\features\frames\Ses01M_script01_3\6.jpg,2
C:\EPICS26\iemocap_cnn\src\visual\..\..\features\frames\Ses01M_script01_3\8.jpg,3
C:\EPICS26\iemocap_cnn\src\visual\..\..\features\frames\Ses01M_script01_3\12.jpg,3
C:\EPICS26\iemocap_cnn\src\visual\..\..\features\frames\Ses01M_script01_3\14.jpg,1
C:\EPICS26\iemocap_cnn\src\visual\..\..\features\frames\Ses01M_script01_3\15.jpg,1
C:\EPICS26\iemocap_cnn\src\visual\..\..\features\frames\Ses01M_script01_3\16.jpg,1
C:\EPICS26\iemocap_cnn\src\visual\..\..\features\frames\Ses01M_script01_3\18.jpg,2
C:\EPICS26\iemocap_cnn\src\visual\..\..\features\frames\Ses01M_script01_3\19.jpg,2
C:\EPICS26\iemocap_cnn\src\visual\..\..\features\frames\Ses01M_script01_3\21.jpg,2
C:\EPICS26\iemocap_cnn\src\visual\..\..\features\frames\Ses01M_script01_3\22.jpg,2
C:\EPICS26\iemocap_cnn\src\visual\..\..\features\frames\Ses01M_script01_3\23.jpg,2
C:\EPICS26\iemocap_cnn\src\visual\..\..\features\frames\Ses01M_script01_3\24.jpg,2
C:\EPICS26\iemocap_cnn\src\visual\..\..\features\frames\Ses01M_script01_3\25.jpg,2
C:\EPICS26\iemocap_cnn\src\visual\..\..\features\frames\Ses01M_script01_3\26.jpg,2
C:\EPICS26\iemocap_cnn\src\visual\..\..\features\frames\Ses01M_script01_3\30.jpg,1
C:\EPICS26\iemocap_cnn\src\visual\..\..\features\frames\Ses01M_script01_3\0.jpg,1
C:\EPICS26\iemocap_cnn\src\visual\..\..\features\frames\Ses01M_script01_3\1.jpg,1
C:\EPICS26\iemocap_cnn\src\visual\..\..\features\frames\Ses01M_script01_3\2.jpg,2
C:\EPICS26\iemocap_cnn\src\visual\..\..\features\frames\Ses01M_script01_3\4.jpg,3
C:\EPICS26\iemocap_cnn\src\visual\..\..\features\frames\Ses01M_script01_3\6.jpg,3
C:\EPICS26\iemocap_cnn\src\visual\..\..\features\frames\Ses01M_script01_3\7.jpg,3
C:\EPICS26\iemocap_cnn\src\visual\..\..\features\frames\Ses01M_script01_3\9.jpg,1
C:\EPICS26\iemocap_cnn\src\visual\..\..\features\frames\Ses01M_script01_3\14.jpg,3
C:\EPICS26\iemocap_cnn\src\visual\..\..\features\frames\Ses01M_script01_3\16.jpg,1
C:\EPICS26\iemocap_cnn\src\visual\..\..\features\frames\Ses01M_script01_3\18.jpg,1
C:\EPICS26\iemocap_cnn\src\visual\..\..\features\frames\Ses01M_script01_3\19.jpg,1
C:\EPICS26\iemocap_cnn\src\visual\..\..\features\frames\Ses01M_script01_3\20.jpg,2
C:\EPICS26\iemocap_cnn\src\visual\..\..\features\frames\Ses01M_script01_3\21.jpg,2
C:\EPICS26\iemocap_cnn\src\visual\..\..\features\frames\Ses01M_script01_3\22.jpg,2
C:\EPICS26\iemocap_cnn\src\visual\..\..\features\frames\Ses01M_script01_3\23.jpg,2
C:\EPICS26\iemocap_cnn\src\visual\..\..\features\frames\Ses01M_script01_3\24.jpg,2
C:\EPICS26\iemocap_cnn\src\visual\..\..\features\frames\Ses01M_script01_3\25.jpg,2
C:\EPICS26\iemocap_cnn\src\visual\..\..\features\frames\Ses01M_script01_3\26.jpg,2
C:\EPICS26\iemocap_cnn\src\visual\..\..\features\frames\Ses01M_script01_3\27.jpg,2
C:\EPICS26\iemocap_cnn\src\visual\..\..\features\frames\Ses01M_script01_3\28.jpg,2
C:\EPICS26\iemocap_cnn\src\visual\..\..\features\frames\Ses01M_script01_3\29.jpg,2
C:\EPICS26\iemocap_cnn\src\visual\..\..\features\frames\Ses01M_script01_3\30.jpg,2
C:\EPICS26\iemocap_cnn\src\visual\..\..\features\frames\Ses01M_script01_3\31.jpg,2
C:\EPICS26\iemocap_cnn\src\visual\..\..\features\frames\Ses01M_script01_3\32.jpg,2
C:\EPICS26\iemocap_cnn\src\visual\..\..\features\frames\Ses01M_script01_3\33.jpg,2
C:\EPICS26\iemocap_cnn\src\visual\..\..\features\frames\Ses01M_script01_3\34.jpg,2
C:\EPICS26\iemocap_cnn\src\visual\..\..\features\frames\Ses01M_script01_3\35.jpg,2
C:\EPICS26\iemocap_cnn\src\visual\..\..\features\frames\Ses01M_script01_3\36.jpg,2
C:\EPICS26\iemocap_cnn\src\visual\..\..\features\frames\Ses01M_script01_3\37.jpg,2
C:\EPICS26\iemocap_cnn\src\visual\..\..\features\frames\Ses01M_script01_3\38.jpg,2
C:\EPICS26\iemocap_cnn\src\visual\..\..\features\frames\Ses01M_script01_3\39.jpg,2
C:\EPICS26\iemocap_cnn\src\visual\..\..\features\frames\Ses01M_script01_3\40.jpg,2
C:\EPICS26\iemocap_cnn\src\visual\..\..\features\frames\Ses01M_script01_3\41.jpg,2
C:\EPICS26\iemocap_cnn\src\visual\..\..\features\frames\Ses01M_script01_3\43.jpg,1
C:\EPICS26\iemocap_cnn\src\visual\..\..\features\frames\Ses01M_script02_1\5.jpg,0
C:\EPICS26\iemocap_cnn\src\visual\..\..\features\frames\Ses01M_script02_1\7.jpg,3
C:\EPICS26\iemocap_cnn\src\visual\..\..\features\frames\Ses01M_script02_1\8.jpg,3
C:\EPICS26\iemocap_cnn\src\visual\..\..\features\frames\Ses01M_script02_1\9.jpg,1
C:\EPICS26\iemocap_cnn\src\visual\..\..\features\frames\Ses01M_script02_1\14.jpg,0
C:\EPICS26\iemocap_cnn\src\visual\..\..\features\frames\Ses01M_script02_1\17.jpg,0
C:\EPICS26\iemocap_cnn\src\visual\..\..\features\frames\Ses01M_script02_1\21.jpg,0
C:\EPICS26\iemocap_cnn\src\visual\..\..\features\frames\Ses01M_script02_1\22.jpg,0
C:\EPICS26\iemocap_cnn\src\visual\..\..\features\frames\Ses01M_script02_1\23.jpg,0
C:\EPICS26\iemocap_cnn\src\visual\..\..\features\frames\Ses01M_script02_1\0.jpg,1
C:\EPICS26\iemocap_cnn\src\visual\..\..\features\frames\Ses01M_script02_1\1.jpg,1
C:\EPICS26\iemocap_cnn\src\visual\..\..\features\frames\Ses01M_script02_1\2.jpg,1
C:\EPICS26\iemocap_cnn\src\visual\..\..\features\frames\Ses01M_script02_1\4.jpg,1
C:\EPICS26\iemocap_cnn\src\visual\..\..\features\frames\Ses01M_script02_1\5.jpg,1
C:\EPICS26\iemocap_cnn\src\visual\..\..\features\frames\Ses01M_script02_1\7.jpg,3
C:\EPICS26\iemocap_cnn\src\visual\..\..\features\frames\Ses01M_script02_1\9.jpg,3
C:\EPICS26\iemocap_cnn\src\visual\..\..\features\frames\Ses01M_script02_1\10.jpg,3
C:\EPICS26\iemocap_cnn\src\visual\..\..\features\frames\Ses01M_script02_1\11.jpg,3
C:\EPICS26\iemocap_cnn\src\visual\..\..\features\frames\Ses01M_script02_1\14.jpg,1
C:\EPICS26\iemocap_cnn\src\visual\..\..\features\frames\Ses01M_script02_1\16.jpg,1
C:\EPICS26\iemocap_cnn\src\visual\..\..\features\frames\Ses01M_script02_1\17.jpg,1
C:\EPICS26\iemocap_cnn\src\visual\..\..\features\frames\Ses01M_script02_1\22.jpg,3
C:\EPICS26\iemocap_cnn\src\visual\..\..\features\frames\Ses01M_script02_1\23.jpg,3
C:\EPICS26\iemocap_cnn\src\visual\..\..\features\frames\Ses01M_script02_1\28.jpg,0
C:\EPICS26\iemocap_cnn\src\visual\..\..\features\frames\Ses01M_script02_1\30.jpg,3
C:\EPICS26\iemocap_cnn\src\visual\..\..\features\frames\Ses01M_script02_1\31.jpg,1
C:\EPICS26\iemocap_cnn\src\visual\..\..\features\frames\Ses01M_script02_1\32.jpg,1
C:\EPICS26\iemocap_cnn\src\visual\..\..\features\frames\Ses01M_script02_1\37.jpg,3
C:\EPICS26\iemocap_cnn\src\visual\..\..\features\frames\Ses01M_script02_1\39.jpg,3
C:\EPICS26\iemocap_cnn\src\visual\..\..\features\frames\Ses01M_script02_1\40.jpg,1
C:\EPICS26\iemocap_cnn\src\visual\..\..\features\frames\Ses01M_script02_1\41.jpg,1
C:\EPICS26\iemocap_cnn\src\visual\..\..\features\frames\Ses01M_script02_1\42.jpg,1
C:\EPICS26\iemocap_cnn\src\visual\..\..\features\frames\Ses01M_script02_1\43.jpg,1
C:\EPICS26\iemocap_cnn\src\visual\..\..\features\frames\Ses01M_script02_1\44.jpg,1
C:\EPICS26\iemocap_cnn\src\visual\..\..\features\frames\Ses01M_script02_1\45.jpg,1
C:\EPICS26\iemocap_cnn\src\visual\..\..\features\frames\Ses01M_script02_1\46.jpg,1
C:\EPICS26\iemocap_cnn\src\visual\..\..\features\frames\Ses01M_script02_2\0.jpg,3
C:\EPICS26\iemocap_cnn\src\visual\..\..\features\frames\Ses01M_script02_2\10.jpg,0
C:\EPICS26\iemocap_cnn\src\visual\..\..\features\frames\Ses01M_script02_2\11.jpg,0
C:\EPICS26\iemocap_cnn\src\visual\..\..\features\frames\Ses01M_script02_2\13.jpg,0
C:\EPICS26\iemocap_cnn\src\visual\..\..\features\frames\Ses01M_script02_2\14.jpg,0
C:\EPICS26\iemocap_cnn\src\visual\..\..\features\frames\Ses01M_script02_2\15.jpg,0
C:\EPICS26\iemocap_cnn\src\visual\..\..\features\frames\Ses01M_script02_2\16.jpg,0
C:\EPICS26\iemocap_cnn\src\visual\..\..\features\frames\Ses01M_script02_2\19.jpg,3
C:\EPICS26\iemocap_cnn\src\visual\..\..\features\frames\Ses01M_script02_2\22.jpg,2
C:\EPICS26\iemocap_cnn\src\visual\..\..\features\frames\Ses01M_script02_2\24.jpg,2
C:\EPICS26\iemocap_cnn\src\visual\..\..\features\frames\Ses01M_script02_2\25.jpg,2
C:\EPICS26\iemocap_cnn\src\visual\..\..\features\frames\Ses01M_script02_2\26.jpg,2
C:\EPICS26\iemocap_cnn\src\visual\..\..\features\frames\Ses01M_script02_2\30.jpg,0
C:\EPICS26\iemocap_cnn\src\visual\..\..\features\frames\Ses01M_script02_2\31.jpg,0
C:\EPICS26\iemocap_cnn\src\visual\..\..\features\frames\Ses01M_script02_2\32.jpg,0
C:\EPICS26\iemocap_cnn\src\visual\..\..\features\frames\Ses01M_script02_2\33.jpg,2
C:\EPICS26\iemocap_cnn\src\visual\..\..\features\frames\Ses01M_script02_2\34.jpg,2
C:\EPICS26\iemocap_cnn\src\visual\..\..\features\frames\Ses01M_script02_2\35.jpg,2
C:\EPICS26\iemocap_cnn\src\visual\..\..\features\frames\Ses01M_script02_2\36.jpg,2
C:\EPICS26\iemocap_cnn\src\visual\..\..\features\frames\Ses01M_script02_2\37.jpg,2
C:\EPICS26\iemocap_cnn\src\visual\..\..\features\frames\Ses01M_script02_2\40.jpg,2
C:\EPICS26\iemocap_cnn\src\visual\..\..\features\frames\Ses01M_script02_2\44.jpg,1
C:\EPICS26\iemocap_cnn\src\visual\..\..\features\frames\Ses01M_script02_2\45.jpg,1
C:\EPICS26\iemocap_cnn\src\visual\..\..\features\frames\Ses01M_script02_2\46.jpg,2
C:\EPICS26\iemocap_cnn\src\visual\..\..\features\frames\Ses01M_script02_2\47.jpg,3
C:\EPICS26\iemocap_cnn\src\visual\..\..\features\frames\Ses01M_script02_2\1.jpg,1
C:\EPICS26\iemocap_cnn\src\visual\..\..\features\frames\Ses01M_script02_2\2.jpg,1
C:\EPICS26\iemocap_cnn\src\visual\..\..\features\frames\Ses01M_script02_2\3.jpg,1
C:\EPICS26\iemocap_cnn\src\visual\..\..\features\frames\Ses01M_script02_2\8.jpg,3
C:\EPICS26\iemocap_cnn\src\visual\..\..\features\frames\Ses01M_script02_2\13.jpg,3
C:\EPICS26\iemocap_cnn\src\visual\..\..\features\frames\Ses01M_script02_2\19.jpg,3
C:\EPICS26\iemocap_cnn\src\visual\..\..\features\frames\Ses01M_script02_2\20.jpg,3
C:\EPICS26\iemocap_cnn\src\visual\..\..\features\frames\Ses01M_script02_2\21.jpg,3
C:\EPICS26\iemocap_cnn\src\visual\..\..\features\frames\Ses01M_script02_2\22.jpg,3
C:\EPICS26\iemocap_cnn\src\visual\..\..\features\frames\Ses01M_script02_2\23.jpg,3
C:\EPICS26\iemocap_cnn\src\visual\..\..\features\frames\Ses01M_script02_2\25.jpg,3
C:\EPICS26\iemocap_cnn\src\visual\..\..\features\frames\Ses01M_script02_2\27.jpg,3
C:\EPICS26\iemocap_cnn\src\visual\..\..\features\frames\Ses01M_script02_2\28.jpg,3
C:\EPICS26\iemocap_cnn\src\visual\..\..\features\frames\Ses01M_script02_2\29.jpg,3
C:\EPICS26\iemocap_cnn\src\visual\..\..\features\frames\Ses01M_script02_2\30.jpg,3
C:\EPICS26\iemocap_cnn\src\visual\..\..\features\frames\Ses01M_script02_2\33.jpg,0
C:\EPICS26\iemocap_cnn\src\visual\..\..\features\frames\Ses01M_script02_2\35.jpg,0
C:\EPICS26\iemocap_cnn\src\visual\..\..\features\frames\Ses01M_script02_2\37.jpg,2
C:\EPICS26\iemocap_cnn\src\visual\..\..\features\frames\Ses01M_script02_2\38.jpg,2
C:\EPICS26\iemocap_cnn\src\visual\..\..\features\frames\Ses01M_script02_2\39.jpg,3
C:\EPICS26\iemocap_cnn\src\visual\..\..\features\frames\Ses01M_script02_2\40.jpg,3
C:\EPICS26\iemocap_cnn\src\visual\..\..\features\frames\Ses01M_script02_2\41.jpg,2
C:\EPICS26\iemocap_cnn\src\visual\..\..\features\frames\Ses01M_script02_2\42.jpg,2
C:\EPICS26\iemocap_cnn\src\visual\..\..\features\frames\Ses01M_script02_2\43.jpg,2
C:\EPICS26\iemocap_cnn\src\visual\..\..\features\frames\Ses01M_script02_2\44.jpg,2
C:\EPICS26\iemocap_cnn\src\visual\..\..\features\frames\Ses01M_script02_2\45.jpg,2
C:\EPICS26\iemocap_cnn\src\visual\..\..\features\frames\Ses01M_script02_2\49.jpg,1
C:\EPICS26\iemocap_cnn\src\visual\..\..\features\frames\Ses01M_script02_2\50.jpg,3
C:\EPICS26\iemocap_cnn\src\visual\..\..\features\frames\Ses01M_script02_2\51.jpg,3
C:\EPICS26\iemocap_cnn\src\visual\..\..\features\frames\Ses01M_script02_2\52.jpg,1
C:\EPICS26\iemocap_cnn\src\visual\..\..\features\frames\Ses01M_script02_2\53.jpg,1
C:\EPICS26\iemocap_cnn\src\visual\..\..\features\frames\Ses01M_script02_2\54.jpg,3
C:\EPICS26\iemocap_cnn\src\visual\..\..\features\frames\Ses01M_script03_1\3.jpg,1
C:\EPICS26\iemocap_cnn\src\visual\..\..\features\frames\Ses01M_script03_1\4.jpg,1
C:\EPICS26\iemocap_cnn\src\visual\..\..\features\frames\Ses01M_script03_1\7.jpg,1
C:\EPICS26\iemocap_cnn\src\visual\..\..\features\frames\Ses01M_script03_1\8.jpg,1
C:\EPICS26\iemocap_cnn\src\visual\..\..\features\frames\Ses01M_script03_1\9.jpg,1
C:\EPICS26\iemocap_cnn\src\visual\..\..\features\frames\Ses01M_script03_1\10.jpg,1
C:\EPICS26\iemocap_cnn\src\visual\..\..\features\frames\Ses01M_script03_1\11.jpg,1
C:\EPICS26\iemocap_cnn\src\visual\..\..\features\frames\Ses01M_script03_1\14.jpg,1
C:\EPICS26\iemocap_cnn\src\visual\..\..\features\frames\Ses01M_script03_1\15.jpg,1
C:\EPICS26\iemocap_cnn\src\visual\..\..\features\frames\Ses01M_script03_1\17.jpg,1
C:\EPICS26\iemocap_cnn\src\visual\..\..\features\frames\Ses01M_script03_1\18.jpg,1
C:\EPICS26\iemocap_cnn\src\visual\..\..\features\frames\Ses01M_script03_1\19.jpg,1
C:\EPICS26\iemocap_cnn\src\visual\..\..\features\frames\Ses01M_script03_1\21.jpg,1
C:\EPICS26\iemocap_cnn\src\visual\..\..\features\frames\Ses01M_script03_1\24.jpg,1
C:\EPICS26\iemocap_cnn\src\visual\..\..\features\frames\Ses01M_script03_1\30.jpg,1
C:\EPICS26\iemocap_cnn\src\visual\..\..\features\frames\Ses01M_script03_1\31.jpg,1
C:\EPICS26\iemocap_cnn\src\visual\..\..\features\frames\Ses01M_script03_1\34.jpg,1
C:\EPICS26\iemocap_cnn\src\visual\..\..\features\frames\Ses01M_script03_1\36.jpg,1
C:\EPICS26\iemocap_cnn\src\visual\..\..\features\frames\Ses01M_script03_1\37.jpg,1
C:\EPICS26\iemocap_cnn\src\visual\..\..\features\frames\Ses01M_script03_1\38.jpg,1
C:\EPICS26\iemocap_cnn\src\visual\..\..\features\frames\Ses01M_script03_1\39.jpg,1
C:\EPICS26\iemocap_cnn\src\visual\..\..\features\frames\Ses01M_script03_1\40.jpg,1
C:\EPICS26\iemocap_cnn\src\visual\..\..\features\frames\Ses01M_script03_1\41.jpg,1
C:\EPICS26\iemocap_cnn\src\visual\..\..\features\frames\Ses01M_script03_1\4.jpg,1
C:\EPICS26\iemocap_cnn\src\visual\..\..\features\frames\Ses01M_script03_1\10.jpg,1
C:\EPICS26\iemocap_cnn\src\visual\..\..\features\frames\Ses01M_script03_1\11.jpg,1
C:\EPICS26\iemocap_cnn\src\visual\..\..\features\frames\Ses01M_script03_1\12.jpg,1
C:\EPICS26\iemocap_cnn\src\visual\..\..\features\frames\Ses01M_script03_1\13.jpg,1
C:\EPICS26\iemocap_cnn\src\visual\..\..\features\frames\Ses01M_script03_1\14.jpg,2
C:\EPICS26\iemocap_cnn\src\visual\..\..\features\frames\Ses01M_script03_1\16.jpg,1
C:\EPICS26\iemocap_cnn\src\visual\..\..\features\frames\Ses01M_script03_1\17.jpg,1
C:\EPICS26\iemocap_cnn\src\visual\..\..\features\frames\Ses01M_script03_1\19.jpg,1
C:\EPICS26\iemocap_cnn\src\visual\..\..\features\frames\Ses01M_script03_1\21.jpg,1
C:\EPICS26\iemocap_cnn\src\visual\..\..\features\frames\Ses01M_script03_1\22.jpg,1
C:\EPICS26\iemocap_cnn\src\visual\..\..\features\frames\Ses01M_script03_1\28.jpg,1
C:\EPICS26\iemocap_cnn\src\visual\..\..\features\frames\Ses01M_script03_1\29.jpg,1
C:\EPICS26\iemocap_cnn\src\visual\..\..\features\frames\Ses01M_script03_1\30.jpg,1
C:\EPICS26\iemocap_cnn\src\visual\..\..\features\frames\Ses01M_script03_1\31.jpg,1
C:\EPICS26\iemocap_cnn\src\visual\..\..\features\frames\Ses01M_script03_1\33.jpg,1
C:\EPICS26\iemocap_cnn\src\visual\..\..\features\frames\Ses01M_script03_1\37.jpg,1
C:\EPICS26\iemocap_cnn\src\visual\..\..\features\frames\Ses01M_script03_1\39.jpg,1
C:\EPICS26\iemocap_cnn\src\visual\..\..\features\frames\Ses01M_script03_1\40.jpg,1
C:\EPICS26\iemocap_cnn\src\visual\..\..\features\frames\Ses01M_script03_1\41.jpg,1
C:\EPICS26\iemocap_cnn\src\visual\..\..\features\frames\Ses01M_script03_2\6.jpg,3
C:\EPICS26\iemocap_cnn\src\visual\..\..\features\frames\Ses01M_script03_2\10.jpg,3
C:\EPICS26\iemocap_cnn\src\visual\..\..\features\frames\Ses01M_script03_2\11.jpg,0
C:\EPICS26\iemocap_cnn\src\visual\..\..\features\frames\Ses01M_script03_2\15.jpg,0
C:\EPICS26\iemocap_cnn\src\visual\..\..\features\frames\Ses01M_script03_2\17.jpg,0
C:\EPICS26\iemocap_cnn\src\visual\..\..\features\frames\Ses01M_script03_2\22.jpg,0
C:\EPICS26\iemocap_cnn\src\visual\..\..\features\frames\Ses01M_script03_2\23.jpg,0
C:\EPICS26\iemocap_cnn\src\visual\..\..\features\frames\Ses01M_script03_2\24.jpg,0
C:\EPICS26\iemocap_cnn\src\visual\..\..\features\frames\Ses01M_script03_2\25.jpg,0
C:\EPICS26\iemocap_cnn\src\visual\..\..\features\frames\Ses01M_script03_2\26.jpg,0
C:\EPICS26\iemocap_cnn\src\visual\..\..\features\frames\Ses01M_script03_2\27.jpg,0
C:\EPICS26\iemocap_cnn\src\visual\..\..\features\frames\Ses01M_script03_2\28.jpg,0
C:\EPICS26\iemocap_cnn\src\visual\..\..\features\frames\Ses01M_script03_2\29.jpg,0
C:\EPICS26\iemocap_cnn\src\visual\..\..\features\frames\Ses01M_script03_2\30.jpg,0
C:\EPICS26\iemocap_cnn\src\visual\..\..\features\frames\Ses01M_script03_2\31.jpg,0
C:\EPICS26\iemocap_cnn\src\visual\..\..\features\frames\Ses01M_script03_2\33.jpg,0
C:\EPICS26\iemocap_cnn\src\visual\..\..\features\frames\Ses01M_script03_2\34.jpg,0
C:\EPICS26\iemocap_cnn\src\visual\..\..\features\frames\Ses01M_script03_2\35.jpg,0
C:\EPICS26\iemocap_cnn\src\visual\..\..\features\frames\Ses01M_script03_2\36.jpg,0
C:\EPICS26\iemocap_cnn\src\visual\..\..\features\frames\Ses01M_script03_2\37.jpg,0
C:\EPICS26\iemocap_cnn\src\visual\..\..\features\frames\Ses01M_script03_2\38.jpg,0
C:\EPICS26\iemocap_cnn\src\visual\..\..\features\frames\Ses01M_script03_2\39.jpg,0
C:\EPICS26\iemocap_cnn\src\visual\..\..\features\frames\Ses01M_script03_2\40.jpg,0
C:\EPICS26\iemocap_cnn\src\visual\..\..\features\frames\Ses01M_script03_2\41.jpg,0
C:\EPICS26\iemocap_cnn\src\visual\..\..\features\frames\Ses01M_script03_2\12.jpg,3
C:\EPICS26\iemocap_cnn\src\visual\..\..\features\frames\Ses01M_script03_2\13.jpg,3
C:\EPICS26\iemocap_cnn\src\visual\..\..\features\frames\Ses01M_script03_2\18.jpg,3
C:\EPICS26\iemocap_cnn\src\visual\..\..\features\frames\Ses01M_script03_2\22.jpg,0
C:\EPICS26\iemocap_cnn\src\visual\..\..\features\frames\Ses01M_script03_2\23.jpg,0
C:\EPICS26\iemocap_cnn\src\visual\..\..\features\frames\Ses01M_script03_2\24.jpg,0
C:\EPICS26\iemocap_cnn\src\visual\..\..\features\frames\Ses01M_script03_2\25.jpg,0
C:\EPICS26\iemocap_cnn\src\visual\..\..\features\frames\Ses01M_script03_2\26.jpg,0
C:\EPICS26\iemocap_cnn\src\visual\..\..\features\frames\Ses01M_script03_2\27.jpg,0
C:\EPICS26\iemocap_cnn\src\visual\..\..\features\frames\Ses01M_script03_2\28.jpg,0
C:\EPICS26\iemocap_cnn\src\visual\..\..\features\frames\Ses01M_script03_2\29.jpg,0
C:\EPICS26\iemocap_cnn\src\visual\..\..\features\frames\Ses01M_script03_2\30.jpg,0
C:\EPICS26\iemocap_cnn\src\visual\..\..\features\frames\Ses01M_script03_2\31.jpg,0
C:\EPICS26\iemocap_cnn\src\visual\..\..\features\frames\Ses01M_script03_2\32.jpg,0
C:\EPICS26\iemocap_cnn\src\visual\..\..\features\frames\Ses01M_script03_2\33.jpg,0
C:\EPICS26\iemocap_cnn\src\visual\..\..\features\frames\Ses01M_script03_2\34.jpg,0
C:\EPICS26\iemocap_cnn\src\visual\..\..\features\frames\Ses01M_script03_2\35.jpg,0
C:\EPICS26\iemocap_cnn\src\visual\..\..\features\frames\Ses01M_script03_2\36.jpg,0
C:\EPICS26\iemocap_cnn\src\visual\..\..\features\frames\Ses01M_script03_2\37.jpg,0
C:\EPICS26\iemocap_cnn\src\visual\..\..\features\frames\Ses01M_script03_2\38.jpg,0
C:\EPICS26\iemocap_cnn\src\visual\..\..\features\frames\Ses01M_script03_2\39.jpg,0
C:\EPICS26\iemocap_cnn\src\visual\..\..\features\frames\Ses01M_script03_2\40.jpg,0
C:\EPICS26\iemocap_cnn\src\visual\..\..\features\frames\Ses01M_script03_2\41.jpg,0
C:\EPICS26\iemocap_cnn\src\visual\..\..\features\frames\Ses01M_script03_2\42.jpg,0
C:\EPICS26\iemocap_cnn\src\visual\..\..\features\frames\Ses01M_script03_2\43.jpg,0
C:\EPICS26\iemocap_cnn\src\visual\..\..\features\frames\Ses02F_impro01\0.jpg,3
C:\EPICS26\iemocap_cnn\src\visual\..\..\features\frames\Ses02F_impro01\18.jpg,0
C:\EPICS26\iemocap_cnn\src\visual\..\..\features\frames\Ses02F_impro01\19.jpg,0
C:\EPICS26\iemocap_cnn\src\visual\..\..\features\frames\Ses02F_impro01\20.jpg,0
C:\EPICS26\iemocap_cnn\src\visual\..\..\features\frames\Ses02F_impro01\21.jpg,0
C:\EPICS26\iemocap_cnn\src\visual\..\..\features\frames\Ses02F_impro01\0.jpg,3
C:\EPICS26\iemocap_cnn\src\visual\..\..\features\frames\Ses02F_impro01\1.jpg,3
C:\EPICS26\iemocap_cnn\src\visual\..\..\features\frames\Ses02F_impro01\2.jpg,3
C:\EPICS26\iemocap_cnn\src\visual\..\..\features\frames\Ses02F_impro01\4.jpg,3
C:\EPICS26\iemocap_cnn\src\visual\..\..\features\frames\Ses02F_impro01\17.jpg,0
C:\EPICS26\iemocap_cnn\src\visual\..\..\features\frames\Ses02F_impro01\19.jpg,0
C:\EPICS26\iemocap_cnn\src\visual\..\..\features\frames\Ses02F_impro02\0.jpg,2
C:\EPICS26\iemocap_cnn\src\visual\..\..\features\frames\Ses02F_impro02\1.jpg,2
C:\EPICS26\iemocap_cnn\src\visual\..\..\features\frames\Ses02F_impro02\2.jpg,2
C:\EPICS26\iemocap_cnn\src\visual\..\..\features\frames\Ses02F_impro02\3.jpg,2
C:\EPICS26\iemocap_cnn\src\visual\..\..\features\frames\Ses02F_impro03\0.jpg,1
C:\EPICS26\iemocap_cnn\src\visual\..\..\features\frames\Ses02F_impro03\1.jpg,1
C:\EPICS26\iemocap_cnn\src\visual\..\..\features\frames\Ses02F_impro03\4.jpg,1
C:\EPICS26\iemocap_cnn\src\visual\..\..\features\frames\Ses02F_impro03\1.jpg,3
C:\EPICS26\iemocap_cnn\src\visual\..\..\features\frames\Ses02F_impro03\4.jpg,1
C:\EPICS26\iemocap_cnn\src\visual\..\..\features\frames\Ses02F_impro03\5.jpg,1
C:\EPICS26\iemocap_cnn\src\visual\..\..\features\frames\Ses02F_impro04\9.jpg,2
C:\EPICS26\iemocap_cnn\src\visual\..\..\features\frames\Ses02F_impro04\16.jpg,2
C:\EPICS26\iemocap_cnn\src\visual\..\..\features\frames\Ses02F_impro04\0.jpg,3
C:\EPICS26\iemocap_cnn\src\visual\..\..\features\frames\Ses02F_impro04\1.jpg,3
C:\EPICS26\iemocap_cnn\src\visual\..\..\features\frames\Ses02F_impro04\3.jpg,3
C:\EPICS26\iemocap_cnn\src\visual\..\..\features\frames\Ses02F_impro04\4.jpg,3
C:\EPICS26\iemocap_cnn\src\visual\..\..\features\frames\Ses02F_impro04\5.jpg,3
C:\EPICS26\iemocap_cnn\src\visual\..\..\features\frames\Ses02F_impro04\6.jpg,3
C:\EPICS26\iemocap_cnn\src\visual\..\..\features\frames\Ses02F_impro04\7.jpg,3
C:\EPICS26\iemocap_cnn\src\visual\..\..\features\frames\Ses02F_impro04\8.jpg,3
C:\EPICS26\iemocap_cnn\src\visual\..\..\features\frames\Ses02F_impro04\9.jpg,3
C:\EPICS26\iemocap_cnn\src\visual\..\..\features\frames\Ses02F_impro04\10.jpg,3
C:\EPICS26\iemocap_cnn\src\visual\..\..\features\frames\Ses02F_impro04\11.jpg,3
C:\EPICS26\iemocap_cnn\src\visual\..\..\features\frames\Ses02F_impro04\12.jpg,3
C:\EPICS26\iemocap_cnn\src\visual\..\..\features\frames\Ses02F_impro04\13.jpg,3
C:\EPICS26\iemocap_cnn\src\visual\..\..\features\frames\Ses02F_impro04\15.jpg,3
C:\EPICS26\iemocap_cnn\src\visual\..\..\features\frames\Ses02F_impro04\16.jpg,3
C:\EPICS26\iemocap_cnn\src\visual\..\..\features\frames\Ses02F_impro04\17.jpg,3
C:\EPICS26\iemocap_cnn\src\visual\..\..\features\frames\Ses02F_impro04\18.jpg,3
C:\EPICS26\iemocap_cnn\src\visual\..\..\features\frames\Ses02F_impro04\19.jpg,3
C:\EPICS26\iemocap_cnn\src\visual\..\..\features\frames\Ses02F_impro05\0.jpg,3
C:\EPICS26\iemocap_cnn\src\visual\..\..\features\frames\Ses02F_impro05\1.jpg,3
C:\EPICS26\iemocap_cnn\src\visual\..\..\features\frames\Ses02F_impro05\4.jpg,3
C:\EPICS26\iemocap_cnn\src\visual\..\..\features\frames\Ses02F_impro05\6.jpg,0
C:\EPICS26\iemocap_cnn\src\visual\..\..\features\frames\Ses02F_impro05\10.jpg,0
C:\EPICS26\iemocap_cnn\src\visual\..\..\features\frames\Ses02F_impro05\19.jpg,0
C:\EPICS26\iemocap_cnn\src\visual\..\..\features\frames\Ses02F_impro05\0.jpg,3
C:\EPICS26\iemocap_cnn\src\visual\..\..\features\frames\Ses02F_impro05\1.jpg,3
C:\EPICS26\iemocap_cnn\src\visual\..\..\features\frames\Ses02F_impro05\2.jpg,3
C:\EPICS26\iemocap_cnn\src\visual\..\..\features\frames\Ses02F_impro05\3.jpg,3
C:\EPICS26\iemocap_cnn\src\visual\..\..\features\frames\Ses02F_impro05\4.jpg,3
C:\EPICS26\iemocap_cnn\src\visual\..\..\features\frames\Ses02F_impro05\5.jpg,3
C:\EPICS26\iemocap_cnn\src\visual\..\..\features\frames\Ses02F_impro05\6.jpg,3
C:\EPICS26\iemocap_cnn\src\visual\..\..\features\frames\Ses02F_impro05\7.jpg,3
C:\EPICS26\iemocap_cnn\src\visual\..\..\features\frames\Ses02F_impro05\8.jpg,3
C:\EPICS26\iemocap_cnn\src\visual\..\..\features\frames\Ses02F_impro05\9.jpg,3
C:\EPICS26\iemocap_cnn\src\visual\..\..\features\frames\Ses02F_impro05\10.jpg,3
C:\EPICS26\iemocap_cnn\src\visual\..\..\features\frames\Ses02F_impro05\11.jpg,3
C:\EPICS26\iemocap_cnn\src\visual\..\..\features\frames\Ses02F_impro05\12.jpg,3
C:\EPICS26\iemocap_cnn\src\visual\..\..\features\frames\Ses02F_impro05\13.jpg,3
C:\EPICS26\iemocap_cnn\src\visual\..\..\features\frames\Ses02F_impro05\14.jpg,3
C:\EPICS26\iemocap_cnn\src\visual\..\..\features\frames\Ses02F_impro05\15.jpg,3
C:\EPICS26\iemocap_cnn\src\visual\..\..\features\frames\Ses02F_impro05\16.jpg,3
C:\EPICS26\iemocap_cnn\src\visual\..\..\features\frames\Ses02F_impro05\17.jpg,3
C:\EPICS26\iemocap_cnn\src\visual\..\..\features\frames\Ses02F_impro05\18.jpg,3
C:\EPICS26\iemocap_cnn\src\visual\..\..\features\frames\Ses02F_impro05\19.jpg,3
C:\EPICS26\iemocap_cnn\src\visual\..\..\features\frames\Ses02F_impro05\20.jpg,3
C:\EPICS26\iemocap_cnn\src\visual\..\..\features\frames\Ses02F_impro05\21.jpg,3
C:\EPICS26\iemocap_cnn\src\visual\..\..\features\frames\Ses02F_impro06\0.jpg,2
C:\EPICS26\iemocap_cnn\src\visual\..\..\features\frames\Ses02F_impro06\1.jpg,2
C:\EPICS26\iemocap_cnn\src\visual\..\..\features\frames\Ses02F_impro06\2.jpg,2
C:\EPICS26\iemocap_cnn\src\visual\..\..\features\frames\Ses02F_impro06\3.jpg,2
C:\EPICS26\iemocap_cnn\src\visual\..\..\features\frames\Ses02F_impro06\4.jpg,2
C:\EPICS26\iemocap_cnn\src\visual\..\..\features\frames\Ses02F_impro06\5.jpg,2
C:\EPICS26\iemocap_cnn\src\visual\..\..\features\frames\Ses02F_impro06\6.jpg,2
C:\EPICS26\iemocap_cnn\src\visual\..\..\features\frames\Ses02F_impro06\7.jpg,2
C:\EPICS26\iemocap_cnn\src\visual\..\..\features\frames\Ses02F_impro06\8.jpg,2
C:\EPICS26\iemocap_cnn\src\visual\..\..\features\frames\Ses02F_impro06\9.jpg,2
C:\EPICS26\iemocap_cnn\src\visual\..\..\features\frames\Ses02F_impro06\10.jpg,2
C:\EPICS26\iemocap_cnn\src\visual\..\..\features\frames\Ses02F_impro06\11.jpg,2
C:\EPICS26\iemocap_cnn\src\visual\..\..\features\frames\Ses02F_impro06\12.jpg,2
C:\EPICS26\iemocap_cnn\src\visual\..\..\features\frames\Ses02F_impro06\13.jpg,2
C:\EPICS26\iemocap_cnn\src\visual\..\..\features\frames\Ses02F_impro06\14.jpg,2
C:\EPICS26\iemocap_cnn\src\visual\..\..\features\frames\Ses02F_impro06\0.jpg,3
C:\EPICS26\iemocap_cnn\src\visual\..\..\features\frames\Ses02F_impro06\1.jpg,3
C:\EPICS26\iemocap_cnn\src\visual\..\..\features\frames\Ses02F_impro06\2.jpg,3
C:\EPICS26\iemocap_cnn\src\visual\..\..\features\frames\Ses02F_impro06\3.jpg,3
C:\EPICS26\iemocap_cnn\src\visual\..\..\features\frames\Ses02F_impro06\4.jpg,3
C:\EPICS26\iemocap_cnn\src\visual\..\..\features\frames\Ses02F_impro06\5.jpg,3
C:\EPICS26\iemocap_cnn\src\visual\..\..\features\frames\Ses02F_impro06\6.jpg,3
C:\EPICS26\iemocap_cnn\src\visual\..\..\features\frames\Ses02F_impro06\7.jpg,3
C:\EPICS26\iemocap_cnn\src\visual\..\..\features\frames\Ses02F_impro06\8.jpg,3
C:\EPICS26\iemocap_cnn\src\visual\..\..\features\frames\Ses02F_impro06\9.jpg,3
C:\EPICS26\iemocap_cnn\src\visual\..\..\features\frames\Ses02F_impro06\10.jpg,3
C:\EPICS26\iemocap_cnn\src\visual\..\..\features\frames\Ses02F_impro06\11.jpg,3
C:\EPICS26\iemocap_cnn\src\visual\..\..\features\frames\Ses02F_impro06\12.jpg,3
C:\EPICS26\iemocap_cnn\src\visual\..\..\features\frames\Ses02F_impro06\13.jpg,3
C:\EPICS26\iemocap_cnn\src\visual\..\..\features\frames\Ses02F_impro06\14.jpg,3
C:\EPICS26\iemocap_cnn\src\visual\..\..\features\frames\Ses02F_impro06\15.jpg,3
C:\EPICS26\iemocap_cnn\src\visual\..\..\features\frames\Ses02F_impro06\16.jpg,3
C:\EPICS26\iemocap_cnn\src\visual\..\..\features\frames\Ses02F_impro06\17.jpg,3
C:\EPICS26\iemocap_cnn\src\visual\..\..\features\frames\Ses02F_impro06\18.jpg,3
C:\EPICS26\iemocap_cnn\src\visual\..\..\features\frames\Ses02F_impro06\19.jpg,3
C:\EPICS26\iemocap_cnn\src\visual\..\..\features\frames\Ses02F_impro07\1.jpg,1
C:\EPICS26\iemocap_cnn\src\visual\..\..\features\frames\Ses02F_impro07\2.jpg,1
C:\EPICS26\iemocap_cnn\src\visual\..\..\features\frames\Ses02F_impro07\3.jpg,1
C:\EPICS26\iemocap_cnn\src\visual\..\..\features\frames\Ses02F_impro07\4.jpg,1
C:\EPICS26\iemocap_cnn\src\visual\..\..\features\frames\Ses02F_impro07\5.jpg,1
C:\EPICS26\iemocap_cnn\src\visual\..\..\features\frames\Ses02F_impro07\6.jpg,1
C:\EPICS26\iemocap_cnn\src\visual\..\..\features\frames\Ses02F_impro07\7.jpg,1
C:\EPICS26\iemocap_cnn\src\visual\..\..\features\frames\Ses02F_impro07\8.jpg,1
C:\EPICS26\iemocap_cnn\src\visual\..\..\features\frames\Ses02F_impro07\9.jpg,1
C:\EPICS26\iemocap_cnn\src\visual\..\..\features\frames\Ses02F_impro07\10.jpg,1
C:\EPICS26\iemocap_cnn\src\visual\..\..\features\frames\Ses02F_impro07\11.jpg,1
C:\EPICS26\iemocap_cnn\src\visual\..\..\features\frames\Ses02F_impro07\12.jpg,1
C:\EPICS26\iemocap_cnn\src\visual\..\..\features\frames\Ses02F_impro07\13.jpg,1
C:\EPICS26\iemocap_cnn\src\visual\..\..\features\frames\Ses02F_impro07\14.jpg,1
C:\EPICS26\iemocap_cnn\src\visual\..\..\features\frames\Ses02F_impro07\15.jpg,1
C:\EPICS26\iemocap_cnn\src\visual\..\..\features\frames\Ses02F_impro07\0.jpg,3
C:\EPICS26\iemocap_cnn\src\visual\..\..\features\frames\Ses02F_impro07\1.jpg,1
C:\EPICS26\iemocap_cnn\src\visual\..\..\features\frames\Ses02F_impro07\2.jpg,1
C:\EPICS26\iemocap_cnn\src\visual\..\..\features\frames\Ses02F_impro07\3.jpg,1
C:\EPICS26\iemocap_cnn\src\visual\..\..\features\frames\Ses02F_impro07\4.jpg,1
C:\EPICS26\iemocap_cnn\src\visual\..\..\features\frames\Ses02F_impro07\5.jpg,1
C:\EPICS26\iemocap_cnn\src\visual\..\..\features\frames\Ses02F_impro07\6.jpg,1
C:\EPICS26\iemocap_cnn\src\visual\..\..\features\frames\Ses02F_impro07\7.jpg,1
C:\EPICS26\iemocap_cnn\src\visual\..\..\features\frames\Ses02F_impro07\8.jpg,1
C:\EPICS26\iemocap_cnn\src\visual\..\..\features\frames\Ses02F_impro07\9.jpg,1
C:\EPICS26\iemocap_cnn\src\visual\..\..\features\frames\Ses02F_impro07\10.jpg,1
C:\EPICS26\iemocap_cnn\src\visual\..\..\features\frames\Ses02F_impro07\11.jpg,1
C:\EPICS26\iemocap_cnn\src\visual\..\..\features\frames\Ses02F_impro08\0.jpg,3
C:\EPICS26\iemocap_cnn\src\visual\..\..\features\frames\Ses02F_impro08\1.jpg,3
C:\EPICS26\iemocap_cnn\src\visual\..\..\features\frames\Ses02F_impro08\2.jpg,3
C:\EPICS26\iemocap_cnn\src\visual\..\..\features\frames\Ses02F_impro08\3.jpg,3
C:\EPICS26\iemocap_cnn\src\visual\..\..\features\frames\Ses02F_impro08\4.jpg,3
C:\EPICS26\iemocap_cnn\src\visual\..\..\features\frames\Ses02F_impro08\5.jpg,3
C:\EPICS26\iemocap_cnn\src\visual\..\..\features\frames\Ses02F_impro08\6.jpg,3
C:\EPICS26\iemocap_cnn\src\visual\..\..\features\frames\Ses02F_impro08\7.jpg,3
C:\EPICS26\iemocap_cnn\src\visual\..\..\features\frames\Ses02F_impro08\8.jpg,3
C:\EPICS26\iemocap_cnn\src\visual\..\..\features\frames\Ses02F_impro08\9.jpg,3
C:\EPICS26\iemocap_cnn\src\visual\..\..\features\frames\Ses02F_impro08\10.jpg,3
C:\EPICS26\iemocap_cnn\src\visual\..\..\features\frames\Ses02F_impro08\11.jpg,3
C:\EPICS26\iemocap_cnn\src\visual\..\..\features\frames\Ses02F_impro08\12.jpg,3
C:\EPICS26\iemocap_cnn\src\visual\..\..\features\frames\Ses02F_impro08\13.jpg,3
C:\EPICS26\iemocap_cnn\src\visual\..\..\features\frames\Ses02F_impro08\14.jpg,3
C:\EPICS26\iemocap_cnn\src\visual\..\..\features\frames\Ses02F_impro08\15.jpg,3
C:\EPICS26\iemocap_cnn\src\visual\..\..\features\frames\Ses02F_impro08\16.jpg,3
C:\EPICS26\iemocap_cnn\src\visual\..\..\features\frames\Ses02F_impro08\17.jpg,3
C:\EPICS26\iemocap_cnn\src\visual\..\..\features\frames\Ses02F_impro08\18.jpg,3
C:\EPICS26\iemocap_cnn\src\visual\..\..\features\frames\Ses02F_impro08\19.jpg,3
C:\EPICS26\iemocap_cnn\src\visual\..\..\features\frames\Ses02F_impro08\20.jpg,3
C:\EPICS26\iemocap_cnn\src\visual\..\..\features\frames\Ses02F_impro08\21.jpg,3
C:\EPICS26\iemocap_cnn\src\visual\..\..\features\frames\Ses02F_impro08\22.jpg,3
C:\EPICS26\iemocap_cnn\src\visual\..\..\features\frames\Ses02F_impro08\23.jpg,3
C:\EPICS26\iemocap_cnn\src\visual\..\..\features\frames\Ses02F_impro08\24.jpg,3
C:\EPICS26\iemocap_cnn\src\visual\..\..\features\frames\Ses02F_impro08\25.jpg,3
C:\EPICS26\iemocap_cnn\src\visual\..\..\features\frames\Ses02F_impro08\26.jpg,3
C:\EPICS26\iemocap_cnn\src\visual\..\..\features\frames\Ses02F_impro08\27.jpg,3
C:\EPICS26\iemocap_cnn\src\visual\..\..\features\frames\Ses02F_impro08\3.jpg,3
C:\EPICS26\iemocap_cnn\src\visual\..\..\features\frames\Ses02F_impro08\5.jpg,3
C:\EPICS26\iemocap_cnn\src\visual\..\..\features\frames\Ses02F_impro08\6.jpg,3
C:\EPICS26\iemocap_cnn\src\visual\..\..\features\frames\Ses02F_impro08\7.jpg,3
C:\EPICS26\iemocap_cnn\src\visual\..\..\features\frames\Ses02F_impro08\8.jpg,3
C:\EPICS26\iemocap_cnn\src\visual\..\..\features\frames\Ses02F_impro08\9.jpg,3
C:\EPICS26\iemocap_cnn\src\visual\..\..\features\frames\Ses02F_impro08\10.jpg,3
C:\EPICS26\iemocap_cnn\src\visual\..\..\features\frames\Ses02F_impro08\11.jpg,3
C:\EPICS26\iemocap_cnn\src\visual\..\..\features\frames\Ses02F_impro08\12.jpg,3
C:\EPICS26\iemocap_cnn\src\visual\..\..\features\frames\Ses02F_impro08\13.jpg,3
C:\EPICS26\iemocap_cnn\src\visual\..\..\features\frames\Ses02F_impro08\15.jpg,3
C:\EPICS26\iemocap_cnn\src\visual\..\..\features\frames\Ses02F_impro08\16.jpg,3
C:\EPICS26\iemocap_cnn\src\visual\..\..\features\frames\Ses02F_impro08\18.jpg,3
C:\EPICS26\iemocap_cnn\src\visual\..\..\features\frames\Ses02F_impro08\19.jpg,3
C:\EPICS26\iemocap_cnn\src\visual\..\..\features\frames\Ses02F_script01_1\4.jpg,2
C:\EPICS26\iemocap_cnn\src\visual\..\..\features\frames\Ses02F_script01_1\5.jpg,2
C:\EPICS26\iemocap_cnn\src\visual\..\..\features\frames\Ses02F_script01_1\6.jpg,2
C:\EPICS26\iemocap_cnn\src\visual\..\..\features\frames\Ses02F_script01_1\17.jpg,2
C:\EPICS26\iemocap_cnn\src\visual\..\..\features\frames\Ses02F_script01_1\18.jpg,3
C:\EPICS26\iemocap_cnn\src\visual\..\..\features\frames\Ses02F_script01_1\19.jpg,0
C:\EPICS26\iemocap_cnn\src\visual\..\..\features\frames\Ses02F_script01_1\21.jpg,3
C:\EPICS26\iemocap_cnn\src\visual\..\..\features\frames\Ses02F_script01_1\25.jpg,3
C:\EPICS26\iemocap_cnn\src\visual\..\..\features\frames\Ses02F_script01_1\26.jpg,3
C:\EPICS26\iemocap_cnn\src\visual\..\..\features\frames\Ses02F_script01_1\27.jpg,3
C:\EPICS26\iemocap_cnn\src\visual\..\..\features\frames\Ses02F_script01_1\28.jpg,2
C:\EPICS26\iemocap_cnn\src\visual\..\..\features\frames\Ses02F_script01_1\36.jpg,0
C:\EPICS26\iemocap_cnn\src\visual\..\..\features\frames\Ses02F_script01_1\37.jpg,0
C:\EPICS26\iemocap_cnn\src\visual\..\..\features\frames\Ses02F_script01_1\38.jpg,0
C:\EPICS26\iemocap_cnn\src\visual\..\..\features\frames\Ses02F_script01_1\40.jpg,0
C:\EPICS26\iemocap_cnn\src\visual\..\..\features\frames\Ses02F_script01_1\11.jpg,0
C:\EPICS26\iemocap_cnn\src\visual\..\..\features\frames\Ses02F_script01_1\13.jpg,0
C:\EPICS26\iemocap_cnn\src\visual\..\..\features\frames\Ses02F_script01_1\17.jpg,3
C:\EPICS26\iemocap_cnn\src\visual\..\..\features\frames\Ses02F_script01_1\21.jpg,0
C:\EPICS26\iemocap_cnn\src\visual\..\..\features\frames\Ses02F_script01_1\23.jpg,0
C:\EPICS26\iemocap_cnn\src\visual\..\..\features\frames\Ses02F_script01_1\25.jpg,0
C:\EPICS26\iemocap_cnn\src\visual\..\..\features\frames\Ses02F_script01_1\27.jpg,2
C:\EPICS26\iemocap_cnn\src\visual\..\..\features\frames\Ses02F_script01_1\29.jpg,3
C:\EPICS26\iemocap_cnn\src\visual\..\..\features\frames\Ses02F_script01_1\36.jpg,0
C:\EPICS26\iemocap_cnn\src\visual\..\..\features\frames\Ses02F_script01_1\37.jpg,0
C:\EPICS26\iemocap_cnn\src\visual\..\..\features\frames\Ses02F_script01_1\38.jpg,0
C:\EPICS26\iemocap_cnn\src\visual\..\..\features\frames\Ses02F_script01_1\40.jpg,3
C:\EPICS26\iemocap_cnn\src\visual\..\..\features\frames\Ses02F_script01_1\43.jpg,3
C:\EPICS26\iemocap_cnn\src\visual\..\..\features\frames\Ses02F_script01_2\5.jpg,0
C:\EPICS26\iemocap_cnn\src\visual\..\..\features\frames\Ses02F_script01_2\12.jpg,0
C:\EPICS26\iemocap_cnn\src\visual\..\..\features\frames\Ses02F_script01_2\13.jpg,0
C:\EPICS26\iemocap_cnn\src\visual\..\..\features\frames\Ses02F_script01_2\1.jpg,3
C:\EPICS26\iemocap_cnn\src\visual\..\..\features\frames\Ses02F_script01_2\2.jpg,3
C:\EPICS26\iemocap_cnn\src\visual\..\..\features\frames\Ses02F_script01_2\4.jpg,3
C:\EPICS26\iemocap_cnn\src\visual\..\..\features\frames\Ses02F_script01_2\5.jpg,3
C:\EPICS26\iemocap_cnn\src\visual\..\..\features\frames\Ses02F_script01_2\6.jpg,3
C:\EPICS26\iemocap_cnn\src\visual\..\..\features\frames\Ses02F_script01_2\7.jpg,3
C:\EPICS26\iemocap_cnn\src\visual\..\..\features\frames\Ses02F_script01_2\8.jpg,3
C:\EPICS26\iemocap_cnn\src\visual\..\..\features\frames\Ses02F_script01_2\16.jpg,0
C:\EPICS26\iemocap_cnn\src\visual\..\..\features\frames\Ses02F_script01_2\17.jpg,0
C:\EPICS26\iemocap_cnn\src\visual\..\..\features\frames\Ses02F_script01_2\18.jpg,0
C:\EPICS26\iemocap_cnn\src\visual\..\..\features\frames\Ses02F_script01_3\1.jpg,3
C:\EPICS26\iemocap_cnn\src\visual\..\..\features\frames\Ses02F_script02_1\1.jpg,3
C:\EPICS26\iemocap_cnn\src\visual\..\..\features\frames\Ses02F_script02_1\0.jpg,1
C:\EPICS26\iemocap_cnn\src\visual\..\..\features\frames\Ses02F_script02_1\1.jpg,1
C:\EPICS26\iemocap_cnn\src\visual\..\..\features\frames\Ses02F_script02_1\2.jpg,1
C:\EPICS26\iemocap_cnn\src\visual\..\..\features\frames\Ses02F_script02_1\3.jpg,1
C:\EPICS26\iemocap_cnn\src\visual\..\..\features\frames\Ses02F_script02_2\0.jpg,3
C:\EPICS26\iemocap_cnn\src\visual\..\..\features\frames\Ses02F_script02_2\5.jpg,0
C:\EPICS26\iemocap_cnn\src\visual\..\..\features\frames\Ses02F_script02_2\6.jpg,0
C:\EPICS26\iemocap_cnn\src\visual\..\..\features\frames\Ses02F_script02_2\11.jpg,0
C:\EPICS26\iemocap_cnn\src\visual\..\..\features\frames\Ses02F_script02_2\15.jpg,2
C:\EPICS26\iemocap_cnn\src\visual\..\..\features\frames\Ses02F_script02_2\16.jpg,2
C:\EPICS26\iemocap_cnn\src\visual\..\..\features\frames\Ses02F_script02_2\17.jpg,2
C:\EPICS26\iemocap_cnn\src\visual\..\..\features\frames\Ses02F_script02_2\18.jpg,2
C:\EPICS26\iemocap_cnn\src\visual\..\..\features\frames\Ses02F_script02_2\19.jpg,2
C:\EPICS26\iemocap_cnn\src\visual\..\..\features\frames\Ses02F_script02_2\20.jpg,2
C:\EPICS26\iemocap_cnn\src\visual\..\..\features\frames\Ses02F_script02_2\21.jpg,2
C:\EPICS26\iemocap_cnn\src\visual\..\..\features\frames\Ses02F_script02_2\22.jpg,2
C:\EPICS26\iemocap_cnn\src\visual\..\..\features\frames\Ses02F_script02_2\24.jpg,2
C:\EPICS26\iemocap_cnn\src\visual\..\..\features\frames\Ses02F_script02_2\31.jpg,2
C:\EPICS26\iemocap_cnn\src\visual\..\..\features\frames\Ses02F_script02_2\33.jpg,2
C:\EPICS26\iemocap_cnn\src\visual\..\..\features\frames\Ses02F_script02_2\34.jpg,2
C:\EPICS26\iemocap_cnn\src\visual\..\..\features\frames\Ses02F_script02_2\35.jpg,2
C:\EPICS26\iemocap_cnn\src\visual\..\..\features\frames\Ses02F_script02_2\38.jpg,2
C:\EPICS26\iemocap_cnn\src\visual\..\..\features\frames\Ses02F_script02_2\41.jpg,1
C:\EPICS26\iemocap_cnn\src\visual\..\..\features\frames\Ses02F_script02_2\42.jpg,1
C:\EPICS26\iemocap_cnn\src\visual\..\..\features\frames\Ses02F_script02_2\43.jpg,1
C:\EPICS26\iemocap_cnn\src\visual\..\..\features\frames\Ses02F_script02_2\44.jpg,2
C:\EPICS26\iemocap_cnn\src\visual\..\..\features\frames\Ses02F_script02_2\45.jpg,1
C:\EPICS26\iemocap_cnn\src\visual\..\..\features\frames\Ses02F_script02_2\0.jpg,1
C:\EPICS26\iemocap_cnn\src\visual\..\..\features\frames\Ses02F_script02_2\1.jpg,3
C:\EPICS26\iemocap_cnn\src\visual\..\..\features\frames\Ses02F_script02_2\2.jpg,3
C:\EPICS26\iemocap_cnn\src\visual\..\..\features\frames\Ses02F_script02_2\3.jpg,3
C:\EPICS26\iemocap_cnn\src\visual\..\..\features\frames\Ses02F_script02_2\5.jpg,3
C:\EPICS26\iemocap_cnn\src\visual\..\..\features\frames\Ses02F_script02_2\7.jpg,3
C:\EPICS26\iemocap_cnn\src\visual\..\..\features\frames\Ses02F_script02_2\9.jpg,3
C:\EPICS26\iemocap_cnn\src\visual\..\..\features\frames\Ses02F_script02_2\10.jpg,3
C:\EPICS26\iemocap_cnn\src\visual\..\..\features\frames\Ses02F_script02_2\13.jpg,3
C:\EPICS26\iemocap_cnn\src\visual\..\..\features\frames\Ses02F_script02_2\16.jpg,3
C:\EPICS26\iemocap_cnn\src\visual\..\..\features\frames\Ses02F_script02_2\17.jpg,3
C:\EPICS26\iemocap_cnn\src\visual\..\..\features\frames\Ses02F_script02_2\18.jpg,3
C:\EPICS26\iemocap_cnn\src\visual\..\..\features\frames\Ses02F_script02_2\19.jpg,3
C:\EPICS26\iemocap_cnn\src\visual\..\..\features\frames\Ses02F_script02_2\20.jpg,3
C:\EPICS26\iemocap_cnn\src\visual\..\..\features\frames\Ses02F_script02_2\21.jpg,3
C:\EPICS26\iemocap_cnn\src\visual\..\..\features\frames\Ses02F_script02_2\22.jpg,3
C:\EPICS26\iemocap_cnn\src\visual\..\..\features\frames\Ses02F_script02_2\23.jpg,3
C:\EPICS26\iemocap_cnn\src\visual\..\..\features\frames\Ses02F_script02_2\29.jpg,0
C:\EPICS26\iemocap_cnn\src\visual\..\..\features\frames\Ses02F_script02_2\31.jpg,2
C:\EPICS26\iemocap_cnn\src\visual\..\..\features\frames\Ses02F_script02_2\33.jpg,3
C:\EPICS26\iemocap_cnn\src\visual\..\..\features\frames\Ses02F_script02_2\34.jpg,3
C:\EPICS26\iemocap_cnn\src\visual\..\..\features\frames\Ses02F_script02_2\35.jpg,2
C:\EPICS26\iemocap_cnn\src\visual\..\..\features\frames\Ses02F_script02_2\36.jpg,2
C:\EPICS26\iemocap_cnn\src\visual\..\..\features\frames\Ses02F_script02_2\37.jpg,2
C:\EPICS26\iemocap_cnn\src\visual\..\..\features\frames\Ses02F_script02_2\38.jpg,2
C:\EPICS26\iemocap_cnn\src\visual\..\..\features\frames\Ses02F_script02_2\41.jpg,1
C:\EPICS26\iemocap_cnn\src\visual\..\..\features\frames\Ses02F_script02_2\42.jpg,1
C:\EPICS26\iemocap_cnn\src\visual\..\..\features\frames\Ses02F_script02_2\43.jpg,1
C:\EPICS26\iemocap_cnn\src\visual\..\..\features\frames\Ses02F_script02_2\45.jpg,1
C:\EPICS26\iemocap_cnn\src\visual\..\..\features\frames\Ses02F_script02_2\46.jpg,1
C:\EPICS26\iemocap_cnn\src\visual\..\..\features\frames\Ses02F_script03_1\5.jpg,1
C:\EPICS26\iemocap_cnn\src\visual\..\..\features\frames\Ses02F_script03_1\6.jpg,1
C:\EPICS26\iemocap_cnn\src\visual\..\..\features\frames\Ses02F_script03_1\7.jpg,1
C:\EPICS26\iemocap_cnn\src\visual\..\..\features\frames\Ses02F_script03_1\8.jpg,1
C:\EPICS26\iemocap_cnn\src\visual\..\..\features\frames\Ses02F_script03_1\9.jpg,1
C:\EPICS26\iemocap_cnn\src\visual\..\..\features\frames\Ses02F_script03_1\10.jpg,1
C:\EPICS26\iemocap_cnn\src\visual\..\..\features\frames\Ses02F_script03_1\12.jpg,3
C:\EPICS26\iemocap_cnn\src\visual\..\..\features\frames\Ses02F_script03_1\13.jpg,3
C:\EPICS26\iemocap_cnn\src\visual\..\..\features\frames\Ses02F_script03_1\14.jpg,3
C:\EPICS26\iemocap_cnn\src\visual\..\..\features\frames\Ses02F_script03_1\15.jpg,3
C:\EPICS26\iemocap_cnn\src\visual\..\..\features\frames\Ses02F_script03_1\16.jpg,3
C:\EPICS26\iemocap_cnn\src\visual\..\..\features\frames\Ses02F_script03_1\17.jpg,3
C:\EPICS26\iemocap_cnn\src\visual\..\..\features\frames\Ses02F_script03_1\19.jpg,1
C:\EPICS26\iemocap_cnn\src\visual\..\..\features\frames\Ses02F_script03_1\20.jpg,1
C:\EPICS26\iemocap_cnn\src\visual\..\..\features\frames\Ses02F_script03_1\21.jpg,1
C:\EPICS26\iemocap_cnn\src\visual\..\..\features\frames\Ses02F_script03_1\22.jpg,1
C:\EPICS26\iemocap_cnn\src\visual\..\..\features\frames\Ses02F_script03_1\23.jpg,1
C:\EPICS26\iemocap_cnn\src\visual\..\..\features\frames\Ses02F_script03_1\24.jpg,1
C:\EPICS26\iemocap_cnn\src\visual\..\..\features\frames\Ses02F_script03_1\25.jpg,1
C:\EPICS26\iemocap_cnn\src\visual\..\..\features\frames\Ses02F_script03_1\26.jpg,1
C:\EPICS26\iemocap_cnn\src\visual\..\..\features\frames\Ses02F_script03_1\27.jpg,3
C:\EPICS26\iemocap_cnn\src\visual\..\..\features\frames\Ses02F_script03_1\28.jpg,1
C:\EPICS26\iemocap_cnn\src\visual\..\..\features\frames\Ses02F_script03_1\29.jpg,1
C:\EPICS26\iemocap_cnn\src\visual\..\..\features\frames\Ses02F_script03_1\1.jpg,3
C:\EPICS26\iemocap_cnn\src\visual\..\..\features\frames\Ses02F_script03_1\4.jpg,3
C:\EPICS26\iemocap_cnn\src\visual\..\..\features\frames\Ses02F_script03_1\5.jpg,3
C:\EPICS26\iemocap_cnn\src\visual\..\..\features\frames\Ses02F_script03_1\7.jpg,3
C:\EPICS26\iemocap_cnn\src\visual\..\..\features\frames\Ses02F_script03_1\8.jpg,3
C:\EPICS26\iemocap_cnn\src\visual\..\..\features\frames\Ses02F_script03_1\9.jpg,3
C:\EPICS26\iemocap_cnn\src\visual\..\..\features\frames\Ses02F_script03_1\10.jpg,3
C:\EPICS26\iemocap_cnn\src\visual\..\..\features\frames\Ses02F_script03_1\12.jpg,3
C:\EPICS26\iemocap_cnn\src\visual\..\..\features\frames\Ses02F_script03_1\13.jpg,3
C:\EPICS26\iemocap_cnn\src\visual\..\..\features\frames\Ses02F_script03_1\14.jpg,3
C:\EPICS26\iemocap_cnn\src\visual\..\..\features\frames\Ses02F_script03_1\15.jpg,3
C:\EPICS26\iemocap_cnn\src\visual\..\..\features\frames\Ses02F_script03_1\16.jpg,3
C:\EPICS26\iemocap_cnn\src\visual\..\..\features\frames\Ses02F_script03_1\17.jpg,3
C:\EPICS26\iemocap_cnn\src\visual\..\..\features\frames\Ses02F_script03_1\18.jpg,3
C:\EPICS26\iemocap_cnn\src\visual\..\..\features\frames\Ses02F_script03_1\19.jpg,1
C:\EPICS26\iemocap_cnn\src\visual\..\..\features\frames\Ses02F_script03_1\20.jpg,1
C:\EPICS26\iemocap_cnn\src\visual\..\..\features\frames\Ses02F_script03_1\21.jpg,3
C:\EPICS26\iemocap_cnn\src\visual\..\..\features\frames\Ses02F_script03_1\22.jpg,1
C:\EPICS26\iemocap_cnn\src\visual\..\..\features\frames\Ses02F_script03_1\23.jpg,1
C:\EPICS26\iemocap_cnn\src\visual\..\..\features\frames\Ses02F_script03_1\24.jpg,3
C:\EPICS26\iemocap_cnn\src\visual\..\..\features\frames\Ses02F_script03_1\25.jpg,3
C:\EPICS26\iemocap_cnn\src\visual\..\..\features\frames\Ses02F_script03_1\26.jpg,3
C:\EPICS26\iemocap_cnn\src\visual\..\..\features\frames\Ses02F_script03_1\28.jpg,3
C:\EPICS26\iemocap_cnn\src\visual\..\..\features\frames\Ses02F_script03_1\29.jpg,3
C:\EPICS26\iemocap_cnn\src\visual\..\..\features\frames\Ses02F_script03_1\31.jpg,3
C:\EPICS26\iemocap_cnn\src\visual\..\..\features\frames\Ses02F_script03_1\32.jpg,1
C:\EPICS26\iemocap_cnn\src\visual\..\..\features\frames\Ses02F_script03_1\33.jpg,3
C:\EPICS26\iemocap_cnn\src\visual\..\..\features\frames\Ses02F_script03_1\34.jpg,3
C:\EPICS26\iemocap_cnn\src\visual\..\..\features\frames\Ses02F_script03_2\7.jpg,3
C:\EPICS26\iemocap_cnn\src\visual\..\..\features\frames\Ses02F_script03_2\11.jpg,3
C:\EPICS26\iemocap_cnn\src\visual\..\..\features\frames\Ses02F_script03_2\12.jpg,3
C:\EPICS26\iemocap_cnn\src\visual\..\..\features\frames\Ses02F_script03_2\13.jpg,0
C:\EPICS26\iemocap_cnn\src\visual\..\..\features\frames\Ses02F_script03_2\14.jpg,0
C:\EPICS26\iemocap_cnn\src\visual\..\..\features\frames\Ses02F_script03_2\16.jpg,1
C:\EPICS26\iemocap_cnn\src\visual\..\..\features\frames\Ses02F_script03_2\18.jpg,0
C:\EPICS26\iemocap_cnn\src\visual\..\..\features\frames\Ses02F_script03_2\20.jpg,0
C:\EPICS26\iemocap_cnn\src\visual\..\..\features\frames\Ses02F_script03_2\25.jpg,0
C:\EPICS26\iemocap_cnn\src\visual\..\..\features\frames\Ses02F_script03_2\29.jpg,0
C:\EPICS26\iemocap_cnn\src\visual\..\..\features\frames\Ses02F_script03_2\31.jpg,0
C:\EPICS26\iemocap_cnn\src\visual\..\..\features\frames\Ses02F_script03_2\34.jpg,0
C:\EPICS26\iemocap_cnn\src\visual\..\..\features\frames\Ses02F_script03_2\35.jpg,0
C:\EPICS26\iemocap_cnn\src\visual\..\..\features\frames\Ses02F_script03_2\36.jpg,0
C:\EPICS26\iemocap_cnn\src\visual\..\..\features\frames\Ses02F_script03_2\37.jpg,0
C:\EPICS26\iemocap_cnn\src\visual\..\..\features\frames\Ses02F_script03_2\38.jpg,0
C:\EPICS26\iemocap_cnn\src\visual\..\..\features\frames\Ses02F_script03_2\39.jpg,0
C:\EPICS26\iemocap_cnn\src\visual\..\..\features\frames\Ses02F_script03_2\40.jpg,0
C:\EPICS26\iemocap_cnn\src\visual\..\..\features\frames\Ses02F_script03_2\41.jpg,0
C:\EPICS26\iemocap_cnn\src\visual\..\..\features\frames\Ses02F_script03_2\42.jpg,0
C:\EPICS26\iemocap_cnn\src\visual\..\..\features\frames\Ses02F_script03_2\43.jpg,0
C:\EPICS26\iemocap_cnn\src\visual\..\..\features\frames\Ses02F_script03_2\0.jpg,3
C:\EPICS26\iemocap_cnn\src\visual\..\..\features\frames\Ses02F_script03_2\1.jpg,3
C:\EPICS26\iemocap_cnn\src\visual\..\..\features\frames\Ses02F_script03_2\6.jpg,0
C:\EPICS26\iemocap_cnn\src\visual\..\..\features\frames\Ses02F_script03_2\7.jpg,0
C:\EPICS26\iemocap_cnn\src\visual\..\..\features\frames\Ses02F_script03_2\9.jpg,3
C:\EPICS26\iemocap_cnn\src\visual\..\..\features\frames\Ses02F_script03_2\11.jpg,3
C:\EPICS26\iemocap_cnn\src\visual\..\..\features\frames\Ses02F_script03_2\13.jpg,0
C:\EPICS26\iemocap_cnn\src\visual\..\..\features\frames\Ses02F_script03_2\27.jpg,0
C:\EPICS26\iemocap_cnn\src\visual\..\..\features\frames\Ses02F_script03_2\30.jpg,0
C:\EPICS26\iemocap_cnn\src\visual\..\..\features\frames\Ses02F_script03_2\36.jpg,0
C:\EPICS26\iemocap_cnn\src\visual\..\..\features\frames\Ses02F_script03_2\37.jpg,0
C:\EPICS26\iemocap_cnn\src\visual\..\..\features\frames\Ses02F_script03_2\38.jpg,0
C:\EPICS26\iemocap_cnn\src\visual\..\..\features\frames\Ses02F_script03_2\39.jpg,0
C:\EPICS26\iemocap_cnn\src\visual\..\..\features\frames\Ses02F_script03_2\41.jpg,0
C:\EPICS26\iemocap_cnn\src\visual\..\..\features\frames\Ses02F_script03_2\42.jpg,0
C:\EPICS26\iemocap_cnn\src\visual\..\..\features\frames\Ses02F_script03_2\43.jpg,0
C:\EPICS26\iemocap_cnn\src\visual\..\..\features\frames\Ses02F_script03_2\44.jpg,0
C:\EPICS26\iemocap_cnn\src\visual\..\..\features\frames\Ses02F_script03_2\45.jpg,0
C:\EPICS26\iemocap_cnn\src\visual\..\..\features\frames\Ses02F_script03_2\46.jpg,0
C:\EPICS26\iemocap_cnn\src\visual\..\..\features\frames\Ses02F_script03_2\47.jpg,0
C:\EPICS26\iemocap_cnn\src\visual\..\..\features\frames\Ses02M_impro01\0.jpg,3
C:\EPICS26\iemocap_cnn\src\visual\..\..\features\frames\Ses02M_impro01\1.jpg,3
C:\EPICS26\iemocap_cnn\src\visual\..\..\features\frames\Ses02M_impro01\2.jpg,3
C:\EPICS26\iemocap_cnn\src\visual\..\..\features\frames\Ses02M_impro01\3.jpg,3
C:\EPICS26\iemocap_cnn\src\visual\..\..\features\frames\Ses02M_impro01\4.jpg,3
C:\EPICS26\iemocap_cnn\src\visual\..\..\features\frames\Ses02M_impro01\5.jpg,3
C:\EPICS26\iemocap_cnn\src\visual\..\..\features\frames\Ses02M_impro01\6.jpg,3
C:\EPICS26\iemocap_cnn\src\visual\..\..\features\frames\Ses02M_impro01\15.jpg,3
C:\EPICS26\iemocap_cnn\src\visual\..\..\features\frames\Ses02M_impro01\16.jpg,3
C:\EPICS26\iemocap_cnn\src\visual\..\..\features\frames\Ses02M_impro01\1.jpg,3
C:\EPICS26\iemocap_cnn\src\visual\..\..\features\frames\Ses02M_impro01\2.jpg,3
C:\EPICS26\iemocap_cnn\src\visual\..\..\features\frames\Ses02M_impro01\3.jpg,3
C:\EPICS26\iemocap_cnn\src\visual\..\..\features\frames\Ses02M_impro01\4.jpg,3
C:\EPICS26\iemocap_cnn\src\visual\..\..\features\frames\Ses02M_impro01\5.jpg,3
C:\EPICS26\iemocap_cnn\src\visual\..\..\features\frames\Ses02M_impro01\7.jpg,0
C:\EPICS26\iemocap_cnn\src\visual\..\..\features\frames\Ses02M_impro01\8.jpg,0
C:\EPICS26\iemocap_cnn\src\visual\..\..\features\frames\Ses02M_impro01\9.jpg,0
C:\EPICS26\iemocap_cnn\src\visual\..\..\features\frames\Ses02M_impro01\10.jpg,0
C:\EPICS26\iemocap_cnn\src\visual\..\..\features\frames\Ses02M_impro01\11.jpg,0
C:\EPICS26\iemocap_cnn\src\visual\..\..\features\frames\Ses02M_impro01\18.jpg,0
C:\EPICS26\iemocap_cnn\src\visual\..\..\features\frames\Ses02M_impro01\19.jpg,0
C:\EPICS26\iemocap_cnn\src\visual\..\..\features\frames\Ses02M_impro02\0.jpg,2
C:\EPICS26\iemocap_cnn\src\visual\..\..\features\frames\Ses02M_impro02\0.jpg,2
C:\EPICS26\iemocap_cnn\src\visual\..\..\features\frames\Ses02M_impro03\0.jpg,1
C:\EPICS26\iemocap_cnn\src\visual\..\..\features\frames\Ses02M_impro03\1.jpg,1
C:\EPICS26\iemocap_cnn\src\visual\..\..\features\frames\Ses02M_impro03\3.jpg,1
C:\EPICS26\iemocap_cnn\src\visual\..\..\features\frames\Ses02M_impro03\4.jpg,1
C:\EPICS26\iemocap_cnn\src\visual\..\..\features\frames\Ses02M_impro03\5.jpg,1
C:\EPICS26\iemocap_cnn\src\visual\..\..\features\frames\Ses02M_impro03\7.jpg,1
C:\EPICS26\iemocap_cnn\src\visual\..\..\features\frames\Ses02M_impro03\8.jpg,1
C:\EPICS26\iemocap_cnn\src\visual\..\..\features\frames\Ses02M_impro03\11.jpg,1
C:\EPICS26\iemocap_cnn\src\visual\..\..\features\frames\Ses02M_impro03\12.jpg,1
C:\EPICS26\iemocap_cnn\src\visual\..\..\features\frames\Ses02M_impro03\13.jpg,1
C:\EPICS26\iemocap_cnn\src\visual\..\..\features\frames\Ses02M_impro03\14.jpg,1
C:\EPICS26\iemocap_cnn\src\visual\..\..\features\frames\Ses02M_impro03\15.jpg,1
C:\EPICS26\iemocap_cnn\src\visual\..\..\features\frames\Ses02M_impro03\16.jpg,1
C:\EPICS26\iemocap_cnn\src\visual\..\..\features\frames\Ses02M_impro03\17.jpg,1
C:\EPICS26\iemocap_cnn\src\visual\..\..\features\frames\Ses02M_impro03\18.jpg,1
C:\EPICS26\iemocap_cnn\src\visual\..\..\features\frames\Ses02M_impro03\20.jpg,1
C:\EPICS26\iemocap_cnn\src\visual\..\..\features\frames\Ses02M_impro03\23.jpg,1
C:\EPICS26\iemocap_cnn\src\visual\..\..\features\frames\Ses02M_impro03\24.jpg,1
C:\EPICS26\iemocap_cnn\src\visual\..\..\features\frames\Ses02M_impro03\28.jpg,1
C:\EPICS26\iemocap_cnn\src\visual\..\..\features\frames\Ses02M_impro03\0.jpg,1
C:\EPICS26\iemocap_cnn\src\visual\..\..\features\frames\Ses02M_impro03\1.jpg,1
C:\EPICS26\iemocap_cnn\src\visual\..\..\features\frames\Ses02M_impro03\5.jpg,1
C:\EPICS26\iemocap_cnn\src\visual\..\..\features\frames\Ses02M_impro03\8.jpg,1
C:\EPICS26\iemocap_cnn\src\visual\..\..\features\frames\Ses02M_impro03\9.jpg,1
C:\EPICS26\iemocap_cnn\src\visual\..\..\features\frames\Ses02M_impro03\10.jpg,1
C:\EPICS26\iemocap_cnn\src\visual\..\..\features\frames\Ses02M_impro03\11.jpg,1
C:\EPICS26\iemocap_cnn\src\visual\..\..\features\frames\Ses02M_impro03\12.jpg,1
C:\EPICS26\iemocap_cnn\src\visual\..\..\features\frames\Ses02M_impro03\14.jpg,1
C:\EPICS26\iemocap_cnn\src\visual\..\..\features\frames\Ses02M_impro03\15.jpg,1
C:\EPICS26\iemocap_cnn\src\visual\..\..\features\frames\Ses02M_impro03\16.jpg,1
C:\EPICS26\iemocap_cnn\src\visual\..\..\features\frames\Ses02M_impro03\17.jpg,1
C:\EPICS26\iemocap_cnn\src\visual\..\..\features\frames\Ses02M_impro03\18.jpg,1
C:\EPICS26\iemocap_cnn\src\visual\..\..\features\frames\Ses02M_impro03\19.jpg,1
C:\EPICS26\iemocap_cnn\src\visual\..\..\features\frames\Ses02M_impro03\20.jpg,1
C:\EPICS26\iemocap_cnn\src\visual\..\..\features\frames\Ses02M_impro03\21.jpg,1
C:\EPICS26\iemocap_cnn\src\visual\..\..\features\frames\Ses02M_impro03\24.jpg,1
C:\EPICS26\iemocap_cnn\src\visual\..\..\features\frames\Ses02M_impro03\26.jpg,1
C:\EPICS26\iemocap_cnn\src\visual\..\..\features\frames\Ses02M_impro03\27.jpg,1
C:\EPICS26\iemocap_cnn\src\visual\..\..\features\frames\Ses02M_impro03\28.jpg,1
C:\EPICS26\iemocap_cnn\src\visual\..\..\features\frames\Ses02M_impro03\30.jpg,1
C:\EPICS26\iemocap_cnn\src\visual\..\..\features\frames\Ses02M_impro03\31.jpg,1
C:\EPICS26\iemocap_cnn\src\visual\..\..\features\frames\Ses02M_impro04\0.jpg,3
C:\EPICS26\iemocap_cnn\src\visual\..\..\features\frames\Ses02M_impro04\1.jpg,3
C:\EPICS26\iemocap_cnn\src\visual\..\..\features\frames\Ses02M_impro04\2.jpg,3
C:\EPICS26\iemocap_cnn\src\visual\..\..\features\frames\Ses02M_impro04\3.jpg,3
C:\EPICS26\iemocap_cnn\src\visual\..\..\features\frames\Ses02M_impro04\4.jpg,3
C:\EPICS26\iemocap_cnn\src\visual\..\..\features\frames\Ses02M_impro04\5.jpg,3
C:\EPICS26\iemocap_cnn\src\visual\..\..\features\frames\Ses02M_impro04\6.jpg,3
C:\EPICS26\iemocap_cnn\src\visual\..\..\features\frames\Ses02M_impro04\7.jpg,3
C:\EPICS26\iemocap_cnn\src\visual\..\..\features\frames\Ses02M_impro04\8.jpg,3
C:\EPICS26\iemocap_cnn\src\visual\..\..\features\frames\Ses02M_impro04\9.jpg,2
C:\EPICS26\iemocap_cnn\src\visual\..\..\features\frames\Ses02M_impro04\10.jpg,3
C:\EPICS26\iemocap_cnn\src\visual\..\..\features\frames\Ses02M_impro04\11.jpg,3
C:\EPICS26\iemocap_cnn\src\visual\..\..\features\frames\Ses02M_impro04\12.jpg,3
C:\EPICS26\iemocap_cnn\src\visual\..\..\features\frames\Ses02M_impro04\14.jpg,3
C:\EPICS26\iemocap_cnn\src\visual\..\..\features\frames\Ses02M_impro04\15.jpg,3
C:\EPICS26\iemocap_cnn\src\visual\..\..\features\frames\Ses02M_impro04\16.jpg,3
C:\EPICS26\iemocap_cnn\src\visual\..\..\features\frames\Ses02M_impro04\14.jpg,2
C:\EPICS26\iemocap_cnn\src\visual\..\..\features\frames\Ses02M_impro04\19.jpg,0
C:\EPICS26\iemocap_cnn\src\visual\..\..\features\frames\Ses02M_impro04\22.jpg,2
C:\EPICS26\iemocap_cnn\src\visual\..\..\features\frames\Ses02M_impro05\0.jpg,3
C:\EPICS26\iemocap_cnn\src\visual\..\..\features\frames\Ses02M_impro05\1.jpg,3
C:\EPICS26\iemocap_cnn\src\visual\..\..\features\frames\Ses02M_impro05\2.jpg,3
C:\EPICS26\iemocap_cnn\src\visual\..\..\features\frames\Ses02M_impro05\3.jpg,3
C:\EPICS26\iemocap_cnn\src\visual\..\..\features\frames\Ses02M_impro05\4.jpg,3
C:\EPICS26\iemocap_cnn\src\visual\..\..\features\frames\Ses02M_impro05\5.jpg,3
C:\EPICS26\iemocap_cnn\src\visual\..\..\features\frames\Ses02M_impro05\6.jpg,3
C:\EPICS26\iemocap_cnn\src\visual\..\..\features\frames\Ses02M_impro05\7.jpg,3
C:\EPICS26\iemocap_cnn\src\visual\..\..\features\frames\Ses02M_impro05\8.jpg,3
C:\EPICS26\iemocap_cnn\src\visual\..\..\features\frames\Ses02M_impro05\9.jpg,3
C:\EPICS26\iemocap_cnn\src\visual\..\..\features\frames\Ses02M_impro05\10.jpg,3
C:\EPICS26\iemocap_cnn\src\visual\..\..\features\frames\Ses02M_impro05\11.jpg,3
C:\EPICS26\iemocap_cnn\src\visual\..\..\features\frames\Ses02M_impro05\12.jpg,3
C:\EPICS26\iemocap_cnn\src\visual\..\..\features\frames\Ses02M_impro05\13.jpg,3
C:\EPICS26\iemocap_cnn\src\visual\..\..\features\frames\Ses02M_impro05\14.jpg,3
C:\EPICS26\iemocap_cnn\src\visual\..\..\features\frames\Ses02M_impro05\15.jpg,3
C:\EPICS26\iemocap_cnn\src\visual\..\..\features\frames\Ses02M_impro05\16.jpg,3
C:\EPICS26\iemocap_cnn\src\visual\..\..\features\frames\Ses02M_impro05\17.jpg,3
C:\EPICS26\iemocap_cnn\src\visual\..\..\features\frames\Ses02M_impro05\18.jpg,3
C:\EPICS26\iemocap_cnn\src\visual\..\..\features\frames\Ses02M_impro05\19.jpg,3
C:\EPICS26\iemocap_cnn\src\visual\..\..\features\frames\Ses02M_impro05\20.jpg,3
C:\EPICS26\iemocap_cnn\src\visual\..\..\features\frames\Ses02M_impro05\21.jpg,3
C:\EPICS26\iemocap_cnn\src\visual\..\..\features\frames\Ses02M_impro05\23.jpg,3
C:\EPICS26\iemocap_cnn\src\visual\..\..\features\frames\Ses02M_impro05\24.jpg,3
C:\EPICS26\iemocap_cnn\src\visual\..\..\features\frames\Ses02M_impro05\25.jpg,3
C:\EPICS26\iemocap_cnn\src\visual\..\..\features\frames\Ses02M_impro05\26.jpg,3
C:\EPICS26\iemocap_cnn\src\visual\..\..\features\frames\Ses02M_impro05\0.jpg,3
C:\EPICS26\iemocap_cnn\src\visual\..\..\features\frames\Ses02M_impro05\1.jpg,3
C:\EPICS26\iemocap_cnn\src\visual\..\..\features\frames\Ses02M_impro05\2.jpg,3
C:\EPICS26\iemocap_cnn\src\visual\..\..\features\frames\Ses02M_impro05\3.jpg,3
C:\EPICS26\iemocap_cnn\src\visual\..\..\features\frames\Ses02M_impro05\13.jpg,0
C:\EPICS26\iemocap_cnn\src\visual\..\..\features\frames\Ses02M_impro05\16.jpg,0
C:\EPICS26\iemocap_cnn\src\visual\..\..\features\frames\Ses02M_impro05\18.jpg,0
C:\EPICS26\iemocap_cnn\src\visual\..\..\features\frames\Ses02M_impro05\25.jpg,0
C:\EPICS26\iemocap_cnn\src\visual\..\..\features\frames\Ses02M_impro05\26.jpg,0
C:\EPICS26\iemocap_cnn\src\visual\..\..\features\frames\Ses02M_impro06\2.jpg,2
C:\EPICS26\iemocap_cnn\src\visual\..\..\features\frames\Ses02M_impro06\3.jpg,2
C:\EPICS26\iemocap_cnn\src\visual\..\..\features\frames\Ses02M_impro06\4.jpg,2
C:\EPICS26\iemocap_cnn\src\visual\..\..\features\frames\Ses02M_impro06\5.jpg,2
C:\EPICS26\iemocap_cnn\src\visual\..\..\features\frames\Ses02M_impro06\6.jpg,2
C:\EPICS26\iemocap_cnn\src\visual\..\..\features\frames\Ses02M_impro06\7.jpg,2
C:\EPICS26\iemocap_cnn\src\visual\..\..\features\frames\Ses02M_impro06\8.jpg,2
C:\EPICS26\iemocap_cnn\src\visual\..\..\features\frames\Ses02M_impro06\9.jpg,2
C:\EPICS26\iemocap_cnn\src\visual\..\..\features\frames\Ses02M_impro06\10.jpg,2
C:\EPICS26\iemocap_cnn\src\visual\..\..\features\frames\Ses02M_impro06\11.jpg,2
C:\EPICS26\iemocap_cnn\src\visual\..\..\features\frames\Ses02M_impro06\12.jpg,2
C:\EPICS26\iemocap_cnn\src\visual\..\..\features\frames\Ses02M_impro06\13.jpg,2
C:\EPICS26\iemocap_cnn\src\visual\..\..\features\frames\Ses02M_impro06\14.jpg,2
C:\EPICS26\iemocap_cnn\src\visual\..\..\features\frames\Ses02M_impro06\15.jpg,2
C:\EPICS26\iemocap_cnn\src\visual\..\..\features\frames\Ses02M_impro06\16.jpg,2
C:\EPICS26\iemocap_cnn\src\visual\..\..\features\frames\Ses02M_impro06\17.jpg,2
C:\EPICS26\iemocap_cnn\src\visual\..\..\features\frames\Ses02M_impro06\18.jpg,2
C:\EPICS26\iemocap_cnn\src\visual\..\..\features\frames\Ses02M_impro06\0.jpg,2
C:\EPICS26\iemocap_cnn\src\visual\..\..\features\frames\Ses02M_impro06\1.jpg,2
C:\EPICS26\iemocap_cnn\src\visual\..\..\features\frames\Ses02M_impro06\2.jpg,2
C:\EPICS26\iemocap_cnn\src\visual\..\..\features\frames\Ses02M_impro06\3.jpg,2
C:\EPICS26\iemocap_cnn\src\visual\..\..\features\frames\Ses02M_impro06\4.jpg,2
C:\EPICS26\iemocap_cnn\src\visual\..\..\features\frames\Ses02M_impro06\5.jpg,2
C:\EPICS26\iemocap_cnn\src\visual\..\..\features\frames\Ses02M_impro06\6.jpg,2
C:\EPICS26\iemocap_cnn\src\visual\..\..\features\frames\Ses02M_impro06\7.jpg,2
C:\EPICS26\iemocap_cnn\src\visual\..\..\features\frames\Ses02M_impro06\8.jpg,2
C:\EPICS26\iemocap_cnn\src\visual\..\..\features\frames\Ses02M_impro06\9.jpg,2
C:\EPICS26\iemocap_cnn\src\visual\..\..\features\frames\Ses02M_impro06\10.jpg,2
C:\EPICS26\iemocap_cnn\src\visual\..\..\features\frames\Ses02M_impro06\11.jpg,2
C:\EPICS26\iemocap_cnn\src\visual\..\..\features\frames\Ses02M_impro06\12.jpg,2
C:\EPICS26\iemocap_cnn\src\visual\..\..\features\frames\Ses02M_impro06\13.jpg,2
C:\EPICS26\iemocap_cnn\src\visual\..\..\features\frames\Ses02M_impro06\14.jpg,2
C:\EPICS26\iemocap_cnn\src\visual\..\..\features\frames\Ses02M_impro06\15.jpg,2
C:\EPICS26\iemocap_cnn\src\visual\..\..\features\frames\Ses02M_impro06\16.jpg,2
C:\EPICS26\iemocap_cnn\src\visual\..\..\features\frames\Ses02M_impro06\17.jpg,2
C:\EPICS26\iemocap_cnn\src\visual\..\..\features\frames\Ses02M_impro06\18.jpg,2
C:\EPICS26\iemocap_cnn\src\visual\..\..\features\frames\Ses02M_impro06\19.jpg,2
C:\EPICS26\iemocap_cnn\src\visual\..\..\features\frames\Ses02M_impro06\20.jpg,2
C:\EPICS26\iemocap_cnn\src\visual\..\..\features\frames\Ses02M_impro06\21.jpg,2
C:\EPICS26\iemocap_cnn\src\visual\..\..\features\frames\Ses02M_impro06\22.jpg,2
C:\EPICS26\iemocap_cnn\src\visual\..\..\features\frames\Ses02M_impro06\23.jpg,2
C:\EPICS26\iemocap_cnn\src\visual\..\..\features\frames\Ses02M_impro07\0.jpg,1
C:\EPICS26\iemocap_cnn\src\visual\..\..\features\frames\Ses02M_impro07\1.jpg,1
C:\EPICS26\iemocap_cnn\src\visual\..\..\features\frames\Ses02M_impro07\3.jpg,1
C:\EPICS26\iemocap_cnn\src\visual\..\..\features\frames\Ses02M_impro07\4.jpg,1
C:\EPICS26\iemocap_cnn\src\visual\..\..\features\frames\Ses02M_impro07\5.jpg,1
C:\EPICS26\iemocap_cnn\src\visual\..\..\features\frames\Ses02M_impro07\6.jpg,1
C:\EPICS26\iemocap_cnn\src\visual\..\..\features\frames\Ses02M_impro07\7.jpg,1
C:\EPICS26\iemocap_cnn\src\visual\..\..\features\frames\Ses02M_impro07\8.jpg,1
C:\EPICS26\iemocap_cnn\src\visual\..\..\features\frames\Ses02M_impro07\9.jpg,1
C:\EPICS26\iemocap_cnn\src\visual\..\..\features\frames\Ses02M_impro07\10.jpg,1
C:\EPICS26\iemocap_cnn\src\visual\..\..\features\frames\Ses02M_impro07\11.jpg,1
C:\EPICS26\iemocap_cnn\src\visual\..\..\features\frames\Ses02M_impro07\12.jpg,1
C:\EPICS26\iemocap_cnn\src\visual\..\..\features\frames\Ses02M_impro07\13.jpg,1
C:\EPICS26\iemocap_cnn\src\visual\..\..\features\frames\Ses02M_impro07\14.jpg,1
C:\EPICS26\iemocap_cnn\src\visual\..\..\features\frames\Ses02M_impro07\15.jpg,1
C:\EPICS26\iemocap_cnn\src\visual\..\..\features\frames\Ses02M_impro07\16.jpg,1
C:\EPICS26\iemocap_cnn\src\visual\..\..\features\frames\Ses02M_impro07\17.jpg,1
C:\EPICS26\iemocap_cnn\src\visual\..\..\features\frames\Ses02M_impro07\18.jpg,1
C:\EPICS26\iemocap_cnn\src\visual\..\..\features\frames\Ses02M_impro07\19.jpg,1
C:\EPICS26\iemocap_cnn\src\visual\..\..\features\frames\Ses02M_impro07\20.jpg,1
C:\EPICS26\iemocap_cnn\src\visual\..\..\features\frames\Ses02M_impro07\21.jpg,1
C:\EPICS26\iemocap_cnn\src\visual\..\..\features\frames\Ses02M_impro07\22.jpg,1
C:\EPICS26\iemocap_cnn\src\visual\..\..\features\frames\Ses02M_impro07\23.jpg,1
C:\EPICS26\iemocap_cnn\src\visual\..\..\features\frames\Ses02M_impro07\24.jpg,1
C:\EPICS26\iemocap_cnn\src\visual\..\..\features\frames\Ses02M_impro07\25.jpg,1
C:\EPICS26\iemocap_cnn\src\visual\..\..\features\frames\Ses02M_impro07\26.jpg,1
C:\EPICS26\iemocap_cnn\src\visual\..\..\features\frames\Ses02M_impro07\27.jpg,1
C:\EPICS26\iemocap_cnn\src\visual\..\..\features\frames\Ses02M_impro07\28.jpg,1
C:\EPICS26\iemocap_cnn\src\visual\..\..\features\frames\Ses02M_impro07\29.jpg,1
C:\EPICS26\iemocap_cnn\src\visual\..\..\features\frames\Ses02M_impro07\2.jpg,1
C:\EPICS26\iemocap_cnn\src\visual\..\..\features\frames\Ses02M_impro07\6.jpg,1
C:\EPICS26\iemocap_cnn\src\visual\..\..\features\frames\Ses02M_impro07\7.jpg,1
C:\EPICS26\iemocap_cnn\src\visual\..\..\features\frames\Ses02M_impro07\8.jpg,1
C:\EPICS26\iemocap_cnn\src\visual\..\..\features\frames\Ses02M_impro07\9.jpg,1
C:\EPICS26\iemocap_cnn\src\visual\..\..\features\frames\Ses02M_impro07\10.jpg,1
C:\EPICS26\iemocap_cnn\src\visual\..\..\features\frames\Ses02M_impro07\11.jpg,1
C:\EPICS26\iemocap_cnn\src\visual\..\..\features\frames\Ses02M_impro07\13.jpg,1
C:\EPICS26\iemocap_cnn\src\visual\..\..\features\frames\Ses02M_impro07\14.jpg,1
C:\EPICS26\iemocap_cnn\src\visual\..\..\features\frames\Ses02M_impro07\15.jpg,1
C:\EPICS26\iemocap_cnn\src\visual\..\..\features\frames\Ses02M_impro07\17.jpg,1
C:\EPICS26\iemocap_cnn\src\visual\..\..\features\frames\Ses02M_impro07\18.jpg,1
C:\EPICS26\iemocap_cnn\src\visual\..\..\features\frames\Ses02M_impro07\19.jpg,1
C:\EPICS26\iemocap_cnn\src\visual\..\..\features\frames\Ses02M_impro07\20.jpg,1
C:\EPICS26\iemocap_cnn\src\visual\..\..\features\frames\Ses02M_impro07\21.jpg,1
C:\EPICS26\iemocap_cnn\src\visual\..\..\features\frames\Ses02M_impro07\22.jpg,1
C:\EPICS26\iemocap_cnn\src\visual\..\..\features\frames\Ses02M_impro07\23.jpg,1
C:\EPICS26\iemocap_cnn\src\visual\..\..\features\frames\Ses02M_impro07\24.jpg,1
C:\EPICS26\iemocap_cnn\src\visual\..\..\features\frames\Ses02M_impro07\25.jpg,1
C:\EPICS26\iemocap_cnn\src\visual\..\..\features\frames\Ses02M_impro07\26.jpg,1
C:\EPICS26\iemocap_cnn\src\visual\..\..\features\frames\Ses02M_impro07\29.jpg,1
C:\EPICS26\iemocap_cnn\src\visual\..\..\features\frames\Ses02M_impro07\30.jpg,1
C:\EPICS26\iemocap_cnn\src\visual\..\..\features\frames\Ses02M_impro07\31.jpg,1
C:\EPICS26\iemocap_cnn\src\visual\..\..\features\frames\Ses02M_impro07\32.jpg,1
C:\EPICS26\iemocap_cnn\src\visual\..\..\features\frames\Ses02M_impro08\0.jpg,1
C:\EPICS26\iemocap_cnn\src\visual\..\..\features\frames\Ses02M_impro08\1.jpg,1
C:\EPICS26\iemocap_cnn\src\visual\..\..\features\frames\Ses02M_impro08\2.jpg,1
C:\EPICS26\iemocap_cnn\src\visual\..\..\features\frames\Ses02M_impro08\6.jpg,3
C:\EPICS26\iemocap_cnn\src\visual\..\..\features\frames\Ses02M_impro08\7.jpg,3
C:\EPICS26\iemocap_cnn\src\visual\..\..\features\frames\Ses02M_impro08\8.jpg,3
C:\EPICS26\iemocap_cnn\src\visual\..\..\features\frames\Ses02M_impro08\10.jpg,3
C:\EPICS26\iemocap_cnn\src\visual\..\..\features\frames\Ses02M_impro08\19.jpg,3
C:\EPICS26\iemocap_cnn\src\visual\..\..\features\frames\Ses02M_impro08\23.jpg,1
C:\EPICS26\iemocap_cnn\src\visual\..\..\features\frames\Ses02M_impro08\24.jpg,1
C:\EPICS26\iemocap_cnn\src\visual\..\..\features\frames\Ses02M_impro08\25.jpg,3
C:\EPICS26\iemocap_cnn\src\visual\..\..\features\frames\Ses02M_impro08\26.jpg,3
C:\EPICS26\iemocap_cnn\src\visual\..\..\features\frames\Ses02M_impro08\27.jpg,3
C:\EPICS26\iemocap_cnn\src\visual\..\..\features\frames\Ses02M_impro08\28.jpg,1
C:\EPICS26\iemocap_cnn\src\visual\..\..\features\frames\Ses02M_impro08\30.jpg,1
C:\EPICS26\iemocap_cnn\src\visual\..\..\features\frames\Ses02M_impro08\0.jpg,3
C:\EPICS26\iemocap_cnn\src\visual\..\..\features\frames\Ses02M_impro08\2.jpg,3
C:\EPICS26\iemocap_cnn\src\visual\..\..\features\frames\Ses02M_impro08\3.jpg,3
C:\EPICS26\iemocap_cnn\src\visual\..\..\features\frames\Ses02M_impro08\4.jpg,3
C:\EPICS26\iemocap_cnn\src\visual\..\..\features\frames\Ses02M_impro08\5.jpg,3
C:\EPICS26\iemocap_cnn\src\visual\..\..\features\frames\Ses02M_impro08\7.jpg,3
C:\EPICS26\iemocap_cnn\src\visual\..\..\features\frames\Ses02M_impro08\8.jpg,3
C:\EPICS26\iemocap_cnn\src\visual\..\..\features\frames\Ses02M_impro08\9.jpg,3
C:\EPICS26\iemocap_cnn\src\visual\..\..\features\frames\Ses02M_impro08\10.jpg,3
C:\EPICS26\iemocap_cnn\src\visual\..\..\features\frames\Ses02M_impro08\11.jpg,3
C:\EPICS26\iemocap_cnn\src\visual\..\..\features\frames\Ses02M_impro08\12.jpg,3
C:\EPICS26\iemocap_cnn\src\visual\..\..\features\frames\Ses02M_impro08\13.jpg,3
C:\EPICS26\iemocap_cnn\src\visual\..\..\features\frames\Ses02M_impro08\14.jpg,3
C:\EPICS26\iemocap_cnn\src\visual\..\..\features\frames\Ses02M_impro08\15.jpg,3
C:\EPICS26\iemocap_cnn\src\visual\..\..\features\frames\Ses02M_impro08\16.jpg,3
C:\EPICS26\iemocap_cnn\src\visual\..\..\features\frames\Ses02M_impro08\17.jpg,3
C:\EPICS26\iemocap_cnn\src\visual\..\..\features\frames\Ses02M_impro08\18.jpg,3
C:\EPICS26\iemocap_cnn\src\visual\..\..\features\frames\Ses02M_impro08\19.jpg,3
C:\EPICS26\iemocap_cnn\src\visual\..\..\features\frames\Ses02M_impro08\20.jpg,3
C:\EPICS26\iemocap_cnn\src\visual\..\..\features\frames\Ses02M_impro08\21.jpg,3
C:\EPICS26\iemocap_cnn\src\visual\..\..\features\frames\Ses02M_impro08\22.jpg,3
C:\EPICS26\iemocap_cnn\src\visual\..\..\features\frames\Ses02M_impro08\23.jpg,3
C:\EPICS26\iemocap_cnn\src\visual\..\..\features\frames\Ses02M_impro08\24.jpg,3
C:\EPICS26\iemocap_cnn\src\visual\..\..\features\frames\Ses02M_impro08\25.jpg,3
C:\EPICS26\iemocap_cnn\src\visual\..\..\features\frames\Ses02M_impro08\26.jpg,3
C:\EPICS26\iemocap_cnn\src\visual\..\..\features\frames\Ses02M_impro08\27.jpg,3
C:\EPICS26\iemocap_cnn\src\visual\..\..\features\frames\Ses02M_impro08\28.jpg,3
C:\EPICS26\iemocap_cnn\src\visual\..\..\features\frames\Ses02M_impro08\29.jpg,3
C:\EPICS26\iemocap_cnn\src\visual\..\..\features\frames\Ses02M_impro08\30.jpg,3
C:\EPICS26\iemocap_cnn\src\visual\..\..\features\frames\Ses02M_impro08\31.jpg,3
C:\EPICS26\iemocap_cnn\src\visual\..\..\features\frames\Ses02M_script01_1\15.jpg,3
C:\EPICS26\iemocap_cnn\src\visual\..\..\features\frames\Ses02M_script01_1\18.jpg,3
C:\EPICS26\iemocap_cnn\src\visual\..\..\features\frames\Ses02M_script01_1\21.jpg,3
C:\EPICS26\iemocap_cnn\src\visual\..\..\features\frames\Ses02M_script01_1\23.jpg,3
C:\EPICS26\iemocap_cnn\src\visual\..\..\features\frames\Ses02M_script01_1\25.jpg,3
C:\EPICS26\iemocap_cnn\src\visual\..\..\features\frames\Ses02M_script01_1\26.jpg,0
C:\EPICS26\iemocap_cnn\src\visual\..\..\features\frames\Ses02M_script01_1\27.jpg,0
C:\EPICS26\iemocap_cnn\src\visual\..\..\features\frames\Ses02M_script01_1\32.jpg,0
C:\EPICS26\iemocap_cnn\src\visual\..\..\features\frames\Ses02M_script01_1\33.jpg,0
C:\EPICS26\iemocap_cnn\src\visual\..\..\features\frames\Ses02M_script01_1\34.jpg,0
C:\EPICS26\iemocap_cnn\src\visual\..\..\features\frames\Ses02M_script01_1\35.jpg,0
C:\EPICS26\iemocap_cnn\src\visual\..\..\features\frames\Ses02M_script01_1\36.jpg,0
C:\EPICS26\iemocap_cnn\src\visual\..\..\features\frames\Ses02M_script01_1\37.jpg,0
C:\EPICS26\iemocap_cnn\src\visual\..\..\features\frames\Ses02M_script01_1\41.jpg,2
C:\EPICS26\iemocap_cnn\src\visual\..\..\features\frames\Ses02M_script01_1\3.jpg,2
C:\EPICS26\iemocap_cnn\src\visual\..\..\features\frames\Ses02M_script01_1\4.jpg,2
C:\EPICS26\iemocap_cnn\src\visual\..\..\features\frames\Ses02M_script01_1\5.jpg,2
C:\EPICS26\iemocap_cnn\src\visual\..\..\features\frames\Ses02M_script01_1\12.jpg,0
C:\EPICS26\iemocap_cnn\src\visual\..\..\features\frames\Ses02M_script01_1\13.jpg,0
C:\EPICS26\iemocap_cnn\src\visual\..\..\features\frames\Ses02M_script01_1\16.jpg,3
C:\EPICS26\iemocap_cnn\src\visual\..\..\features\frames\Ses02M_script01_1\17.jpg,3
C:\EPICS26\iemocap_cnn\src\visual\..\..\features\frames\Ses02M_script01_1\18.jpg,3
C:\EPICS26\iemocap_cnn\src\visual\..\..\features\frames\Ses02M_script01_1\21.jpg,0
C:\EPICS26\iemocap_cnn\src\visual\..\..\features\frames\Ses02M_script01_1\24.jpg,0
C:\EPICS26\iemocap_cnn\src\visual\..\..\features\frames\Ses02M_script01_1\25.jpg,0
C:\EPICS26\iemocap_cnn\src\visual\..\..\features\frames\Ses02M_script01_1\26.jpg,3
C:\EPICS26\iemocap_cnn\src\visual\..\..\features\frames\Ses02M_script01_1\27.jpg,3
C:\EPICS26\iemocap_cnn\src\visual\..\..\features\frames\Ses02M_script01_1\28.jpg,2
C:\EPICS26\iemocap_cnn\src\visual\..\..\features\frames\Ses02M_script01_1\35.jpg,2
C:\EPICS26\iemocap_cnn\src\visual\..\..\features\frames\Ses02M_script01_1\36.jpg,2
C:\EPICS26\iemocap_cnn\src\visual\..\..\features\frames\Ses02M_script01_1\37.jpg,0
C:\EPICS26\iemocap_cnn\src\visual\..\..\features\frames\Ses02M_script01_1\38.jpg,0
C:\EPICS26\iemocap_cnn\src\visual\..\..\features\frames\Ses02M_script01_1\39.jpg,0
C:\EPICS26\iemocap_cnn\src\visual\..\..\features\frames\Ses02M_script01_1\41.jpg,2
C:\EPICS26\iemocap_cnn\src\visual\..\..\features\frames\Ses02M_script01_2\0.jpg,0
C:\EPICS26\iemocap_cnn\src\visual\..\..\features\frames\Ses02M_script01_2\1.jpg,0
C:\EPICS26\iemocap_cnn\src\visual\..\..\features\frames\Ses02M_script01_2\2.jpg,0
C:\EPICS26\iemocap_cnn\src\visual\..\..\features\frames\Ses02M_script01_2\3.jpg,0
C:\EPICS26\iemocap_cnn\src\visual\..\..\features\frames\Ses02M_script01_2\5.jpg,0
C:\EPICS26\iemocap_cnn\src\visual\..\..\features\frames\Ses02M_script01_2\6.jpg,0
C:\EPICS26\iemocap_cnn\src\visual\..\..\features\frames\Ses02M_script01_2\10.jpg,0
C:\EPICS26\iemocap_cnn\src\visual\..\..\features\frames\Ses02M_script01_2\13.jpg,2
C:\EPICS26\iemocap_cnn\src\visual\..\..\features\frames\Ses02M_script01_2\1.jpg,3
C:\EPICS26\iemocap_cnn\src\visual\..\..\features\frames\Ses02M_script01_2\4.jpg,3
C:\EPICS26\iemocap_cnn\src\visual\..\..\features\frames\Ses02M_script01_2\5.jpg,3
C:\EPICS26\iemocap_cnn\src\visual\..\..\features\frames\Ses02M_script01_2\7.jpg,3
C:\EPICS26\iemocap_cnn\src\visual\..\..\features\frames\Ses02M_script01_3\1.jpg,1
C:\EPICS26\iemocap_cnn\src\visual\..\..\features\frames\Ses02M_script01_3\2.jpg,1
C:\EPICS26\iemocap_cnn\src\visual\..\..\features\frames\Ses02M_script01_3\3.jpg,1
C:\EPICS26\iemocap_cnn\src\visual\..\..\features\frames\Ses02M_script01_3\7.jpg,1
C:\EPICS26\iemocap_cnn\src\visual\..\..\features\frames\Ses02M_script01_3\8.jpg,3
C:\EPICS26\iemocap_cnn\src\visual\..\..\features\frames\Ses02M_script01_3\9.jpg,1
C:\EPICS26\iemocap_cnn\src\visual\..\..\features\frames\Ses02M_script01_3\12.jpg,1
C:\EPICS26\iemocap_cnn\src\visual\..\..\features\frames\Ses02M_script01_3\13.jpg,1
C:\EPICS26\iemocap_cnn\src\visual\..\..\features\frames\Ses02M_script01_3\19.jpg,2
C:\EPICS26\iemocap_cnn\src\visual\..\..\features\frames\Ses02M_script01_3\21.jpg,2
C:\EPICS26\iemocap_cnn\src\visual\..\..\features\frames\Ses02M_script01_3\25.jpg,2
C:\EPICS26\iemocap_cnn\src\visual\..\..\features\frames\Ses02M_script01_3\26.jpg,2
C:\EPICS26\iemocap_cnn\src\visual\..\..\features\frames\Ses02M_script01_3\27.jpg,2
C:\EPICS26\iemocap_cnn\src\visual\..\..\features\frames\Ses02M_script01_3\28.jpg,1
C:\EPICS26\iemocap_cnn\src\visual\..\..\features\frames\Ses02M_script01_3\0.jpg,1
C:\EPICS26\iemocap_cnn\src\visual\..\..\features\frames\Ses02M_script01_3\10.jpg,1
C:\EPICS26\iemocap_cnn\src\visual\..\..\features\frames\Ses02M_script01_3\14.jpg,1
C:\EPICS26\iemocap_cnn\src\visual\..\..\features\frames\Ses02M_script01_3\15.jpg,1
C:\EPICS26\iemocap_cnn\src\visual\..\..\features\frames\Ses02M_script01_3\20.jpg,2
C:\EPICS26\iemocap_cnn\src\visual\..\..\features\frames\Ses02M_script01_3\21.jpg,2
C:\EPICS26\iemocap_cnn\src\visual\..\..\features\frames\Ses02M_script01_3\22.jpg,2
C:\EPICS26\iemocap_cnn\src\visual\..\..\features\frames\Ses02M_script01_3\25.jpg,2
C:\EPICS26\iemocap_cnn\src\visual\..\..\features\frames\Ses02M_script01_3\26.jpg,2
C:\EPICS26\iemocap_cnn\src\visual\..\..\features\frames\Ses02M_script01_3\27.jpg,2
C:\EPICS26\iemocap_cnn\src\visual\..\..\features\frames\Ses02M_script01_3\28.jpg,2
C:\EPICS26\iemocap_cnn\src\visual\..\..\features\frames\Ses02M_script01_3\29.jpg,2
C:\EPICS26\iemocap_cnn\src\visual\..\..\features\frames\Ses02M_script01_3\30.jpg,2
C:\EPICS26\iemocap_cnn\src\visual\..\..\features\frames\Ses02M_script01_3\31.jpg,2
C:\EPICS26\iemocap_cnn\src\visual\..\..\features\frames\Ses02M_script01_3\32.jpg,2
C:\EPICS26\iemocap_cnn\src\visual\..\..\features\frames\Ses02M_script01_3\33.jpg,2
C:\EPICS26\iemocap_cnn\src\visual\..\..\features\frames\Ses02M_script01_3\34.jpg,2
C:\EPICS26\iemocap_cnn\src\visual\..\..\features\frames\Ses02M_script01_3\35.jpg,2
C:\EPICS26\iemocap_cnn\src\visual\..\..\features\frames\Ses02M_script01_3\36.jpg,3
C:\EPICS26\iemocap_cnn\src\visual\..\..\features\frames\Ses02M_script02_1\0.jpg,3
C:\EPICS26\iemocap_cnn\src\visual\..\..\features\frames\Ses02M_script02_1\1.jpg,3
C:\EPICS26\iemocap_cnn\src\visual\..\..\features\frames\Ses02M_script02_1\5.jpg,3
C:\EPICS26\iemocap_cnn\src\visual\..\..\features\frames\Ses02M_script02_1\6.jpg,3
C:\EPICS26\iemocap_cnn\src\visual\..\..\features\frames\Ses02M_script02_1\11.jpg,3
C:\EPICS26\iemocap_cnn\src\visual\..\..\features\frames\Ses02M_script02_1\16.jpg,2
C:\EPICS26\iemocap_cnn\src\visual\..\..\features\frames\Ses02M_script02_1\17.jpg,3
C:\EPICS26\iemocap_cnn\src\visual\..\..\features\frames\Ses02M_script02_1\18.jpg,0
C:\EPICS26\iemocap_cnn\src\visual\..\..\features\frames\Ses02M_script02_1\20.jpg,3
C:\EPICS26\iemocap_cnn\src\visual\..\..\features\frames\Ses02M_script02_1\21.jpg,3
C:\EPICS26\iemocap_cnn\src\visual\..\..\features\frames\Ses02M_script02_1\0.jpg,1
C:\EPICS26\iemocap_cnn\src\visual\..\..\features\frames\Ses02M_script02_1\1.jpg,1
C:\EPICS26\iemocap_cnn\src\visual\..\..\features\frames\Ses02M_script02_1\3.jpg,1
C:\EPICS26\iemocap_cnn\src\visual\..\..\features\frames\Ses02M_script02_1\4.jpg,1
C:\EPICS26\iemocap_cnn\src\visual\..\..\features\frames\Ses02M_script02_1\5.jpg,1
C:\EPICS26\iemocap_cnn\src\visual\..\..\features\frames\Ses02M_script02_1\6.jpg,1
C:\EPICS26\iemocap_cnn\src\visual\..\..\features\frames\Ses02M_script02_1\13.jpg,1
C:\EPICS26\iemocap_cnn\src\visual\..\..\features\frames\Ses02M_script02_1\14.jpg,1
C:\EPICS26\iemocap_cnn\src\visual\..\..\features\frames\Ses02M_script02_1\15.jpg,1
C:\EPICS26\iemocap_cnn\src\visual\..\..\features\frames\Ses02M_script02_1\16.jpg,1
C:\EPICS26\iemocap_cnn\src\visual\..\..\features\frames\Ses02M_script02_1\23.jpg,1
C:\EPICS26\iemocap_cnn\src\visual\..\..\features\frames\Ses02M_script02_1\24.jpg,1
C:\EPICS26\iemocap_cnn\src\visual\..\..\features\frames\Ses02M_script02_1\25.jpg,1
C:\EPICS26\iemocap_cnn\src\visual\..\..\features\frames\Ses02M_script02_1\26.jpg,1
C:\EPICS26\iemocap_cnn\src\visual\..\..\features\frames\Ses02M_script02_1\28.jpg,1
C:\EPICS26\iemocap_cnn\src\visual\..\..\features\frames\Ses02M_script02_1\29.jpg,1
C:\EPICS26\iemocap_cnn\src\visual\..\..\features\frames\Ses02M_script02_1\35.jpg,1
C:\EPICS26\iemocap_cnn\src\visual\..\..\features\frames\Ses02M_script02_1\36.jpg,1
C:\EPICS26\iemocap_cnn\src\visual\..\..\features\frames\Ses02M_script02_1\37.jpg,1
C:\EPICS26\iemocap_cnn\src\visual\..\..\features\frames\Ses02M_script02_1\38.jpg,1
C:\EPICS26\iemocap_cnn\src\visual\..\..\features\frames\Ses02M_script02_1\39.jpg,1
C:\EPICS26\iemocap_cnn\src\visual\..\..\features\frames\Ses02M_script02_1\40.jpg,1
C:\EPICS26\iemocap_cnn\src\visual\..\..\features\frames\Ses02M_script02_1\41.jpg,1
C:\EPICS26\iemocap_cnn\src\visual\..\..\features\frames\Ses02M_script02_1\42.jpg,1
C:\EPICS26\iemocap_cnn\src\visual\..\..\features\frames\Ses02M_script02_2\5.jpg,0
C:\EPICS26\iemocap_cnn\src\visual\..\..\features\frames\Ses02M_script02_2\6.jpg,0
C:\EPICS26\iemocap_cnn\src\visual\..\..\features\frames\Ses02M_script02_2\11.jpg,0
C:\EPICS26\iemocap_cnn\src\visual\..\..\features\frames\Ses02M_script02_2\13.jpg,0
C:\EPICS26\iemocap_cnn\src\visual\..\..\features\frames\Ses02M_script02_2\15.jpg,2
C:\EPICS26\iemocap_cnn\src\visual\..\..\features\frames\Ses02M_script02_2\16.jpg,2
C:\EPICS26\iemocap_cnn\src\visual\..\..\features\frames\Ses02M_script02_2\17.jpg,2
C:\EPICS26\iemocap_cnn\src\visual\..\..\features\frames\Ses02M_script02_2\18.jpg,2
C:\EPICS26\iemocap_cnn\src\visual\..\..\features\frames\Ses02M_script02_2\19.jpg,2
C:\EPICS26\iemocap_cnn\src\visual\..\..\features\frames\Ses02M_script02_2\20.jpg,2
C:\EPICS26\iemocap_cnn\src\visual\..\..\features\frames\Ses02M_script02_2\21.jpg,2
C:\EPICS26\iemocap_cnn\src\visual\..\..\features\frames\Ses02M_script02_2\22.jpg,2
C:\EPICS26\iemocap_cnn\src\visual\..\..\features\frames\Ses02M_script02_2\31.jpg,2
C:\EPICS26\iemocap_cnn\src\visual\..\..\features\frames\Ses02M_script02_2\34.jpg,2
C:\EPICS26\iemocap_cnn\src\visual\..\..\features\frames\Ses02M_script02_2\37.jpg,1
C:\EPICS26\iemocap_cnn\src\visual\..\..\features\frames\Ses02M_script02_2\38.jpg,2
C:\EPICS26\iemocap_cnn\src\visual\..\..\features\frames\Ses02M_script02_2\42.jpg,1
C:\EPICS26\iemocap_cnn\src\visual\..\..\features\frames\Ses02M_script02_2\44.jpg,2
C:\EPICS26\iemocap_cnn\src\visual\..\..\features\frames\Ses02M_script02_2\45.jpg,1
C:\EPICS26\iemocap_cnn\src\visual\..\..\features\frames\Ses02M_script02_2\46.jpg,3
C:\EPICS26\iemocap_cnn\src\visual\..\..\features\frames\Ses02M_script02_2\0.jpg,3
C:\EPICS26\iemocap_cnn\src\visual\..\..\features\frames\Ses02M_script02_2\1.jpg,3
C:\EPICS26\iemocap_cnn\src\visual\..\..\features\frames\Ses02M_script02_2\2.jpg,3
C:\EPICS26\iemocap_cnn\src\visual\..\..\features\frames\Ses02M_script02_2\10.jpg,3
C:\EPICS26\iemocap_cnn\src\visual\..\..\features\frames\Ses02M_script02_2\15.jpg,3
C:\EPICS26\iemocap_cnn\src\visual\..\..\features\frames\Ses02M_script02_2\16.jpg,3
C:\EPICS26\iemocap_cnn\src\visual\..\..\features\frames\Ses02M_script02_2\17.jpg,3
C:\EPICS26\iemocap_cnn\src\visual\..\..\features\frames\Ses02M_script02_2\19.jpg,1
C:\EPICS26\iemocap_cnn\src\visual\..\..\features\frames\Ses02M_script02_2\20.jpg,1
C:\EPICS26\iemocap_cnn\src\visual\..\..\features\frames\Ses02M_script02_2\21.jpg,3
C:\EPICS26\iemocap_cnn\src\visual\..\..\features\frames\Ses02M_script02_2\22.jpg,3
C:\EPICS26\iemocap_cnn\src\visual\..\..\features\frames\Ses02M_script02_2\23.jpg,3
C:\EPICS26\iemocap_cnn\src\visual\..\..\features\frames\Ses02M_script02_2\25.jpg,3
C:\EPICS26\iemocap_cnn\src\visual\..\..\features\frames\Ses02M_script02_2\29.jpg,0
C:\EPICS26\iemocap_cnn\src\visual\..\..\features\frames\Ses02M_script02_2\35.jpg,2
C:\EPICS26\iemocap_cnn\src\visual\..\..\features\frames\Ses02M_script02_2\37.jpg,2
C:\EPICS26\iemocap_cnn\src\visual\..\..\features\frames\Ses02M_script02_2\38.jpg,2
C:\EPICS26\iemocap_cnn\src\visual\..\..\features\frames\Ses02M_script02_2\40.jpg,1
C:\EPICS26\iemocap_cnn\src\visual\..\..\features\frames\Ses02M_script02_2\41.jpg,1
C:\EPICS26\iemocap_cnn\src\visual\..\..\features\frames\Ses02M_script02_2\42.jpg,1
C:\EPICS26\iemocap_cnn\src\visual\..\..\features\frames\Ses02M_script02_2\45.jpg,1
C:\EPICS26\iemocap_cnn\src\visual\..\..\features\frames\Ses02M_script02_2\46.jpg,1
C:\EPICS26\iemocap_cnn\src\visual\..\..\features\frames\Ses02M_script03_1\2.jpg,1
C:\EPICS26\iemocap_cnn\src\visual\..\..\features\frames\Ses02M_script03_1\3.jpg,1
C:\EPICS26\iemocap_cnn\src\visual\..\..\features\frames\Ses02M_script03_1\5.jpg,1
C:\EPICS26\iemocap_cnn\src\visual\..\..\features\frames\Ses02M_script03_1\6.jpg,1
C:\EPICS26\iemocap_cnn\src\visual\..\..\features\frames\Ses02M_script03_1\7.jpg,1
C:\EPICS26\iemocap_cnn\src\visual\..\..\features\frames\Ses02M_script03_1\12.jpg,1
C:\EPICS26\iemocap_cnn\src\visual\..\..\features\frames\Ses02M_script03_1\15.jpg,2
C:\EPICS26\iemocap_cnn\src\visual\..\..\features\frames\Ses02M_script03_1\21.jpg,1
C:\EPICS26\iemocap_cnn\src\visual\..\..\features\frames\Ses02M_script03_1\22.jpg,1
C:\EPICS26\iemocap_cnn\src\visual\..\..\features\frames\Ses02M_script03_1\23.jpg,1
C:\EPICS26\iemocap_cnn\src\visual\..\..\features\frames\Ses02M_script03_1\24.jpg,1
C:\EPICS26\iemocap_cnn\src\visual\..\..\features\frames\Ses02M_script03_1\25.jpg,1
C:\EPICS26\iemocap_cnn\src\visual\..\..\features\frames\Ses02M_script03_1\27.jpg,1
C:\EPICS26\iemocap_cnn\src\visual\..\..\features\frames\Ses02M_script03_1\28.jpg,1
C:\EPICS26\iemocap_cnn\src\visual\..\..\features\frames\Ses02M_script03_1\29.jpg,1
C:\EPICS26\iemocap_cnn\src\visual\..\..\features\frames\Ses02M_script03_1\5.jpg,1
C:\EPICS26\iemocap_cnn\src\visual\..\..\features\frames\Ses02M_script03_1\7.jpg,1
C:\EPICS26\iemocap_cnn\src\visual\..\..\features\frames\Ses02M_script03_1\8.jpg,1
C:\EPICS26\iemocap_cnn\src\visual\..\..\features\frames\Ses02M_script03_1\9.jpg,2
C:\EPICS26\iemocap_cnn\src\visual\..\..\features\frames\Ses02M_script03_1\10.jpg,1
C:\EPICS26\iemocap_cnn\src\visual\..\..\features\frames\Ses02M_script03_1\11.jpg,1
C:\EPICS26\iemocap_cnn\src\visual\..\..\features\frames\Ses02M_script03_1\12.jpg,1
C:\EPICS26\iemocap_cnn\src\visual\..\..\features\frames\Ses02M_script03_1\14.jpg,1
C:\EPICS26\iemocap_cnn\src\visual\..\..\features\frames\Ses02M_script03_1\15.jpg,1
C:\EPICS26\iemocap_cnn\src\visual\..\..\features\frames\Ses02M_script03_1\16.jpg,2
C:\EPICS26\iemocap_cnn\src\visual\..\..\features\frames\Ses02M_script03_1\18.jpg,1
C:\EPICS26\iemocap_cnn\src\visual\..\..\features\frames\Ses02M_script03_1\19.jpg,1
C:\EPICS26\iemocap_cnn\src\visual\..\..\features\frames\Ses02M_script03_1\20.jpg,1
C:\EPICS26\iemocap_cnn\src\visual\..\..\features\frames\Ses02M_script03_1\21.jpg,1
C:\EPICS26\iemocap_cnn\src\visual\..\..\features\frames\Ses02M_script03_1\22.jpg,1
C:\EPICS26\iemocap_cnn\src\visual\..\..\features\frames\Ses02M_script03_1\24.jpg,1
C:\EPICS26\iemocap_cnn\src\visual\..\..\features\frames\Ses02M_script03_1\29.jpg,1
C:\EPICS26\iemocap_cnn\src\visual\..\..\features\frames\Ses02M_script03_1\31.jpg,1
C:\EPICS26\iemocap_cnn\src\visual\..\..\features\frames\Ses02M_script03_2\0.jpg,1
C:\EPICS26\iemocap_cnn\src\visual\..\..\features\frames\Ses02M_script03_2\1.jpg,1
C:\EPICS26\iemocap_cnn\src\visual\..\..\features\frames\Ses02M_script03_2\2.jpg,3
C:\EPICS26\iemocap_cnn\src\visual\..\..\features\frames\Ses02M_script03_2\3.jpg,3
C:\EPICS26\iemocap_cnn\src\visual\..\..\features\frames\Ses02M_script03_2\5.jpg,3
C:\EPICS26\iemocap_cnn\src\visual\..\..\features\frames\Ses02M_script03_2\6.jpg,3
C:\EPICS26\iemocap_cnn\src\visual\..\..\features\frames\Ses02M_script03_2\7.jpg,3
C:\EPICS26\iemocap_cnn\src\visual\..\..\features\frames\Ses02M_script03_2\9.jpg,3
C:\EPICS26\iemocap_cnn\src\visual\..\..\features\frames\Ses02M_script03_2\11.jpg,3
C:\EPICS26\iemocap_cnn\src\visual\..\..\features\frames\Ses02M_script03_2\12.jpg,3
C:\EPICS26\iemocap_cnn\src\visual\..\..\features\frames\Ses02M_script03_2\14.jpg,0
C:\EPICS26\iemocap_cnn\src\visual\..\..\features\frames\Ses02M_script03_2\15.jpg,3
C:\EPICS26\iemocap_cnn\src\visual\..\..\features\frames\Ses02M_script03_2\19.jpg,0
C:\EPICS26\iemocap_cnn\src\visual\..\..\features\frames\Ses02M_script03_2\23.jpg,0
C:\EPICS26\iemocap_cnn\src\visual\..\..\features\frames\Ses02M_script03_2\24.jpg,3
C:\EPICS26\iemocap_cnn\src\visual\..\..\features\frames\Ses02M_script03_2\28.jpg,0
C:\EPICS26\iemocap_cnn\src\visual\..\..\features\frames\Ses02M_script03_2\35.jpg,0
C:\EPICS26\iemocap_cnn\src\visual\..\..\features\frames\Ses02M_script03_2\36.jpg,0
C:\EPICS26\iemocap_cnn\src\visual\..\..\features\frames\Ses02M_script03_2\37.jpg,0
C:\EPICS26\iemocap_cnn\src\visual\..\..\features\frames\Ses02M_script03_2\38.jpg,0
C:\EPICS26\iemocap_cnn\src\visual\..\..\features\frames\Ses02M_script03_2\39.jpg,0
C:\EPICS26\iemocap_cnn\src\visual\..\..\features\frames\Ses02M_script03_2\40.jpg,0
C:\EPICS26\iemocap_cnn\src\visual\..\..\features\frames\Ses02M_script03_2\41.jpg,0
C:\EPICS26\iemocap_cnn\src\visual\..\..\features\frames\Ses02M_script03_2\42.jpg,0
C:\EPICS26\iemocap_cnn\src\visual\..\..\features\frames\Ses02M_script03_2\0.jpg,3
C:\EPICS26\iemocap_cnn\src\visual\..\..\features\frames\Ses02M_script03_2\1.jpg,0
C:\EPICS26\iemocap_cnn\src\visual\..\..\features\frames\Ses02M_script03_2\3.jpg,0
C:\EPICS26\iemocap_cnn\src\visual\..\..\features\frames\Ses02M_script03_2\5.jpg,0
C:\EPICS26\iemocap_cnn\src\visual\..\..\features\frames\Ses02M_script03_2\7.jpg,0
C:\EPICS26\iemocap_cnn\src\visual\..\..\features\frames\Ses02M_script03_2\10.jpg,3
C:\EPICS26\iemocap_cnn\src\visual\..\..\features\frames\Ses02M_script03_2\11.jpg,3
C:\EPICS26\iemocap_cnn\src\visual\..\..\features\frames\Ses02M_script03_2\12.jpg,3
C:\EPICS26\iemocap_cnn\src\visual\..\..\features\frames\Ses02M_script03_2\16.jpg,3
C:\EPICS26\iemocap_cnn\src\visual\..\..\features\frames\Ses02M_script03_2\18.jpg,3
C:\EPICS26\iemocap_cnn\src\visual\..\..\features\frames\Ses02M_script03_2\24.jpg,3
C:\EPICS26\iemocap_cnn\src\visual\..\..\features\frames\Ses02M_script03_2\26.jpg,0
C:\EPICS26\iemocap_cnn\src\visual\..\..\features\frames\Ses02M_script03_2\27.jpg,0
C:\EPICS26\iemocap_cnn\src\visual\..\..\features\frames\Ses02M_script03_2\31.jpg,0
C:\EPICS26\iemocap_cnn\src\visual\..\..\features\frames\Ses02M_script03_2\32.jpg,3
C:\EPICS26\iemocap_cnn\src\visual\..\..\features\frames\Ses02M_script03_2\33.jpg,3
C:\EPICS26\iemocap_cnn\src\visual\..\..\features\frames\Ses02M_script03_2\39.jpg,0
C:\EPICS26\iemocap_cnn\src\visual\..\..\features\frames\Ses02M_script03_2\40.jpg,0
C:\EPICS26\iemocap_cnn\src\visual\..\..\features\frames\Ses02M_script03_2\41.jpg,0
C:\EPICS26\iemocap_cnn\src\visual\..\..\features\frames\Ses02M_script03_2\42.jpg,0
C:\EPICS26\iemocap_cnn\src\visual\..\..\features\frames\Ses02M_script03_2\43.jpg,0
C:\EPICS26\iemocap_cnn\src\visual\..\..\features\frames\Ses02M_script03_2\44.jpg,0
C:\EPICS26\iemocap_cnn\src\visual\..\..\features\frames\Ses02M_script03_2\45.jpg,0
C:\EPICS26\iemocap_cnn\src\visual\..\..\features\frames\Ses02M_script03_2\46.jpg,0
C:\EPICS26\iemocap_cnn\src\visual\..\..\features\frames\Ses02M_script03_2\47.jpg,0
C:\EPICS26\iemocap_cnn\src\visual\..\..\features\frames\Ses03F_impro01\2.jpg,3
C:\EPICS26\iemocap_cnn\src\visual\..\..\features\frames\Ses03F_impro01\1.jpg,3
C:\EPICS26\iemocap_cnn\src\visual\..\..\features\frames\Ses03F_impro01\2.jpg,3
C:\EPICS26\iemocap_cnn\src\visual\..\..\features\frames\Ses03F_impro01\3.jpg,3
C:\EPICS26\iemocap_cnn\src\visual\..\..\features\frames\Ses03F_impro01\4.jpg,3
C:\EPICS26\iemocap_cnn\src\visual\..\..\features\frames\Ses03F_impro01\5.jpg,3
C:\EPICS26\iemocap_cnn\src\visual\..\..\features\frames\Ses03F_impro02\0.jpg,3
C:\EPICS26\iemocap_cnn\src\visual\..\..\features\frames\Ses03F_impro02\1.jpg,3
C:\EPICS26\iemocap_cnn\src\visual\..\..\features\frames\Ses03F_impro02\5.jpg,1
C:\EPICS26\iemocap_cnn\src\visual\..\..\features\frames\Ses03F_impro02\7.jpg,1
C:\EPICS26\iemocap_cnn\src\visual\..\..\features\frames\Ses03F_impro02\8.jpg,2
C:\EPICS26\iemocap_cnn\src\visual\..\..\features\frames\Ses03F_impro02\10.jpg,2
C:\EPICS26\iemocap_cnn\src\visual\..\..\features\frames\Ses03F_impro02\11.jpg,2
C:\EPICS26\iemocap_cnn\src\visual\..\..\features\frames\Ses03F_impro02\12.jpg,2
C:\EPICS26\iemocap_cnn\src\visual\..\..\features\frames\Ses03F_impro02\15.jpg,2
C:\EPICS26\iemocap_cnn\src\visual\..\..\features\frames\Ses03F_impro02\18.jpg,2
C:\EPICS26\iemocap_cnn\src\visual\..\..\features\frames\Ses03F_impro02\19.jpg,2
C:\EPICS26\iemocap_cnn\src\visual\..\..\features\frames\Ses03F_impro02\20.jpg,2
C:\EPICS26\iemocap_cnn\src\visual\..\..\features\frames\Ses03F_impro02\21.jpg,2
C:\EPICS26\iemocap_cnn\src\visual\..\..\features\frames\Ses03F_impro02\23.jpg,2
C:\EPICS26\iemocap_cnn\src\visual\..\..\features\frames\Ses03F_impro02\24.jpg,2
C:\EPICS26\iemocap_cnn\src\visual\..\..\features\frames\Ses03F_impro02\25.jpg,2
C:\EPICS26\iemocap_cnn\src\visual\..\..\features\frames\Ses03F_impro02\26.jpg,2
C:\EPICS26\iemocap_cnn\src\visual\..\..\features\frames\Ses03F_impro02\27.jpg,2
C:\EPICS26\iemocap_cnn\src\visual\..\..\features\frames\Ses03F_impro02\28.jpg,2
C:\EPICS26\iemocap_cnn\src\visual\..\..\features\frames\Ses03F_impro02\29.jpg,2
C:\EPICS26\iemocap_cnn\src\visual\..\..\features\frames\Ses03F_impro02\31.jpg,2
C:\EPICS26\iemocap_cnn\src\visual\..\..\features\frames\Ses03F_impro02\32.jpg,2
C:\EPICS26\iemocap_cnn\src\visual\..\..\features\frames\Ses03F_impro02\34.jpg,2
C:\EPICS26\iemocap_cnn\src\visual\..\..\features\frames\Ses03F_impro02\35.jpg,2
C:\EPICS26\iemocap_cnn\src\visual\..\..\features\frames\Ses03F_impro02\36.jpg,2
C:\EPICS26\iemocap_cnn\src\visual\..\..\features\frames\Ses03F_impro02\37.jpg,2
C:\EPICS26\iemocap_cnn\src\visual\..\..\features\frames\Ses03F_impro02\38.jpg,2
C:\EPICS26\iemocap_cnn\src\visual\..\..\features\frames\Ses03F_impro02\39.jpg,2
C:\EPICS26\iemocap_cnn\src\visual\..\..\features\frames\Ses03F_impro02\40.jpg,2
C:\EPICS26\iemocap_cnn\src\visual\..\..\features\frames\Ses03F_impro02\41.jpg,2
C:\EPICS26\iemocap_cnn\src\visual\..\..\features\frames\Ses03F_impro02\42.jpg,2
C:\EPICS26\iemocap_cnn\src\visual\..\..\features\frames\Ses03F_impro02\0.jpg,3
C:\EPICS26\iemocap_cnn\src\visual\..\..\features\frames\Ses03F_impro02\1.jpg,1
C:\EPICS26\iemocap_cnn\src\visual\..\..\features\frames\Ses03F_impro02\7.jpg,0
C:\EPICS26\iemocap_cnn\src\visual\..\..\features\frames\Ses03F_impro02\14.jpg,2
C:\EPICS26\iemocap_cnn\src\visual\..\..\features\frames\Ses03F_impro02\16.jpg,2
C:\EPICS26\iemocap_cnn\src\visual\..\..\features\frames\Ses03F_impro02\17.jpg,2
C:\EPICS26\iemocap_cnn\src\visual\..\..\features\frames\Ses03F_impro02\18.jpg,2
C:\EPICS26\iemocap_cnn\src\visual\..\..\features\frames\Ses03F_impro02\19.jpg,2
C:\EPICS26\iemocap_cnn\src\visual\..\..\features\frames\Ses03F_impro02\20.jpg,2
C:\EPICS26\iemocap_cnn\src\visual\..\..\features\frames\Ses03F_impro02\21.jpg,2
C:\EPICS26\iemocap_cnn\src\visual\..\..\features\frames\Ses03F_impro02\24.jpg,2
C:\EPICS26\iemocap_cnn\src\visual\..\..\features\frames\Ses03F_impro02\25.jpg,2
C:\EPICS26\iemocap_cnn\src\visual\..\..\features\frames\Ses03F_impro02\27.jpg,0
C:\EPICS26\iemocap_cnn\src\visual\..\..\features\frames\Ses03F_impro02\28.jpg,2
C:\EPICS26\iemocap_cnn\src\visual\..\..\features\frames\Ses03F_impro02\29.jpg,2
C:\EPICS26\iemocap_cnn\src\visual\..\..\features\frames\Ses03F_impro02\31.jpg,2
C:\EPICS26\iemocap_cnn\src\visual\..\..\features\frames\Ses03F_impro03\0.jpg,1
C:\EPICS26\iemocap_cnn\src\visual\..\..\features\frames\Ses03F_impro04\2.jpg,2
C:\EPICS26\iemocap_cnn\src\visual\..\..\features\frames\Ses03F_impro04\22.jpg,2
C:\EPICS26\iemocap_cnn\src\visual\..\..\features\frames\Ses03F_impro04\23.jpg,2
C:\EPICS26\iemocap_cnn\src\visual\..\..\features\frames\Ses03F_impro04\24.jpg,2
C:\EPICS26\iemocap_cnn\src\visual\..\..\features\frames\Ses03F_impro04\0.jpg,3
C:\EPICS26\iemocap_cnn\src\visual\..\..\features\frames\Ses03F_impro04\1.jpg,3
C:\EPICS26\iemocap_cnn\src\visual\..\..\features\frames\Ses03F_impro04\2.jpg,3
C:\EPICS26\iemocap_cnn\src\visual\..\..\features\frames\Ses03F_impro04\3.jpg,3
C:\EPICS26\iemocap_cnn\src\visual\..\..\features\frames\Ses03F_impro04\4.jpg,3
C:\EPICS26\iemocap_cnn\src\visual\..\..\features\frames\Ses03F_impro04\5.jpg,3
C:\EPICS26\iemocap_cnn\src\visual\..\..\features\frames\Ses03F_impro04\6.jpg,3
C:\EPICS26\iemocap_cnn\src\visual\..\..\features\frames\Ses03F_impro04\7.jpg,3
C:\EPICS26\iemocap_cnn\src\visual\..\..\features\frames\Ses03F_impro04\8.jpg,3
C:\EPICS26\iemocap_cnn\src\visual\..\..\features\frames\Ses03F_impro04\9.jpg,3
C:\EPICS26\iemocap_cnn\src\visual\..\..\features\frames\Ses03F_impro04\10.jpg,3
C:\EPICS26\iemocap_cnn\src\visual\..\..\features\frames\Ses03F_impro04\11.jpg,3
C:\EPICS26\iemocap_cnn\src\visual\..\..\features\frames\Ses03F_impro04\12.jpg,3
C:\EPICS26\iemocap_cnn\src\visual\..\..\features\frames\Ses03F_impro04\13.jpg,3
C:\EPICS26\iemocap_cnn\src\visual\..\..\features\frames\Ses03F_impro04\14.jpg,3
C:\EPICS26\iemocap_cnn\src\visual\..\..\features\frames\Ses03F_impro04\15.jpg,3
C:\EPICS26\iemocap_cnn\src\visual\..\..\features\frames\Ses03F_impro04\16.jpg,3
C:\EPICS26\iemocap_cnn\src\visual\..\..\features\frames\Ses03F_impro04\17.jpg,3
C:\EPICS26\iemocap_cnn\src\visual\..\..\features\frames\Ses03F_impro04\18.jpg,3
C:\EPICS26\iemocap_cnn\src\visual\..\..\features\frames\Ses03F_impro04\19.jpg,3
C:\EPICS26\iemocap_cnn\src\visual\..\..\features\frames\Ses03F_impro05\2.jpg,0
C:\EPICS26\iemocap_cnn\src\visual\..\..\features\frames\Ses03F_impro05\5.jpg,0
C:\EPICS26\iemocap_cnn\src\visual\..\..\features\frames\Ses03F_impro05\7.jpg,0
C:\EPICS26\iemocap_cnn\src\visual\..\..\features\frames\Ses03F_impro05\8.jpg,0
C:\EPICS26\iemocap_cnn\src\visual\..\..\features\frames\Ses03F_impro05\9.jpg,0
C:\EPICS26\iemocap_cnn\src\visual\..\..\features\frames\Ses03F_impro05\10.jpg,0
C:\EPICS26\iemocap_cnn\src\visual\..\..\features\frames\Ses03F_impro05\11.jpg,0
C:\EPICS26\iemocap_cnn\src\visual\..\..\features\frames\Ses03F_impro05\15.jpg,0
C:\EPICS26\iemocap_cnn\src\visual\..\..\features\frames\Ses03F_impro05\16.jpg,0
C:\EPICS26\iemocap_cnn\src\visual\..\..\features\frames\Ses03F_impro05\17.jpg,0
C:\EPICS26\iemocap_cnn\src\visual\..\..\features\frames\Ses03F_impro05\3.jpg,3
C:\EPICS26\iemocap_cnn\src\visual\..\..\features\frames\Ses03F_impro05\8.jpg,3
C:\EPICS26\iemocap_cnn\src\visual\..\..\features\frames\Ses03F_impro05\9.jpg,3
C:\EPICS26\iemocap_cnn\src\visual\..\..\features\frames\Ses03F_impro05\11.jpg,3
C:\EPICS26\iemocap_cnn\src\visual\..\..\features\frames\Ses03F_impro05\13.jpg,3
C:\EPICS26\iemocap_cnn\src\visual\..\..\features\frames\Ses03F_impro05\14.jpg,3
C:\EPICS26\iemocap_cnn\src\visual\..\..\features\frames\Ses03F_impro06\0.jpg,2
C:\EPICS26\iemocap_cnn\src\visual\..\..\features\frames\Ses03F_impro06\1.jpg,2
C:\EPICS26\iemocap_cnn\src\visual\..\..\features\frames\Ses03F_impro06\2.jpg,2
C:\EPICS26\iemocap_cnn\src\visual\..\..\features\frames\Ses03F_impro06\3.jpg,2
C:\EPICS26\iemocap_cnn\src\visual\..\..\features\frames\Ses03F_impro06\4.jpg,2
C:\EPICS26\iemocap_cnn\src\visual\..\..\features\frames\Ses03F_impro06\5.jpg,2
C:\EPICS26\iemocap_cnn\src\visual\..\..\features\frames\Ses03F_impro06\6.jpg,2
C:\EPICS26\iemocap_cnn\src\visual\..\..\features\frames\Ses03F_impro06\7.jpg,2
C:\EPICS26\iemocap_cnn\src\visual\..\..\features\frames\Ses03F_impro06\8.jpg,2
C:\EPICS26\iemocap_cnn\src\visual\..\..\features\frames\Ses03F_impro06\9.jpg,2
C:\EPICS26\iemocap_cnn\src\visual\..\..\features\frames\Ses03F_impro06\10.jpg,2
C:\EPICS26\iemocap_cnn\src\visual\..\..\features\frames\Ses03F_impro06\11.jpg,2
C:\EPICS26\iemocap_cnn\src\visual\..\..\features\frames\Ses03F_impro06\12.jpg,2
C:\EPICS26\iemocap_cnn\src\visual\..\..\features\frames\Ses03F_impro06\13.jpg,2
C:\EPICS26\iemocap_cnn\src\visual\..\..\features\frames\Ses03F_impro06\14.jpg,2
C:\EPICS26\iemocap_cnn\src\visual\..\..\features\frames\Ses03F_impro06\15.jpg,2
C:\EPICS26\iemocap_cnn\src\visual\..\..\features\frames\Ses03F_impro06\16.jpg,2
C:\EPICS26\iemocap_cnn\src\visual\..\..\features\frames\Ses03F_impro06\17.jpg,2
C:\EPICS26\iemocap_cnn\src\visual\..\..\features\frames\Ses03F_impro06\18.jpg,2
C:\EPICS26\iemocap_cnn\src\visual\..\..\features\frames\Ses03F_impro06\19.jpg,2
C:\EPICS26\iemocap_cnn\src\visual\..\..\features\frames\Ses03F_impro06\20.jpg,2
C:\EPICS26\iemocap_cnn\src\visual\..\..\features\frames\Ses03F_impro06\21.jpg,2
C:\EPICS26\iemocap_cnn\src\visual\..\..\features\frames\Ses03F_impro06\22.jpg,2
C:\EPICS26\iemocap_cnn\src\visual\..\..\features\frames\Ses03F_impro06\23.jpg,2
C:\EPICS26\iemocap_cnn\src\visual\..\..\features\frames\Ses03F_impro06\24.jpg,2
C:\EPICS26\iemocap_cnn\src\visual\..\..\features\frames\Ses03F_impro06\25.jpg,2
C:\EPICS26\iemocap_cnn\src\visual\..\..\features\frames\Ses03F_impro06\26.jpg,2
C:\EPICS26\iemocap_cnn\src\visual\..\..\features\frames\Ses03F_impro06\27.jpg,2
C:\EPICS26\iemocap_cnn\src\visual\..\..\features\frames\Ses03F_impro06\28.jpg,2
C:\EPICS26\iemocap_cnn\src\visual\..\..\features\frames\Ses03F_impro06\29.jpg,2
C:\EPICS26\iemocap_cnn\src\visual\..\..\features\frames\Ses03F_impro06\30.jpg,2
C:\EPICS26\iemocap_cnn\src\visual\..\..\features\frames\Ses03F_impro06\31.jpg,2
C:\EPICS26\iemocap_cnn\src\visual\..\..\features\frames\Ses03F_impro06\32.jpg,2
C:\EPICS26\iemocap_cnn\src\visual\..\..\features\frames\Ses03F_impro06\33.jpg,2
C:\EPICS26\iemocap_cnn\src\visual\..\..\features\frames\Ses03F_impro06\34.jpg,2
C:\EPICS26\iemocap_cnn\src\visual\..\..\features\frames\Ses03F_impro06\35.jpg,2
C:\EPICS26\iemocap_cnn\src\visual\..\..\features\frames\Ses03F_impro06\0.jpg,3
C:\EPICS26\iemocap_cnn\src\visual\..\..\features\frames\Ses03F_impro06\1.jpg,3
C:\EPICS26\iemocap_cnn\src\visual\..\..\features\frames\Ses03F_impro06\2.jpg,2
C:\EPICS26\iemocap_cnn\src\visual\..\..\features\frames\Ses03F_impro06\3.jpg,3
C:\EPICS26\iemocap_cnn\src\visual\..\..\features\frames\Ses03F_impro06\4.jpg,2
C:\EPICS26\iemocap_cnn\src\visual\..\..\features\frames\Ses03F_impro06\5.jpg,2
C:\EPICS26\iemocap_cnn\src\visual\..\..\features\frames\Ses03F_impro06\6.jpg,2
C:\EPICS26\iemocap_cnn\src\visual\..\..\features\frames\Ses03F_impro06\7.jpg,2
C:\EPICS26\iemocap_cnn\src\visual\..\..\features\frames\Ses03F_impro06\8.jpg,2
C:\EPICS26\iemocap_cnn\src\visual\..\..\features\frames\Ses03F_impro06\9.jpg,2
C:\EPICS26\iemocap_cnn\src\visual\..\..\features\frames\Ses03F_impro06\10.jpg,2
C:\EPICS26\iemocap_cnn\src\visual\..\..\features\frames\Ses03F_impro06\11.jpg,2
C:\EPICS26\iemocap_cnn\src\visual\..\..\features\frames\Ses03F_impro06\12.jpg,2
C:\EPICS26\iemocap_cnn\src\visual\..\..\features\frames\Ses03F_impro06\13.jpg,2
C:\EPICS26\iemocap_cnn\src\visual\..\..\features\frames\Ses03F_impro06\14.jpg,2
C:\EPICS26\iemocap_cnn\src\visual\..\..\features\frames\Ses03F_impro06\15.jpg,2
C:\EPICS26\iemocap_cnn\src\visual\..\..\features\frames\Ses03F_impro06\16.jpg,2
C:\EPICS26\iemocap_cnn\src\visual\..\..\features\frames\Ses03F_impro08\0.jpg,3
C:\EPICS26\iemocap_cnn\src\visual\..\..\features\frames\Ses03F_impro08\1.jpg,3
C:\EPICS26\iemocap_cnn\src\visual\..\..\features\frames\Ses03F_impro08\0.jpg,0
C:\EPICS26\iemocap_cnn\src\visual\..\..\features\frames\Ses03F_script01_1\4.jpg,3
C:\EPICS26\iemocap_cnn\src\visual\..\..\features\frames\Ses03F_script01_1\5.jpg,3
C:\EPICS26\iemocap_cnn\src\visual\..\..\features\frames\Ses03F_script01_1\7.jpg,3
C:\EPICS26\iemocap_cnn\src\visual\..\..\features\frames\Ses03F_script01_1\10.jpg,3
C:\EPICS26\iemocap_cnn\src\visual\..\..\features\frames\Ses03F_script01_1\14.jpg,3
C:\EPICS26\iemocap_cnn\src\visual\..\..\features\frames\Ses03F_script01_1\17.jpg,0
C:\EPICS26\iemocap_cnn\src\visual\..\..\features\frames\Ses03F_script01_1\19.jpg,3
C:\EPICS26\iemocap_cnn\src\visual\..\..\features\frames\Ses03F_script01_1\21.jpg,3
C:\EPICS26\iemocap_cnn\src\visual\..\..\features\frames\Ses03F_script01_1\30.jpg,3
C:\EPICS26\iemocap_cnn\src\visual\..\..\features\frames\Ses03F_script01_1\31.jpg,3
C:\EPICS26\iemocap_cnn\src\visual\..\..\features\frames\Ses03F_script01_1\45.jpg,3
C:\EPICS26\iemocap_cnn\src\visual\..\..\features\frames\Ses03F_script01_1\46.jpg,3
C:\EPICS26\iemocap_cnn\src\visual\..\..\features\frames\Ses03F_script01_1\50.jpg,3
C:\EPICS26\iemocap_cnn\src\visual\..\..\features\frames\Ses03F_script01_1\52.jpg,3
C:\EPICS26\iemocap_cnn\src\visual\..\..\features\frames\Ses03F_script01_1\53.jpg,3
C:\EPICS26\iemocap_cnn\src\visual\..\..\features\frames\Ses03F_script01_1\0.jpg,3
C:\EPICS26\iemocap_cnn\src\visual\..\..\features\frames\Ses03F_script01_1\1.jpg,3
C:\EPICS26\iemocap_cnn\src\visual\..\..\features\frames\Ses03F_script01_1\2.jpg,3
C:\EPICS26\iemocap_cnn\src\visual\..\..\features\frames\Ses03F_script01_1\3.jpg,3
C:\EPICS26\iemocap_cnn\src\visual\..\..\features\frames\Ses03F_script01_1\4.jpg,3
C:\EPICS26\iemocap_cnn\src\visual\..\..\features\frames\Ses03F_script01_1\5.jpg,3
C:\EPICS26\iemocap_cnn\src\visual\..\..\features\frames\Ses03F_script01_1\6.jpg,3
C:\EPICS26\iemocap_cnn\src\visual\..\..\features\frames\Ses03F_script01_1\7.jpg,3
C:\EPICS26\iemocap_cnn\src\visual\..\..\features\frames\Ses03F_script01_1\8.jpg,3
C:\EPICS26\iemocap_cnn\src\visual\..\..\features\frames\Ses03F_script01_1\9.jpg,3
C:\EPICS26\iemocap_cnn\src\visual\..\..\features\frames\Ses03F_script01_1\16.jpg,3
C:\EPICS26\iemocap_cnn\src\visual\..\..\features\frames\Ses03F_script01_1\17.jpg,3
C:\EPICS26\iemocap_cnn\src\visual\..\..\features\frames\Ses03F_script01_1\18.jpg,3
C:\EPICS26\iemocap_cnn\src\visual\..\..\features\frames\Ses03F_script01_1\20.jpg,3
C:\EPICS26\iemocap_cnn\src\visual\..\..\features\frames\Ses03F_script01_1\21.jpg,0
C:\EPICS26\iemocap_cnn\src\visual\..\..\features\frames\Ses03F_script01_1\22.jpg,0
C:\EPICS26\iemocap_cnn\src\visual\..\..\features\frames\Ses03F_script01_1\26.jpg,2
C:\EPICS26\iemocap_cnn\src\visual\..\..\features\frames\Ses03F_script01_1\27.jpg,0
C:\EPICS26\iemocap_cnn\src\visual\..\..\features\frames\Ses03F_script01_1\28.jpg,3
C:\EPICS26\iemocap_cnn\src\visual\..\..\features\frames\Ses03F_script01_1\29.jpg,3
C:\EPICS26\iemocap_cnn\src\visual\..\..\features\frames\Ses03F_script01_1\30.jpg,3
C:\EPICS26\iemocap_cnn\src\visual\..\..\features\frames\Ses03F_script01_1\31.jpg,3
C:\EPICS26\iemocap_cnn\src\visual\..\..\features\frames\Ses03F_script01_1\34.jpg,3
C:\EPICS26\iemocap_cnn\src\visual\..\..\features\frames\Ses03F_script01_1\36.jpg,3
C:\EPICS26\iemocap_cnn\src\visual\..\..\features\frames\Ses03F_script01_1\41.jpg,3
C:\EPICS26\iemocap_cnn\src\visual\..\..\features\frames\Ses03F_script01_1\42.jpg,3
C:\EPICS26\iemocap_cnn\src\visual\..\..\features\frames\Ses03F_script01_1\45.jpg,0
C:\EPICS26\iemocap_cnn\src\visual\..\..\features\frames\Ses03F_script01_1\46.jpg,0
C:\EPICS26\iemocap_cnn\src\visual\..\..\features\frames\Ses03F_script01_1\47.jpg,3
C:\EPICS26\iemocap_cnn\src\visual\..\..\features\frames\Ses03F_script01_1\48.jpg,3
C:\EPICS26\iemocap_cnn\src\visual\..\..\features\frames\Ses03F_script01_1\49.jpg,3
C:\EPICS26\iemocap_cnn\src\visual\..\..\features\frames\Ses03F_script01_1\50.jpg,3
C:\EPICS26\iemocap_cnn\src\visual\..\..\features\frames\Ses03F_script01_1\52.jpg,3
C:\EPICS26\iemocap_cnn\src\visual\..\..\features\frames\Ses03F_script01_1\53.jpg,3
C:\EPICS26\iemocap_cnn\src\visual\..\..\features\frames\Ses03F_script01_2\0.jpg,0
C:\EPICS26\iemocap_cnn\src\visual\..\..\features\frames\Ses03F_script01_2\1.jpg,0
C:\EPICS26\iemocap_cnn\src\visual\..\..\features\frames\Ses03F_script01_2\2.jpg,0
C:\EPICS26\iemocap_cnn\src\visual\..\..\features\frames\Ses03F_script01_2\4.jpg,0
C:\EPICS26\iemocap_cnn\src\visual\..\..\features\frames\Ses03F_script01_2\6.jpg,0
C:\EPICS26\iemocap_cnn\src\visual\..\..\features\frames\Ses03F_script01_2\11.jpg,2
C:\EPICS26\iemocap_cnn\src\visual\..\..\features\frames\Ses03F_script01_2\13.jpg,0
C:\EPICS26\iemocap_cnn\src\visual\..\..\features\frames\Ses03F_script01_2\15.jpg,0
C:\EPICS26\iemocap_cnn\src\visual\..\..\features\frames\Ses03F_script01_2\16.jpg,0
C:\EPICS26\iemocap_cnn\src\visual\..\..\features\frames\Ses03F_script01_2\18.jpg,2
C:\EPICS26\iemocap_cnn\src\visual\..\..\features\frames\Ses03F_script01_2\20.jpg,2
C:\EPICS26\iemocap_cnn\src\visual\..\..\features\frames\Ses03F_script01_2\21.jpg,2
C:\EPICS26\iemocap_cnn\src\visual\..\..\features\frames\Ses03F_script01_2\1.jpg,3
C:\EPICS26\iemocap_cnn\src\visual\..\..\features\frames\Ses03F_script01_2\3.jpg,3
C:\EPICS26\iemocap_cnn\src\visual\..\..\features\frames\Ses03F_script01_2\4.jpg,3
C:\EPICS26\iemocap_cnn\src\visual\..\..\features\frames\Ses03F_script01_2\6.jpg,3
C:\EPICS26\iemocap_cnn\src\visual\..\..\features\frames\Ses03F_script01_2\7.jpg,3
C:\EPICS26\iemocap_cnn\src\visual\..\..\features\frames\Ses03F_script01_2\8.jpg,3
C:\EPICS26\iemocap_cnn\src\visual\..\..\features\frames\Ses03F_script01_2\9.jpg,3
C:\EPICS26\iemocap_cnn\src\visual\..\..\features\frames\Ses03F_script01_2\11.jpg,0
C:\EPICS26\iemocap_cnn\src\visual\..\..\features\frames\Ses03F_script01_2\13.jpg,0
C:\EPICS26\iemocap_cnn\src\visual\..\..\features\frames\Ses03F_script01_2\14.jpg,0
C:\EPICS26\iemocap_cnn\src\visual\..\..\features\frames\Ses03F_script01_2\15.jpg,0
C:\EPICS26\iemocap_cnn\src\visual\..\..\features\frames\Ses03F_script01_2\16.jpg,0
C:\EPICS26\iemocap_cnn\src\visual\..\..\features\frames\Ses03F_script01_2\17.jpg,0
C:\EPICS26\iemocap_cnn\src\visual\..\..\features\frames\Ses03F_script01_2\18.jpg,0
C:\EPICS26\iemocap_cnn\src\visual\..\..\features\frames\Ses03F_script01_3\0.jpg,1
C:\EPICS26\iemocap_cnn\src\visual\..\..\features\frames\Ses03F_script01_3\1.jpg,1
C:\EPICS26\iemocap_cnn\src\visual\..\..\features\frames\Ses03F_script01_3\2.jpg,1
C:\EPICS26\iemocap_cnn\src\visual\..\..\features\frames\Ses03F_script01_3\3.jpg,2
C:\EPICS26\iemocap_cnn\src\visual\..\..\features\frames\Ses03F_script01_3\8.jpg,2
C:\EPICS26\iemocap_cnn\src\visual\..\..\features\frames\Ses03F_script01_3\11.jpg,1
C:\EPICS26\iemocap_cnn\src\visual\..\..\features\frames\Ses03F_script01_3\12.jpg,1
C:\EPICS26\iemocap_cnn\src\visual\..\..\features\frames\Ses03F_script01_3\13.jpg,1
C:\EPICS26\iemocap_cnn\src\visual\..\..\features\frames\Ses03F_script01_3\14.jpg,1
C:\EPICS26\iemocap_cnn\src\visual\..\..\features\frames\Ses03F_script01_3\18.jpg,1
C:\EPICS26\iemocap_cnn\src\visual\..\..\features\frames\Ses03F_script01_3\21.jpg,1
C:\EPICS26\iemocap_cnn\src\visual\..\..\features\frames\Ses03F_script01_3\23.jpg,1
C:\EPICS26\iemocap_cnn\src\visual\..\..\features\frames\Ses03F_script01_3\25.jpg,2
C:\EPICS26\iemocap_cnn\src\visual\..\..\features\frames\Ses03F_script01_3\26.jpg,2
C:\EPICS26\iemocap_cnn\src\visual\..\..\features\frames\Ses03F_script01_3\27.jpg,2
C:\EPICS26\iemocap_cnn\src\visual\..\..\features\frames\Ses03F_script01_3\28.jpg,2
C:\EPICS26\iemocap_cnn\src\visual\..\..\features\frames\Ses03F_script01_3\29.jpg,2
C:\EPICS26\iemocap_cnn\src\visual\..\..\features\frames\Ses03F_script01_3\30.jpg,2
C:\EPICS26\iemocap_cnn\src\visual\..\..\features\frames\Ses03F_script01_3\31.jpg,2
C:\EPICS26\iemocap_cnn\src\visual\..\..\features\frames\Ses03F_script01_3\32.jpg,2
C:\EPICS26\iemocap_cnn\src\visual\..\..\features\frames\Ses03F_script01_3\33.jpg,2
C:\EPICS26\iemocap_cnn\src\visual\..\..\features\frames\Ses03F_script01_3\35.jpg,1
C:\EPICS26\iemocap_cnn\src\visual\..\..\features\frames\Ses03F_script01_3\0.jpg,1
C:\EPICS26\iemocap_cnn\src\visual\..\..\features\frames\Ses03F_script01_3\1.jpg,3
C:\EPICS26\iemocap_cnn\src\visual\..\..\features\frames\Ses03F_script01_3\3.jpg,3
C:\EPICS26\iemocap_cnn\src\visual\..\..\features\frames\Ses03F_script01_3\4.jpg,3
C:\EPICS26\iemocap_cnn\src\visual\..\..\features\frames\Ses03F_script01_3\6.jpg,1
C:\EPICS26\iemocap_cnn\src\visual\..\..\features\frames\Ses03F_script01_3\9.jpg,1
C:\EPICS26\iemocap_cnn\src\visual\..\..\features\frames\Ses03F_script01_3\10.jpg,1
C:\EPICS26\iemocap_cnn\src\visual\..\..\features\frames\Ses03F_script01_3\11.jpg,1
C:\EPICS26\iemocap_cnn\src\visual\..\..\features\frames\Ses03F_script01_3\12.jpg,1
C:\EPICS26\iemocap_cnn\src\visual\..\..\features\frames\Ses03F_script01_3\13.jpg,1
C:\EPICS26\iemocap_cnn\src\visual\..\..\features\frames\Ses03F_script01_3\14.jpg,1
C:\EPICS26\iemocap_cnn\src\visual\..\..\features\frames\Ses03F_script01_3\15.jpg,1
C:\EPICS26\iemocap_cnn\src\visual\..\..\features\frames\Ses03F_script01_3\18.jpg,1
C:\EPICS26\iemocap_cnn\src\visual\..\..\features\frames\Ses03F_script01_3\19.jpg,1
C:\EPICS26\iemocap_cnn\src\visual\..\..\features\frames\Ses03F_script01_3\20.jpg,1
C:\EPICS26\iemocap_cnn\src\visual\..\..\features\frames\Ses03F_script01_3\21.jpg,1
C:\EPICS26\iemocap_cnn\src\visual\..\..\features\frames\Ses03F_script01_3\23.jpg,1
C:\EPICS26\iemocap_cnn\src\visual\..\..\features\frames\Ses03F_script01_3\24.jpg,1
C:\EPICS26\iemocap_cnn\src\visual\..\..\features\frames\Ses03F_script01_3\25.jpg,2
C:\EPICS26\iemocap_cnn\src\visual\..\..\features\frames\Ses03F_script01_3\26.jpg,3
C:\EPICS26\iemocap_cnn\src\visual\..\..\features\frames\Ses03F_script01_3\27.jpg,2
C:\EPICS26\iemocap_cnn\src\visual\..\..\features\frames\Ses03F_script01_3\28.jpg,2
C:\EPICS26\iemocap_cnn\src\visual\..\..\features\frames\Ses03F_script01_3\29.jpg,2
C:\EPICS26\iemocap_cnn\src\visual\..\..\features\frames\Ses03F_script01_3\30.jpg,2
C:\EPICS26\iemocap_cnn\src\visual\..\..\features\frames\Ses03F_script01_3\31.jpg,2
C:\EPICS26\iemocap_cnn\src\visual\..\..\features\frames\Ses03F_script01_3\32.jpg,2
C:\EPICS26\iemocap_cnn\src\visual\..\..\features\frames\Ses03F_script01_3\33.jpg,2
C:\EPICS26\iemocap_cnn\src\visual\..\..\features\frames\Ses03F_script01_3\34.jpg,2
C:\EPICS26\iemocap_cnn\src\visual\..\..\features\frames\Ses03F_script01_3\35.jpg,2
C:\EPICS26\iemocap_cnn\src\visual\..\..\features\frames\Ses03F_script01_3\36.jpg,2
C:\EPICS26\iemocap_cnn\src\visual\..\..\features\frames\Ses03F_script01_3\37.jpg,2
C:\EPICS26\iemocap_cnn\src\visual\..\..\features\frames\Ses03F_script01_3\38.jpg,2
C:\EPICS26\iemocap_cnn\src\visual\..\..\features\frames\Ses03F_script01_3\39.jpg,2
C:\EPICS26\iemocap_cnn\src\visual\..\..\features\frames\Ses03F_script01_3\40.jpg,2
C:\EPICS26\iemocap_cnn\src\visual\..\..\features\frames\Ses03F_script01_3\41.jpg,2
C:\EPICS26\iemocap_cnn\src\visual\..\..\features\frames\Ses03F_script01_3\42.jpg,2
C:\EPICS26\iemocap_cnn\src\visual\..\..\features\frames\Ses03F_script01_3\43.jpg,2
C:\EPICS26\iemocap_cnn\src\visual\..\..\features\frames\Ses03F_script01_3\45.jpg,1
C:\EPICS26\iemocap_cnn\src\visual\..\..\features\frames\Ses03F_script01_3\46.jpg,1
C:\EPICS26\iemocap_cnn\src\visual\..\..\features\frames\Ses03F_script02_1\0.jpg,2
C:\EPICS26\iemocap_cnn\src\visual\..\..\features\frames\Ses03F_script02_1\3.jpg,0
C:\EPICS26\iemocap_cnn\src\visual\..\..\features\frames\Ses03F_script02_1\10.jpg,2
C:\EPICS26\iemocap_cnn\src\visual\..\..\features\frames\Ses03F_script02_1\11.jpg,2
C:\EPICS26\iemocap_cnn\src\visual\..\..\features\frames\Ses03F_script02_1\12.jpg,0
C:\EPICS26\iemocap_cnn\src\visual\..\..\features\frames\Ses03F_script02_1\0.jpg,1
C:\EPICS26\iemocap_cnn\src\visual\..\..\features\frames\Ses03F_script02_1\1.jpg,1
C:\EPICS26\iemocap_cnn\src\visual\..\..\features\frames\Ses03F_script02_1\2.jpg,1
C:\EPICS26\iemocap_cnn\src\visual\..\..\features\frames\Ses03F_script02_1\3.jpg,1
C:\EPICS26\iemocap_cnn\src\visual\..\..\features\frames\Ses03F_script02_1\4.jpg,1
C:\EPICS26\iemocap_cnn\src\visual\..\..\features\frames\Ses03F_script02_1\5.jpg,1
C:\EPICS26\iemocap_cnn\src\visual\..\..\features\frames\Ses03F_script02_1\6.jpg,1
C:\EPICS26\iemocap_cnn\src\visual\..\..\features\frames\Ses03F_script02_1\9.jpg,1
C:\EPICS26\iemocap_cnn\src\visual\..\..\features\frames\Ses03F_script02_1\10.jpg,1
C:\EPICS26\iemocap_cnn\src\visual\..\..\features\frames\Ses03F_script02_1\11.jpg,1
C:\EPICS26\iemocap_cnn\src\visual\..\..\features\frames\Ses03F_script02_1\13.jpg,1
C:\EPICS26\iemocap_cnn\src\visual\..\..\features\frames\Ses03F_script02_1\14.jpg,1
C:\EPICS26\iemocap_cnn\src\visual\..\..\features\frames\Ses03F_script02_1\15.jpg,1
C:\EPICS26\iemocap_cnn\src\visual\..\..\features\frames\Ses03F_script02_1\16.jpg,1
C:\EPICS26\iemocap_cnn\src\visual\..\..\features\frames\Ses03F_script02_1\17.jpg,3
C:\EPICS26\iemocap_cnn\src\visual\..\..\features\frames\Ses03F_script02_1\19.jpg,3
C:\EPICS26\iemocap_cnn\src\visual\..\..\features\frames\Ses03F_script02_1\20.jpg,3
C:\EPICS26\iemocap_cnn\src\visual\..\..\features\frames\Ses03F_script02_1\21.jpg,1
C:\EPICS26\iemocap_cnn\src\visual\..\..\features\frames\Ses03F_script02_1\22.jpg,3
C:\EPICS26\iemocap_cnn\src\visual\..\..\features\frames\Ses03F_script02_1\23.jpg,3
C:\EPICS26\iemocap_cnn\src\visual\..\..\features\frames\Ses03F_script02_1\36.jpg,1
C:\EPICS26\iemocap_cnn\src\visual\..\..\features\frames\Ses03F_script02_1\38.jpg,1
C:\EPICS26\iemocap_cnn\src\visual\..\..\features\frames\Ses03F_script02_1\39.jpg,1
C:\EPICS26\iemocap_cnn\src\visual\..\..\features\frames\Ses03F_script02_1\40.jpg,1
C:\EPICS26\iemocap_cnn\src\visual\..\..\features\frames\Ses03F_script02_1\41.jpg,1
C:\EPICS26\iemocap_cnn\src\visual\..\..\features\frames\Ses03F_script02_1\42.jpg,1
C:\EPICS26\iemocap_cnn\src\visual\..\..\features\frames\Ses03F_script02_1\44.jpg,3
C:\EPICS26\iemocap_cnn\src\visual\..\..\features\frames\Ses03F_script02_2\0.jpg,3
C:\EPICS26\iemocap_cnn\src\visual\..\..\features\frames\Ses03F_script02_2\5.jpg,0
C:\EPICS26\iemocap_cnn\src\visual\..\..\features\frames\Ses03F_script02_2\12.jpg,0
C:\EPICS26\iemocap_cnn\src\visual\..\..\features\frames\Ses03F_script02_2\16.jpg,2
C:\EPICS26\iemocap_cnn\src\visual\..\..\features\frames\Ses03F_script02_2\17.jpg,2
C:\EPICS26\iemocap_cnn\src\visual\..\..\features\frames\Ses03F_script02_2\18.jpg,2
C:\EPICS26\iemocap_cnn\src\visual\..\..\features\frames\Ses03F_script02_2\19.jpg,1
C:\EPICS26\iemocap_cnn\src\visual\..\..\features\frames\Ses03F_script02_2\20.jpg,1
C:\EPICS26\iemocap_cnn\src\visual\..\..\features\frames\Ses03F_script02_2\21.jpg,1
C:\EPICS26\iemocap_cnn\src\visual\..\..\features\frames\Ses03F_script02_2\22.jpg,2
C:\EPICS26\iemocap_cnn\src\visual\..\..\features\frames\Ses03F_script02_2\23.jpg,1
C:\EPICS26\iemocap_cnn\src\visual\..\..\features\frames\Ses03F_script02_2\24.jpg,2
C:\EPICS26\iemocap_cnn\src\visual\..\..\features\frames\Ses03F_script02_2\25.jpg,2
C:\EPICS26\iemocap_cnn\src\visual\..\..\features\frames\Ses03F_script02_2\26.jpg,2
C:\EPICS26\iemocap_cnn\src\visual\..\..\features\frames\Ses03F_script02_2\27.jpg,2
C:\EPICS26\iemocap_cnn\src\visual\..\..\features\frames\Ses03F_script02_2\28.jpg,2
C:\EPICS26\iemocap_cnn\src\visual\..\..\features\frames\Ses03F_script02_2\31.jpg,0
C:\EPICS26\iemocap_cnn\src\visual\..\..\features\frames\Ses03F_script02_2\35.jpg,0
C:\EPICS26\iemocap_cnn\src\visual\..\..\features\frames\Ses03F_script02_2\36.jpg,2
C:\EPICS26\iemocap_cnn\src\visual\..\..\features\frames\Ses03F_script02_2\1.jpg,3
C:\EPICS26\iemocap_cnn\src\visual\..\..\features\frames\Ses03F_script02_2\5.jpg,3
C:\EPICS26\iemocap_cnn\src\visual\..\..\features\frames\Ses03F_script02_2\8.jpg,3
C:\EPICS26\iemocap_cnn\src\visual\..\..\features\frames\Ses03F_script02_2\16.jpg,3
C:\EPICS26\iemocap_cnn\src\visual\..\..\features\frames\Ses03F_script02_2\26.jpg,0
C:\EPICS26\iemocap_cnn\src\visual\..\..\features\frames\Ses03F_script03_1\0.jpg,3
C:\EPICS26\iemocap_cnn\src\visual\..\..\features\frames\Ses03F_script03_1\1.jpg,3
C:\EPICS26\iemocap_cnn\src\visual\..\..\features\frames\Ses03F_script03_1\4.jpg,3
C:\EPICS26\iemocap_cnn\src\visual\..\..\features\frames\Ses03F_script03_2\4.jpg,3
C:\EPICS26\iemocap_cnn\src\visual\..\..\features\frames\Ses03F_script03_2\8.jpg,3
C:\EPICS26\iemocap_cnn\src\visual\..\..\features\frames\Ses03F_script03_2\13.jpg,3
C:\EPICS26\iemocap_cnn\src\visual\..\..\features\frames\Ses03F_script03_2\14.jpg,0
C:\EPICS26\iemocap_cnn\src\visual\..\..\features\frames\Ses03F_script03_2\15.jpg,0
C:\EPICS26\iemocap_cnn\src\visual\..\..\features\frames\Ses03F_script03_2\17.jpg,3
C:\EPICS26\iemocap_cnn\src\visual\..\..\features\frames\Ses03F_script03_2\18.jpg,0
C:\EPICS26\iemocap_cnn\src\visual\..\..\features\frames\Ses03F_script03_2\23.jpg,0
C:\EPICS26\iemocap_cnn\src\visual\..\..\features\frames\Ses03F_script03_2\26.jpg,0
C:\EPICS26\iemocap_cnn\src\visual\..\..\features\frames\Ses03F_script03_2\35.jpg,0
C:\EPICS26\iemocap_cnn\src\visual\..\..\features\frames\Ses03F_script03_2\37.jpg,0
C:\EPICS26\iemocap_cnn\src\visual\..\..\features\frames\Ses03F_script03_2\38.jpg,0
C:\EPICS26\iemocap_cnn\src\visual\..\..\features\frames\Ses03F_script03_2\39.jpg,0
C:\EPICS26\iemocap_cnn\src\visual\..\..\features\frames\Ses03F_script03_2\40.jpg,0
C:\EPICS26\iemocap_cnn\src\visual\..\..\features\frames\Ses03F_script03_2\41.jpg,0
C:\EPICS26\iemocap_cnn\src\visual\..\..\features\frames\Ses03F_script03_2\42.jpg,0
C:\EPICS26\iemocap_cnn\src\visual\..\..\features\frames\Ses03F_script03_2\43.jpg,0
C:\EPICS26\iemocap_cnn\src\visual\..\..\features\frames\Ses03F_script03_2\0.jpg,0
C:\EPICS26\iemocap_cnn\src\visual\..\..\features\frames\Ses03F_script03_2\1.jpg,0
C:\EPICS26\iemocap_cnn\src\visual\..\..\features\frames\Ses03F_script03_2\2.jpg,0
C:\EPICS26\iemocap_cnn\src\visual\..\..\features\frames\Ses03F_script03_2\5.jpg,0
C:\EPICS26\iemocap_cnn\src\visual\..\..\features\frames\Ses03F_script03_2\7.jpg,0
C:\EPICS26\iemocap_cnn\src\visual\..\..\features\frames\Ses03F_script03_2\8.jpg,0
C:\EPICS26\iemocap_cnn\src\visual\..\..\features\frames\Ses03F_script03_2\9.jpg,3
C:\EPICS26\iemocap_cnn\src\visual\..\..\features\frames\Ses03F_script03_2\10.jpg,3
C:\EPICS26\iemocap_cnn\src\visual\..\..\features\frames\Ses03F_script03_2\11.jpg,3
C:\EPICS26\iemocap_cnn\src\visual\..\..\features\frames\Ses03F_script03_2\12.jpg,3
C:\EPICS26\iemocap_cnn\src\visual\..\..\features\frames\Ses03F_script03_2\14.jpg,0
C:\EPICS26\iemocap_cnn\src\visual\..\..\features\frames\Ses03F_script03_2\15.jpg,0
C:\EPICS26\iemocap_cnn\src\visual\..\..\features\frames\Ses03F_script03_2\16.jpg,0
C:\EPICS26\iemocap_cnn\src\visual\..\..\features\frames\Ses03F_script03_2\17.jpg,0
C:\EPICS26\iemocap_cnn\src\visual\..\..\features\frames\Ses03F_script03_2\20.jpg,0
C:\EPICS26\iemocap_cnn\src\visual\..\..\features\frames\Ses03F_script03_2\24.jpg,0
C:\EPICS26\iemocap_cnn\src\visual\..\..\features\frames\Ses03F_script03_2\26.jpg,0
C:\EPICS26\iemocap_cnn\src\visual\..\..\features\frames\Ses03F_script03_2\27.jpg,0
C:\EPICS26\iemocap_cnn\src\visual\..\..\features\frames\Ses03F_script03_2\28.jpg,0
C:\EPICS26\iemocap_cnn\src\visual\..\..\features\frames\Ses03F_script03_2\29.jpg,0
C:\EPICS26\iemocap_cnn\src\visual\..\..\features\frames\Ses03F_script03_2\30.jpg,0
C:\EPICS26\iemocap_cnn\src\visual\..\..\features\frames\Ses03F_script03_2\34.jpg,0
C:\EPICS26\iemocap_cnn\src\visual\..\..\features\frames\Ses03F_script03_2\35.jpg,3
C:\EPICS26\iemocap_cnn\src\visual\..\..\features\frames\Ses03F_script03_2\38.jpg,0
C:\EPICS26\iemocap_cnn\src\visual\..\..\features\frames\Ses03F_script03_2\39.jpg,0
C:\EPICS26\iemocap_cnn\src\visual\..\..\features\frames\Ses03F_script03_2\40.jpg,0
C:\EPICS26\iemocap_cnn\src\visual\..\..\features\frames\Ses03F_script03_2\41.jpg,0
C:\EPICS26\iemocap_cnn\src\visual\..\..\features\frames\Ses03F_script03_2\42.jpg,0
C:\EPICS26\iemocap_cnn\src\visual\..\..\features\frames\Ses03F_script03_2\43.jpg,0
C:\EPICS26\iemocap_cnn\src\visual\..\..\features\frames\Ses03F_script03_2\44.jpg,0
C:\EPICS26\iemocap_cnn\src\visual\..\..\features\frames\Ses03M_impro01\0.jpg,3
C:\EPICS26\iemocap_cnn\src\visual\..\..\features\frames\Ses03M_impro02\0.jpg,1
C:\EPICS26\iemocap_cnn\src\visual\..\..\features\frames\Ses03M_impro02\3.jpg,1
C:\EPICS26\iemocap_cnn\src\visual\..\..\features\frames\Ses03M_impro02\13.jpg,2
C:\EPICS26\iemocap_cnn\src\visual\..\..\features\frames\Ses03M_impro02\14.jpg,2
C:\EPICS26\iemocap_cnn\src\visual\..\..\features\frames\Ses03M_impro02\15.jpg,2
C:\EPICS26\iemocap_cnn\src\visual\..\..\features\frames\Ses03M_impro02\16.jpg,2
C:\EPICS26\iemocap_cnn\src\visual\..\..\features\frames\Ses03M_impro02\17.jpg,2
C:\EPICS26\iemocap_cnn\src\visual\..\..\features\frames\Ses03M_impro02\22.jpg,2
C:\EPICS26\iemocap_cnn\src\visual\..\..\features\frames\Ses03M_impro02\23.jpg,2
C:\EPICS26\iemocap_cnn\src\visual\..\..\features\frames\Ses03M_impro02\24.jpg,2
C:\EPICS26\iemocap_cnn\src\visual\..\..\features\frames\Ses03M_impro02\25.jpg,2
C:\EPICS26\iemocap_cnn\src\visual\..\..\features\frames\Ses03M_impro02\26.jpg,2
C:\EPICS26\iemocap_cnn\src\visual\..\..\features\frames\Ses03M_impro02\27.jpg,2
C:\EPICS26\iemocap_cnn\src\visual\..\..\features\frames\Ses03M_impro02\28.jpg,2
C:\EPICS26\iemocap_cnn\src\visual\..\..\features\frames\Ses03M_impro02\0.jpg,2
C:\EPICS26\iemocap_cnn\src\visual\..\..\features\frames\Ses03M_impro02\1.jpg,2
C:\EPICS26\iemocap_cnn\src\visual\..\..\features\frames\Ses03M_impro02\2.jpg,2
C:\EPICS26\iemocap_cnn\src\visual\..\..\features\frames\Ses03M_impro02\3.jpg,2
C:\EPICS26\iemocap_cnn\src\visual\..\..\features\frames\Ses03M_impro02\4.jpg,2
C:\EPICS26\iemocap_cnn\src\visual\..\..\features\frames\Ses03M_impro02\5.jpg,2
C:\EPICS26\iemocap_cnn\src\visual\..\..\features\frames\Ses03M_impro02\6.jpg,2
C:\EPICS26\iemocap_cnn\src\visual\..\..\features\frames\Ses03M_impro02\11.jpg,2
C:\EPICS26\iemocap_cnn\src\visual\..\..\features\frames\Ses03M_impro02\12.jpg,2
C:\EPICS26\iemocap_cnn\src\visual\..\..\features\frames\Ses03M_impro02\13.jpg,3
C:\EPICS26\iemocap_cnn\src\visual\..\..\features\frames\Ses03M_impro02\15.jpg,3
C:\EPICS26\iemocap_cnn\src\visual\..\..\features\frames\Ses03M_impro02\16.jpg,2
C:\EPICS26\iemocap_cnn\src\visual\..\..\features\frames\Ses03M_impro02\19.jpg,2
C:\EPICS26\iemocap_cnn\src\visual\..\..\features\frames\Ses03M_impro02\24.jpg,2
C:\EPICS26\iemocap_cnn\src\visual\..\..\features\frames\Ses03M_impro02\25.jpg,2
C:\EPICS26\iemocap_cnn\src\visual\..\..\features\frames\Ses03M_impro02\26.jpg,2
C:\EPICS26\iemocap_cnn\src\visual\..\..\features\frames\Ses03M_impro02\27.jpg,2
C:\EPICS26\iemocap_cnn\src\visual\..\..\features\frames\Ses03M_impro02\28.jpg,2
C:\EPICS26\iemocap_cnn\src\visual\..\..\features\frames\Ses03M_impro03\1.jpg,1
C:\EPICS26\iemocap_cnn\src\visual\..\..\features\frames\Ses03M_impro03\3.jpg,1
C:\EPICS26\iemocap_cnn\src\visual\..\..\features\frames\Ses03M_impro03\4.jpg,1
C:\EPICS26\iemocap_cnn\src\visual\..\..\features\frames\Ses03M_impro03\5.jpg,1
C:\EPICS26\iemocap_cnn\src\visual\..\..\features\frames\Ses03M_impro03\6.jpg,1
C:\EPICS26\iemocap_cnn\src\visual\..\..\features\frames\Ses03M_impro03\10.jpg,1
C:\EPICS26\iemocap_cnn\src\visual\..\..\features\frames\Ses03M_impro03\0.jpg,1
C:\EPICS26\iemocap_cnn\src\visual\..\..\features\frames\Ses03M_impro03\1.jpg,1
C:\EPICS26\iemocap_cnn\src\visual\..\..\features\frames\Ses03M_impro03\2.jpg,1
C:\EPICS26\iemocap_cnn\src\visual\..\..\features\frames\Ses03M_impro03\3.jpg,1
C:\EPICS26\iemocap_cnn\src\visual\..\..\features\frames\Ses03M_impro03\4.jpg,1
C:\EPICS26\iemocap_cnn\src\visual\..\..\features\frames\Ses03M_impro03\11.jpg,1
C:\EPICS26\iemocap_cnn\src\visual\..\..\features\frames\Ses03M_impro04\1.jpg,3
C:\EPICS26\iemocap_cnn\src\visual\..\..\features\frames\Ses03M_impro04\3.jpg,3
C:\EPICS26\iemocap_cnn\src\visual\..\..\features\frames\Ses03M_impro04\0.jpg,2
C:\EPICS26\iemocap_cnn\src\visual\..\..\features\frames\Ses03M_impro05a\0.jpg,3
C:\EPICS26\iemocap_cnn\src\visual\..\..\features\frames\Ses03M_impro05a\1.jpg,3
C:\EPICS26\iemocap_cnn\src\visual\..\..\features\frames\Ses03M_impro05a\2.jpg,3
C:\EPICS26\iemocap_cnn\src\visual\..\..\features\frames\Ses03M_impro05a\5.jpg,3
C:\EPICS26\iemocap_cnn\src\visual\..\..\features\frames\Ses03M_impro05a\7.jpg,3
C:\EPICS26\iemocap_cnn\src\visual\..\..\features\frames\Ses03M_impro05a\8.jpg,3
C:\EPICS26\iemocap_cnn\src\visual\..\..\features\frames\Ses03M_impro05a\9.jpg,3
C:\EPICS26\iemocap_cnn\src\visual\..\..\features\frames\Ses03M_impro05a\11.jpg,3
C:\EPICS26\iemocap_cnn\src\visual\..\..\features\frames\Ses03M_impro05a\12.jpg,3
C:\EPICS26\iemocap_cnn\src\visual\..\..\features\frames\Ses03M_impro05a\14.jpg,3
C:\EPICS26\iemocap_cnn\src\visual\..\..\features\frames\Ses03M_impro05a\16.jpg,3
C:\EPICS26\iemocap_cnn\src\visual\..\..\features\frames\Ses03M_impro05a\18.jpg,0
C:\EPICS26\iemocap_cnn\src\visual\..\..\features\frames\Ses03M_impro05a\21.jpg,3
C:\EPICS26\iemocap_cnn\src\visual\..\..\features\frames\Ses03M_impro05a\23.jpg,3
C:\EPICS26\iemocap_cnn\src\visual\..\..\features\frames\Ses03M_impro05a\24.jpg,3
C:\EPICS26\iemocap_cnn\src\visual\..\..\features\frames\Ses03M_impro05a\25.jpg,3
C:\EPICS26\iemocap_cnn\src\visual\..\..\features\frames\Ses03M_impro05a\28.jpg,0
C:\EPICS26\iemocap_cnn\src\visual\..\..\features\frames\Ses03M_impro05a\0.jpg,0
C:\EPICS26\iemocap_cnn\src\visual\..\..\features\frames\Ses03M_impro05a\1.jpg,0
C:\EPICS26\iemocap_cnn\src\visual\..\..\features\frames\Ses03M_impro05a\2.jpg,0
C:\EPICS26\iemocap_cnn\src\visual\..\..\features\frames\Ses03M_impro05a\3.jpg,0
C:\EPICS26\iemocap_cnn\src\visual\..\..\features\frames\Ses03M_impro05a\4.jpg,0
C:\EPICS26\iemocap_cnn\src\visual\..\..\features\frames\Ses03M_impro05a\5.jpg,0
C:\EPICS26\iemocap_cnn\src\visual\..\..\features\frames\Ses03M_impro05a\6.jpg,0
C:\EPICS26\iemocap_cnn\src\visual\..\..\features\frames\Ses03M_impro05a\7.jpg,0
C:\EPICS26\iemocap_cnn\src\visual\..\..\features\frames\Ses03M_impro05a\10.jpg,0
C:\EPICS26\iemocap_cnn\src\visual\..\..\features\frames\Ses03M_impro05a\11.jpg,0
C:\EPICS26\iemocap_cnn\src\visual\..\..\features\frames\Ses03M_impro05a\12.jpg,0
C:\EPICS26\iemocap_cnn\src\visual\..\..\features\frames\Ses03M_impro05a\13.jpg,0
C:\EPICS26\iemocap_cnn\src\visual\..\..\features\frames\Ses03M_impro05a\14.jpg,0
C:\EPICS26\iemocap_cnn\src\visual\..\..\features\frames\Ses03M_impro05a\16.jpg,0
C:\EPICS26\iemocap_cnn\src\visual\..\..\features\frames\Ses03M_impro05a\17.jpg,0
C:\EPICS26\iemocap_cnn\src\visual\..\..\features\frames\Ses03M_impro05a\18.jpg,0
C:\EPICS26\iemocap_cnn\src\visual\..\..\features\frames\Ses03M_impro05a\20.jpg,0
C:\EPICS26\iemocap_cnn\src\visual\..\..\features\frames\Ses03M_impro05a\21.jpg,0
C:\EPICS26\iemocap_cnn\src\visual\..\..\features\frames\Ses03M_impro05a\22.jpg,0
C:\EPICS26\iemocap_cnn\src\visual\..\..\features\frames\Ses03M_impro05a\23.jpg,0
C:\EPICS26\iemocap_cnn\src\visual\..\..\features\frames\Ses03M_impro05a\24.jpg,0
C:\EPICS26\iemocap_cnn\src\visual\..\..\features\frames\Ses03M_impro05a\25.jpg,0
C:\EPICS26\iemocap_cnn\src\visual\..\..\features\frames\Ses03M_impro05a\26.jpg,0
C:\EPICS26\iemocap_cnn\src\visual\..\..\features\frames\Ses03M_impro05a\27.jpg,0
C:\EPICS26\iemocap_cnn\src\visual\..\..\features\frames\Ses03M_impro05a\28.jpg,0
C:\EPICS26\iemocap_cnn\src\visual\..\..\features\frames\Ses03M_impro05a\29.jpg,0
C:\EPICS26\iemocap_cnn\src\visual\..\..\features\frames\Ses03M_impro05a\30.jpg,1
C:\EPICS26\iemocap_cnn\src\visual\..\..\features\frames\Ses03M_impro06\0.jpg,2
C:\EPICS26\iemocap_cnn\src\visual\..\..\features\frames\Ses03M_impro06\0.jpg,2
C:\EPICS26\iemocap_cnn\src\visual\..\..\features\frames\Ses03M_impro07\0.jpg,1
C:\EPICS26\iemocap_cnn\src\visual\..\..\features\frames\Ses03M_impro07\1.jpg,1
C:\EPICS26\iemocap_cnn\src\visual\..\..\features\frames\Ses03M_impro07\6.jpg,1
C:\EPICS26\iemocap_cnn\src\visual\..\..\features\frames\Ses03M_impro07\2.jpg,1
C:\EPICS26\iemocap_cnn\src\visual\..\..\features\frames\Ses03M_impro07\3.jpg,1
C:\EPICS26\iemocap_cnn\src\visual\..\..\features\frames\Ses03M_impro07\4.jpg,1
C:\EPICS26\iemocap_cnn\src\visual\..\..\features\frames\Ses03M_impro07\5.jpg,1
C:\EPICS26\iemocap_cnn\src\visual\..\..\features\frames\Ses03M_impro07\6.jpg,1
C:\EPICS26\iemocap_cnn\src\visual\..\..\features\frames\Ses03M_impro08a\4.jpg,3
C:\EPICS26\iemocap_cnn\src\visual\..\..\features\frames\Ses03M_impro08a\13.jpg,0
C:\EPICS26\iemocap_cnn\src\visual\..\..\features\frames\Ses03M_impro08a\14.jpg,0
C:\EPICS26\iemocap_cnn\src\visual\..\..\features\frames\Ses03M_impro08a\15.jpg,0
C:\EPICS26\iemocap_cnn\src\visual\..\..\features\frames\Ses03M_impro08a\0.jpg,3
C:\EPICS26\iemocap_cnn\src\visual\..\..\features\frames\Ses03M_impro08a\1.jpg,3
C:\EPICS26\iemocap_cnn\src\visual\..\..\features\frames\Ses03M_impro08a\2.jpg,3
C:\EPICS26\iemocap_cnn\src\visual\..\..\features\frames\Ses03M_impro08a\3.jpg,3
C:\EPICS26\iemocap_cnn\src\visual\..\..\features\frames\Ses03M_impro08a\4.jpg,3
C:\EPICS26\iemocap_cnn\src\visual\..\..\features\frames\Ses03M_impro08a\5.jpg,3
C:\EPICS26\iemocap_cnn\src\visual\..\..\features\frames\Ses03M_impro08a\6.jpg,3
C:\EPICS26\iemocap_cnn\src\visual\..\..\features\frames\Ses03M_impro08a\7.jpg,3
C:\EPICS26\iemocap_cnn\src\visual\..\..\features\frames\Ses03M_impro08a\8.jpg,3
C:\EPICS26\iemocap_cnn\src\visual\..\..\features\frames\Ses03M_impro08a\9.jpg,3
C:\EPICS26\iemocap_cnn\src\visual\..\..\features\frames\Ses03M_impro08a\10.jpg,3
C:\EPICS26\iemocap_cnn\src\visual\..\..\features\frames\Ses03M_impro08a\12.jpg,3
C:\EPICS26\iemocap_cnn\src\visual\..\..\features\frames\Ses03M_impro08a\13.jpg,3
C:\EPICS26\iemocap_cnn\src\visual\..\..\features\frames\Ses03M_impro08a\16.jpg,3
C:\EPICS26\iemocap_cnn\src\visual\..\..\features\frames\Ses03M_impro08a\17.jpg,3
C:\EPICS26\iemocap_cnn\src\visual\..\..\features\frames\Ses03M_impro08b\0.jpg,3
C:\EPICS26\iemocap_cnn\src\visual\..\..\features\frames\Ses03M_impro08b\1.jpg,3
C:\EPICS26\iemocap_cnn\src\visual\..\..\features\frames\Ses03M_impro08b\2.jpg,3
C:\EPICS26\iemocap_cnn\src\visual\..\..\features\frames\Ses03M_script01_1\0.jpg,3
C:\EPICS26\iemocap_cnn\src\visual\..\..\features\frames\Ses03M_script01_1\0.jpg,2
C:\EPICS26\iemocap_cnn\src\visual\..\..\features\frames\Ses03M_script01_2\0.jpg,0
C:\EPICS26\iemocap_cnn\src\visual\..\..\features\frames\Ses03M_script01_2\1.jpg,0
C:\EPICS26\iemocap_cnn\src\visual\..\..\features\frames\Ses03M_script01_2\6.jpg,0
C:\EPICS26\iemocap_cnn\src\visual\..\..\features\frames\Ses03M_script01_2\1.jpg,3
C:\EPICS26\iemocap_cnn\src\visual\..\..\features\frames\Ses03M_script01_2\4.jpg,3
C:\EPICS26\iemocap_cnn\src\visual\..\..\features\frames\Ses03M_script01_2\5.jpg,3
C:\EPICS26\iemocap_cnn\src\visual\..\..\features\frames\Ses03M_script01_2\8.jpg,3
C:\EPICS26\iemocap_cnn\src\visual\..\..\features\frames\Ses03M_script01_3\4.jpg,2
C:\EPICS26\iemocap_cnn\src\visual\..\..\features\frames\Ses03M_script01_3\6.jpg,2
C:\EPICS26\iemocap_cnn\src\visual\..\..\features\frames\Ses03M_script01_3\7.jpg,2
C:\EPICS26\iemocap_cnn\src\visual\..\..\features\frames\Ses03M_script01_3\1.jpg,3
C:\EPICS26\iemocap_cnn\src\visual\..\..\features\frames\Ses03M_script01_3\4.jpg,3
C:\EPICS26\iemocap_cnn\src\visual\..\..\features\frames\Ses03M_script02_1\5.jpg,3
C:\EPICS26\iemocap_cnn\src\visual\..\..\features\frames\Ses03M_script02_1\16.jpg,3
C:\EPICS26\iemocap_cnn\src\visual\..\..\features\frames\Ses03M_script02_1\0.jpg,1
C:\EPICS26\iemocap_cnn\src\visual\..\..\features\frames\Ses03M_script02_1\1.jpg,1
C:\EPICS26\iemocap_cnn\src\visual\..\..\features\frames\Ses03M_script02_1\2.jpg,1
C:\EPICS26\iemocap_cnn\src\visual\..\..\features\frames\Ses03M_script02_1\3.jpg,1
C:\EPICS26\iemocap_cnn\src\visual\..\..\features\frames\Ses03M_script02_1\4.jpg,1
C:\EPICS26\iemocap_cnn\src\visual\..\..\features\frames\Ses03M_script02_1\5.jpg,1
C:\EPICS26\iemocap_cnn\src\visual\..\..\features\frames\Ses03M_script02_1\14.jpg,1
C:\EPICS26\iemocap_cnn\src\visual\..\..\features\frames\Ses03M_script02_1\15.jpg,1
C:\EPICS26\iemocap_cnn\src\visual\..\..\features\frames\Ses03M_script02_1\16.jpg,1
C:\EPICS26\iemocap_cnn\src\visual\..\..\features\frames\Ses03M_script02_2\0.jpg,0
C:\EPICS26\iemocap_cnn\src\visual\..\..\features\frames\Ses03M_script02_2\1.jpg,0
C:\EPICS26\iemocap_cnn\src\visual\..\..\features\frames\Ses03M_script02_2\2.jpg,0
C:\EPICS26\iemocap_cnn\src\visual\..\..\features\frames\Ses03M_script02_2\3.jpg,0
C:\EPICS26\iemocap_cnn\src\visual\..\..\features\frames\Ses03M_script02_2\4.jpg,0
C:\EPICS26\iemocap_cnn\src\visual\..\..\features\frames\Ses03M_script02_2\9.jpg,0
C:\EPICS26\iemocap_cnn\src\visual\..\..\features\frames\Ses03M_script02_2\11.jpg,0
C:\EPICS26\iemocap_cnn\src\visual\..\..\features\frames\Ses03M_script02_2\13.jpg,0
C:\EPICS26\iemocap_cnn\src\visual\..\..\features\frames\Ses03M_script02_2\16.jpg,0
C:\EPICS26\iemocap_cnn\src\visual\..\..\features\frames\Ses03M_script02_2\18.jpg,2
C:\EPICS26\iemocap_cnn\src\visual\..\..\features\frames\Ses03M_script02_2\23.jpg,2
C:\EPICS26\iemocap_cnn\src\visual\..\..\features\frames\Ses03M_script02_2\24.jpg,2
C:\EPICS26\iemocap_cnn\src\visual\..\..\features\frames\Ses03M_script02_2\0.jpg,1
C:\EPICS26\iemocap_cnn\src\visual\..\..\features\frames\Ses03M_script02_2\14.jpg,3
C:\EPICS26\iemocap_cnn\src\visual\..\..\features\frames\Ses03M_script02_2\17.jpg,3
C:\EPICS26\iemocap_cnn\src\visual\..\..\features\frames\Ses03M_script02_2\19.jpg,3
C:\EPICS26\iemocap_cnn\src\visual\..\..\features\frames\Ses03M_script02_2\20.jpg,3
C:\EPICS26\iemocap_cnn\src\visual\..\..\features\frames\Ses03M_script02_2\21.jpg,3
C:\EPICS26\iemocap_cnn\src\visual\..\..\features\frames\Ses03M_script02_2\22.jpg,3
C:\EPICS26\iemocap_cnn\src\visual\..\..\features\frames\Ses03M_script03_1\3.jpg,1
C:\EPICS26\iemocap_cnn\src\visual\..\..\features\frames\Ses03M_script03_1\4.jpg,1
C:\EPICS26\iemocap_cnn\src\visual\..\..\features\frames\Ses03M_script03_1\5.jpg,1
C:\EPICS26\iemocap_cnn\src\visual\..\..\features\frames\Ses03M_script03_1\6.jpg,1
C:\EPICS26\iemocap_cnn\src\visual\..\..\features\frames\Ses03M_script03_1\18.jpg,2
C:\EPICS26\iemocap_cnn\src\visual\..\..\features\frames\Ses03M_script03_1\4.jpg,1
C:\EPICS26\iemocap_cnn\src\visual\..\..\features\frames\Ses03M_script03_1\6.jpg,1
C:\EPICS26\iemocap_cnn\src\visual\..\..\features\frames\Ses03M_script03_1\35.jpg,3
C:\EPICS26\iemocap_cnn\src\visual\..\..\features\frames\Ses03M_script03_2\0.jpg,3
C:\EPICS26\iemocap_cnn\src\visual\..\..\features\frames\Ses03M_script03_2\1.jpg,0
C:\EPICS26\iemocap_cnn\src\visual\..\..\features\frames\Ses03M_script03_2\3.jpg,3
C:\EPICS26\iemocap_cnn\src\visual\..\..\features\frames\Ses03M_script03_2\4.jpg,3
C:\EPICS26\iemocap_cnn\src\visual\..\..\features\frames\Ses03M_script03_2\6.jpg,3
C:\EPICS26\iemocap_cnn\src\visual\..\..\features\frames\Ses03M_script03_2\0.jpg,3
C:\EPICS26\iemocap_cnn\src\visual\..\..\features\frames\Ses03M_script03_2\3.jpg,0
C:\EPICS26\iemocap_cnn\src\visual\..\..\features\frames\Ses03M_script03_2\4.jpg,0
C:\EPICS26\iemocap_cnn\src\visual\..\..\features\frames\Ses03M_script03_2\5.jpg,0
C:\EPICS26\iemocap_cnn\src\visual\..\..\features\frames\Ses03M_script03_2\6.jpg,0
C:\EPICS26\iemocap_cnn\src\visual\..\..\features\frames\Ses03M_script03_2\7.jpg,0
C:\EPICS26\iemocap_cnn\src\visual\..\..\features\frames\Ses03M_script03_2\8.jpg,0
C:\EPICS26\iemocap_cnn\src\visual\..\..\features\frames\Ses03M_script03_2\9.jpg,3
C:\EPICS26\iemocap_cnn\src\visual\..\..\features\frames\Ses04F_impro01\4.jpg,0
C:\EPICS26\iemocap_cnn\src\visual\..\..\features\frames\Ses04F_impro01\8.jpg,0
C:\EPICS26\iemocap_cnn\src\visual\..\..\features\frames\Ses04F_impro01\9.jpg,0
C:\EPICS26\iemocap_cnn\src\visual\..\..\features\frames\Ses04F_impro01\10.jpg,0
C:\EPICS26\iemocap_cnn\src\visual\..\..\features\frames\Ses04F_impro01\12.jpg,0
C:\EPICS26\iemocap_cnn\src\visual\..\..\features\frames\Ses04F_impro01\14.jpg,0
C:\EPICS26\iemocap_cnn\src\visual\..\..\features\frames\Ses04F_impro01\16.jpg,0
C:\EPICS26\iemocap_cnn\src\visual\..\..\features\frames\Ses04F_impro01\19.jpg,0
C:\EPICS26\iemocap_cnn\src\visual\..\..\features\frames\Ses04F_impro01\21.jpg,0
C:\EPICS26\iemocap_cnn\src\visual\..\..\features\frames\Ses04F_impro01\22.jpg,0
C:\EPICS26\iemocap_cnn\src\visual\..\..\features\frames\Ses04F_impro01\5.jpg,0
C:\EPICS26\iemocap_cnn\src\visual\..\..\features\frames\Ses04F_impro01\8.jpg,0
C:\EPICS26\iemocap_cnn\src\visual\..\..\features\frames\Ses04F_impro01\11.jpg,0
C:\EPICS26\iemocap_cnn\src\visual\..\..\features\frames\Ses04F_impro01\14.jpg,0
C:\EPICS26\iemocap_cnn\src\visual\..\..\features\frames\Ses04F_impro01\21.jpg,0
C:\EPICS26\iemocap_cnn\src\visual\..\..\features\frames\Ses04F_impro01\23.jpg,0
C:\EPICS26\iemocap_cnn\src\visual\..\..\features\frames\Ses04F_impro01\24.jpg,0
C:\EPICS26\iemocap_cnn\src\visual\..\..\features\frames\Ses04F_impro02\0.jpg,2
C:\EPICS26\iemocap_cnn\src\visual\..\..\features\frames\Ses04F_impro02\1.jpg,2
C:\EPICS26\iemocap_cnn\src\visual\..\..\features\frames\Ses04F_impro02\2.jpg,2
C:\EPICS26\iemocap_cnn\src\visual\..\..\features\frames\Ses04F_impro02\3.jpg,2
C:\EPICS26\iemocap_cnn\src\visual\..\..\features\frames\Ses04F_impro02\5.jpg,2
C:\EPICS26\iemocap_cnn\src\visual\..\..\features\frames\Ses04F_impro02\6.jpg,2
C:\EPICS26\iemocap_cnn\src\visual\..\..\features\frames\Ses04F_impro02\7.jpg,2
C:\EPICS26\iemocap_cnn\src\visual\..\..\features\frames\Ses04F_impro02\9.jpg,2
C:\EPICS26\iemocap_cnn\src\visual\..\..\features\frames\Ses04F_impro02\11.jpg,2
C:\EPICS26\iemocap_cnn\src\visual\..\..\features\frames\Ses04F_impro02\12.jpg,0
C:\EPICS26\iemocap_cnn\src\visual\..\..\features\frames\Ses04F_impro02\17.jpg,0
C:\EPICS26\iemocap_cnn\src\visual\..\..\features\frames\Ses04F_impro02\18.jpg,0
C:\EPICS26\iemocap_cnn\src\visual\..\..\features\frames\Ses04F_impro02\22.jpg,0
C:\EPICS26\iemocap_cnn\src\visual\..\..\features\frames\Ses04F_impro02\23.jpg,2
C:\EPICS26\iemocap_cnn\src\visual\..\..\features\frames\Ses04F_impro02\24.jpg,2
C:\EPICS26\iemocap_cnn\src\visual\..\..\features\frames\Ses04F_impro02\0.jpg,2
C:\EPICS26\iemocap_cnn\src\visual\..\..\features\frames\Ses04F_impro02\1.jpg,2
C:\EPICS26\iemocap_cnn\src\visual\..\..\features\frames\Ses04F_impro02\4.jpg,2
C:\EPICS26\iemocap_cnn\src\visual\..\..\features\frames\Ses04F_impro02\12.jpg,2
C:\EPICS26\iemocap_cnn\src\visual\..\..\features\frames\Ses04F_impro02\18.jpg,0
C:\EPICS26\iemocap_cnn\src\visual\..\..\features\frames\Ses04F_impro02\20.jpg,0
C:\EPICS26\iemocap_cnn\src\visual\..\..\features\frames\Ses04F_impro02\21.jpg,0
C:\EPICS26\iemocap_cnn\src\visual\..\..\features\frames\Ses04F_impro02\24.jpg,2
C:\EPICS26\iemocap_cnn\src\visual\..\..\features\frames\Ses04F_impro02\25.jpg,2
C:\EPICS26\iemocap_cnn\src\visual\..\..\features\frames\Ses04F_impro02\26.jpg,2
C:\EPICS26\iemocap_cnn\src\visual\..\..\features\frames\Ses04F_impro03\0.jpg,1
C:\EPICS26\iemocap_cnn\src\visual\..\..\features\frames\Ses04F_impro03\1.jpg,1
C:\EPICS26\iemocap_cnn\src\visual\..\..\features\frames\Ses04F_impro03\2.jpg,1
C:\EPICS26\iemocap_cnn\src\visual\..\..\features\frames\Ses04F_impro03\3.jpg,1
C:\EPICS26\iemocap_cnn\src\visual\..\..\features\frames\Ses04F_impro03\4.jpg,1
C:\EPICS26\iemocap_cnn\src\visual\..\..\features\frames\Ses04F_impro03\5.jpg,1
C:\EPICS26\iemocap_cnn\src\visual\..\..\features\frames\Ses04F_impro03\6.jpg,1
C:\EPICS26\iemocap_cnn\src\visual\..\..\features\frames\Ses04F_impro03\7.jpg,1
C:\EPICS26\iemocap_cnn\src\visual\..\..\features\frames\Ses04F_impro03\9.jpg,1
C:\EPICS26\iemocap_cnn\src\visual\..\..\features\frames\Ses04F_impro03\10.jpg,1
C:\EPICS26\iemocap_cnn\src\visual\..\..\features\frames\Ses04F_impro03\11.jpg,1
C:\EPICS26\iemocap_cnn\src\visual\..\..\features\frames\Ses04F_impro03\12.jpg,1
C:\EPICS26\iemocap_cnn\src\visual\..\..\features\frames\Ses04F_impro03\13.jpg,1
C:\EPICS26\iemocap_cnn\src\visual\..\..\features\frames\Ses04F_impro03\14.jpg,1
C:\EPICS26\iemocap_cnn\src\visual\..\..\features\frames\Ses04F_impro03\15.jpg,1
C:\EPICS26\iemocap_cnn\src\visual\..\..\features\frames\Ses04F_impro03\16.jpg,1
C:\EPICS26\iemocap_cnn\src\visual\..\..\features\frames\Ses04F_impro03\17.jpg,1
C:\EPICS26\iemocap_cnn\src\visual\..\..\features\frames\Ses04F_impro03\18.jpg,1
C:\EPICS26\iemocap_cnn\src\visual\..\..\features\frames\Ses04F_impro03\34.jpg,1
C:\EPICS26\iemocap_cnn\src\visual\..\..\features\frames\Ses04F_impro03\36.jpg,1
C:\EPICS26\iemocap_cnn\src\visual\..\..\features\frames\Ses04F_impro03\38.jpg,1
C:\EPICS26\iemocap_cnn\src\visual\..\..\features\frames\Ses04F_impro03\40.jpg,1
C:\EPICS26\iemocap_cnn\src\visual\..\..\features\frames\Ses04F_impro03\41.jpg,1
C:\EPICS26\iemocap_cnn\src\visual\..\..\features\frames\Ses04F_impro03\42.jpg,1
C:\EPICS26\iemocap_cnn\src\visual\..\..\features\frames\Ses04F_impro03\43.jpg,1
C:\EPICS26\iemocap_cnn\src\visual\..\..\features\frames\Ses04F_impro03\44.jpg,1
C:\EPICS26\iemocap_cnn\src\visual\..\..\features\frames\Ses04F_impro03\45.jpg,1
C:\EPICS26\iemocap_cnn\src\visual\..\..\features\frames\Ses04F_impro03\47.jpg,1
C:\EPICS26\iemocap_cnn\src\visual\..\..\features\frames\Ses04F_impro03\48.jpg,1
C:\EPICS26\iemocap_cnn\src\visual\..\..\features\frames\Ses04F_impro03\50.jpg,1
C:\EPICS26\iemocap_cnn\src\visual\..\..\features\frames\Ses04F_impro03\51.jpg,1
C:\EPICS26\iemocap_cnn\src\visual\..\..\features\frames\Ses04F_impro03\52.jpg,1
C:\EPICS26\iemocap_cnn\src\visual\..\..\features\frames\Ses04F_impro03\0.jpg,3
C:\EPICS26\iemocap_cnn\src\visual\..\..\features\frames\Ses04F_impro03\1.jpg,3
C:\EPICS26\iemocap_cnn\src\visual\..\..\features\frames\Ses04F_impro03\3.jpg,1
C:\EPICS26\iemocap_cnn\src\visual\..\..\features\frames\Ses04F_impro03\4.jpg,1
C:\EPICS26\iemocap_cnn\src\visual\..\..\features\frames\Ses04F_impro03\5.jpg,1
C:\EPICS26\iemocap_cnn\src\visual\..\..\features\frames\Ses04F_impro03\14.jpg,1
C:\EPICS26\iemocap_cnn\src\visual\..\..\features\frames\Ses04F_impro03\18.jpg,3
C:\EPICS26\iemocap_cnn\src\visual\..\..\features\frames\Ses04F_impro03\19.jpg,3
C:\EPICS26\iemocap_cnn\src\visual\..\..\features\frames\Ses04F_impro03\20.jpg,3
C:\EPICS26\iemocap_cnn\src\visual\..\..\features\frames\Ses04F_impro03\21.jpg,3
C:\EPICS26\iemocap_cnn\src\visual\..\..\features\frames\Ses04F_impro03\27.jpg,3
C:\EPICS26\iemocap_cnn\src\visual\..\..\features\frames\Ses04F_impro03\28.jpg,3
C:\EPICS26\iemocap_cnn\src\visual\..\..\features\frames\Ses04F_impro03\29.jpg,3
C:\EPICS26\iemocap_cnn\src\visual\..\..\features\frames\Ses04F_impro03\30.jpg,3
C:\EPICS26\iemocap_cnn\src\visual\..\..\features\frames\Ses04F_impro03\31.jpg,3
C:\EPICS26\iemocap_cnn\src\visual\..\..\features\frames\Ses04F_impro03\32.jpg,3
C:\EPICS26\iemocap_cnn\src\visual\..\..\features\frames\Ses04F_impro03\33.jpg,3
C:\EPICS26\iemocap_cnn\src\visual\..\..\features\frames\Ses04F_impro03\34.jpg,3
C:\EPICS26\iemocap_cnn\src\visual\..\..\features\frames\Ses04F_impro03\35.jpg,3
C:\EPICS26\iemocap_cnn\src\visual\..\..\features\frames\Ses04F_impro03\36.jpg,1
C:\EPICS26\iemocap_cnn\src\visual\..\..\features\frames\Ses04F_impro03\37.jpg,1
C:\EPICS26\iemocap_cnn\src\visual\..\..\features\frames\Ses04F_impro03\38.jpg,1
C:\EPICS26\iemocap_cnn\src\visual\..\..\features\frames\Ses04F_impro03\39.jpg,1
C:\EPICS26\iemocap_cnn\src\visual\..\..\features\frames\Ses04F_impro03\40.jpg,1
C:\EPICS26\iemocap_cnn\src\visual\..\..\features\frames\Ses04F_impro03\41.jpg,1
C:\EPICS26\iemocap_cnn\src\visual\..\..\features\frames\Ses04F_impro03\42.jpg,1
C:\EPICS26\iemocap_cnn\src\visual\..\..\features\frames\Ses04F_impro03\43.jpg,1
C:\EPICS26\iemocap_cnn\src\visual\..\..\features\frames\Ses04F_impro03\47.jpg,3
C:\EPICS26\iemocap_cnn\src\visual\..\..\features\frames\Ses04F_impro04\0.jpg,3
C:\EPICS26\iemocap_cnn\src\visual\..\..\features\frames\Ses04F_impro04\5.jpg,0
C:\EPICS26\iemocap_cnn\src\visual\..\..\features\frames\Ses04F_impro04\6.jpg,0
C:\EPICS26\iemocap_cnn\src\visual\..\..\features\frames\Ses04F_impro04\8.jpg,0
C:\EPICS26\iemocap_cnn\src\visual\..\..\features\frames\Ses04F_impro04\11.jpg,0
C:\EPICS26\iemocap_cnn\src\visual\..\..\features\frames\Ses04F_impro04\13.jpg,0
C:\EPICS26\iemocap_cnn\src\visual\..\..\features\frames\Ses04F_impro04\14.jpg,0
C:\EPICS26\iemocap_cnn\src\visual\..\..\features\frames\Ses04F_impro04\15.jpg,0
C:\EPICS26\iemocap_cnn\src\visual\..\..\features\frames\Ses04F_impro04\16.jpg,0
C:\EPICS26\iemocap_cnn\src\visual\..\..\features\frames\Ses04F_impro04\17.jpg,0
C:\EPICS26\iemocap_cnn\src\visual\..\..\features\frames\Ses04F_impro04\18.jpg,0
C:\EPICS26\iemocap_cnn\src\visual\..\..\features\frames\Ses04F_impro04\25.jpg,0
C:\EPICS26\iemocap_cnn\src\visual\..\..\features\frames\Ses04F_impro04\30.jpg,0
C:\EPICS26\iemocap_cnn\src\visual\..\..\features\frames\Ses04F_impro04\31.jpg,0
C:\EPICS26\iemocap_cnn\src\visual\..\..\features\frames\Ses04F_impro04\1.jpg,3
C:\EPICS26\iemocap_cnn\src\visual\..\..\features\frames\Ses04F_impro04\2.jpg,3
C:\EPICS26\iemocap_cnn\src\visual\..\..\features\frames\Ses04F_impro04\3.jpg,3
C:\EPICS26\iemocap_cnn\src\visual\..\..\features\frames\Ses04F_impro04\4.jpg,3
C:\EPICS26\iemocap_cnn\src\visual\..\..\features\frames\Ses04F_impro04\5.jpg,3
C:\EPICS26\iemocap_cnn\src\visual\..\..\features\frames\Ses04F_impro04\6.jpg,3
C:\EPICS26\iemocap_cnn\src\visual\..\..\features\frames\Ses04F_impro04\7.jpg,3
C:\EPICS26\iemocap_cnn\src\visual\..\..\features\frames\Ses04F_impro04\8.jpg,3
C:\EPICS26\iemocap_cnn\src\visual\..\..\features\frames\Ses04F_impro04\9.jpg,3
C:\EPICS26\iemocap_cnn\src\visual\..\..\features\frames\Ses04F_impro04\13.jpg,3
C:\EPICS26\iemocap_cnn\src\visual\..\..\features\frames\Ses04F_impro04\14.jpg,3
C:\EPICS26\iemocap_cnn\src\visual\..\..\features\frames\Ses04F_impro04\15.jpg,3
C:\EPICS26\iemocap_cnn\src\visual\..\..\features\frames\Ses04F_impro04\16.jpg,3
C:\EPICS26\iemocap_cnn\src\visual\..\..\features\frames\Ses04F_impro04\17.jpg,3
C:\EPICS26\iemocap_cnn\src\visual\..\..\features\frames\Ses04F_impro04\18.jpg,3
C:\EPICS26\iemocap_cnn\src\visual\..\..\features\frames\Ses04F_impro04\19.jpg,3
C:\EPICS26\iemocap_cnn\src\visual\..\..\features\frames\Ses04F_impro04\20.jpg,3
C:\EPICS26\iemocap_cnn\src\visual\..\..\features\frames\Ses04F_impro04\21.jpg,3
C:\EPICS26\iemocap_cnn\src\visual\..\..\features\frames\Ses04F_impro04\22.jpg,3
C:\EPICS26\iemocap_cnn\src\visual\..\..\features\frames\Ses04F_impro04\23.jpg,3
C:\EPICS26\iemocap_cnn\src\visual\..\..\features\frames\Ses04F_impro04\26.jpg,3
C:\EPICS26\iemocap_cnn\src\visual\..\..\features\frames\Ses04F_impro04\28.jpg,3
C:\EPICS26\iemocap_cnn\src\visual\..\..\features\frames\Ses04F_impro04\30.jpg,3
C:\EPICS26\iemocap_cnn\src\visual\..\..\features\frames\Ses04F_impro04\31.jpg,3
C:\EPICS26\iemocap_cnn\src\visual\..\..\features\frames\Ses04F_impro04\33.jpg,3
C:\EPICS26\iemocap_cnn\src\visual\..\..\features\frames\Ses04F_impro05\4.jpg,0
C:\EPICS26\iemocap_cnn\src\visual\..\..\features\frames\Ses04F_impro05\5.jpg,0
C:\EPICS26\iemocap_cnn\src\visual\..\..\features\frames\Ses04F_impro05\6.jpg,0
C:\EPICS26\iemocap_cnn\src\visual\..\..\features\frames\Ses04F_impro05\8.jpg,0
C:\EPICS26\iemocap_cnn\src\visual\..\..\features\frames\Ses04F_impro05\9.jpg,0
C:\EPICS26\iemocap_cnn\src\visual\..\..\features\frames\Ses04F_impro05\10.jpg,0
C:\EPICS26\iemocap_cnn\src\visual\..\..\features\frames\Ses04F_impro05\11.jpg,0
C:\EPICS26\iemocap_cnn\src\visual\..\..\features\frames\Ses04F_impro05\12.jpg,0
C:\EPICS26\iemocap_cnn\src\visual\..\..\features\frames\Ses04F_impro05\13.jpg,0
C:\EPICS26\iemocap_cnn\src\visual\..\..\features\frames\Ses04F_impro05\14.jpg,0
C:\EPICS26\iemocap_cnn\src\visual\..\..\features\frames\Ses04F_impro05\15.jpg,0
C:\EPICS26\iemocap_cnn\src\visual\..\..\features\frames\Ses04F_impro05\16.jpg,0
C:\EPICS26\iemocap_cnn\src\visual\..\..\features\frames\Ses04F_impro05\17.jpg,0
C:\EPICS26\iemocap_cnn\src\visual\..\..\features\frames\Ses04F_impro05\18.jpg,0
C:\EPICS26\iemocap_cnn\src\visual\..\..\features\frames\Ses04F_impro05\19.jpg,0
C:\EPICS26\iemocap_cnn\src\visual\..\..\features\frames\Ses04F_impro06\0.jpg,2
C:\EPICS26\iemocap_cnn\src\visual\..\..\features\frames\Ses04F_impro06\1.jpg,2
C:\EPICS26\iemocap_cnn\src\visual\..\..\features\frames\Ses04F_impro06\2.jpg,2
C:\EPICS26\iemocap_cnn\src\visual\..\..\features\frames\Ses04F_impro06\3.jpg,2
C:\EPICS26\iemocap_cnn\src\visual\..\..\features\frames\Ses04F_impro06\4.jpg,2
C:\EPICS26\iemocap_cnn\src\visual\..\..\features\frames\Ses04F_impro06\5.jpg,2
C:\EPICS26\iemocap_cnn\src\visual\..\..\features\frames\Ses04F_impro06\6.jpg,2
C:\EPICS26\iemocap_cnn\src\visual\..\..\features\frames\Ses04F_impro06\7.jpg,2
C:\EPICS26\iemocap_cnn\src\visual\..\..\features\frames\Ses04F_impro06\8.jpg,1
C:\EPICS26\iemocap_cnn\src\visual\..\..\features\frames\Ses04F_impro06\9.jpg,1
C:\EPICS26\iemocap_cnn\src\visual\..\..\features\frames\Ses04F_impro06\10.jpg,2
C:\EPICS26\iemocap_cnn\src\visual\..\..\features\frames\Ses04F_impro06\0.jpg,2
C:\EPICS26\iemocap_cnn\src\visual\..\..\features\frames\Ses04F_impro06\1.jpg,2
C:\EPICS26\iemocap_cnn\src\visual\..\..\features\frames\Ses04F_impro06\2.jpg,2
C:\EPICS26\iemocap_cnn\src\visual\..\..\features\frames\Ses04F_impro06\3.jpg,2
C:\EPICS26\iemocap_cnn\src\visual\..\..\features\frames\Ses04F_impro06\4.jpg,3
C:\EPICS26\iemocap_cnn\src\visual\..\..\features\frames\Ses04F_impro06\5.jpg,2
C:\EPICS26\iemocap_cnn\src\visual\..\..\features\frames\Ses04F_impro06\6.jpg,3
C:\EPICS26\iemocap_cnn\src\visual\..\..\features\frames\Ses04F_impro06\7.jpg,3
C:\EPICS26\iemocap_cnn\src\visual\..\..\features\frames\Ses04F_impro06\8.jpg,2
C:\EPICS26\iemocap_cnn\src\visual\..\..\features\frames\Ses04F_impro06\9.jpg,2
C:\EPICS26\iemocap_cnn\src\visual\..\..\features\frames\Ses04F_impro06\10.jpg,2
C:\EPICS26\iemocap_cnn\src\visual\..\..\features\frames\Ses04F_impro06\11.jpg,2
C:\EPICS26\iemocap_cnn\src\visual\..\..\features\frames\Ses04F_impro06\12.jpg,3
C:\EPICS26\iemocap_cnn\src\visual\..\..\features\frames\Ses04F_impro06\13.jpg,2
C:\EPICS26\iemocap_cnn\src\visual\..\..\features\frames\Ses04F_impro06\14.jpg,2
C:\EPICS26\iemocap_cnn\src\visual\..\..\features\frames\Ses04F_impro07\0.jpg,1
C:\EPICS26\iemocap_cnn\src\visual\..\..\features\frames\Ses04F_impro07\1.jpg,1
C:\EPICS26\iemocap_cnn\src\visual\..\..\features\frames\Ses04F_impro07\2.jpg,1
C:\EPICS26\iemocap_cnn\src\visual\..\..\features\frames\Ses04F_impro07\3.jpg,1
C:\EPICS26\iemocap_cnn\src\visual\..\..\features\frames\Ses04F_impro07\4.jpg,1
C:\EPICS26\iemocap_cnn\src\visual\..\..\features\frames\Ses04F_impro07\5.jpg,1
C:\EPICS26\iemocap_cnn\src\visual\..\..\features\frames\Ses04F_impro07\6.jpg,1
C:\EPICS26\iemocap_cnn\src\visual\..\..\features\frames\Ses04F_impro07\7.jpg,1
C:\EPICS26\iemocap_cnn\src\visual\..\..\features\frames\Ses04F_impro07\8.jpg,1
C:\EPICS26\iemocap_cnn\src\visual\..\..\features\frames\Ses04F_impro07\9.jpg,1
C:\EPICS26\iemocap_cnn\src\visual\..\..\features\frames\Ses04F_impro07\10.jpg,1
C:\EPICS26\iemocap_cnn\src\visual\..\..\features\frames\Ses04F_impro07\11.jpg,1
C:\EPICS26\iemocap_cnn\src\visual\..\..\features\frames\Ses04F_impro07\12.jpg,1
C:\EPICS26\iemocap_cnn\src\visual\..\..\features\frames\Ses04F_impro07\13.jpg,1
C:\EPICS26\iemocap_cnn\src\visual\..\..\features\frames\Ses04F_impro07\14.jpg,1
C:\EPICS26\iemocap_cnn\src\visual\..\..\features\frames\Ses04F_impro07\15.jpg,1
C:\EPICS26\iemocap_cnn\src\visual\..\..\features\frames\Ses04F_impro07\16.jpg,1
C:\EPICS26\iemocap_cnn\src\visual\..\..\features\frames\Ses04F_impro07\17.jpg,1
C:\EPICS26\iemocap_cnn\src\visual\..\..\features\frames\Ses04F_impro07\18.jpg,1
C:\EPICS26\iemocap_cnn\src\visual\..\..\features\frames\Ses04F_impro07\21.jpg,1
C:\EPICS26\iemocap_cnn\src\visual\..\..\features\frames\Ses04F_impro07\22.jpg,1
C:\EPICS26\iemocap_cnn\src\visual\..\..\features\frames\Ses04F_impro07\24.jpg,1
C:\EPICS26\iemocap_cnn\src\visual\..\..\features\frames\Ses04F_impro07\27.jpg,1
C:\EPICS26\iemocap_cnn\src\visual\..\..\features\frames\Ses04F_impro07\28.jpg,1
C:\EPICS26\iemocap_cnn\src\visual\..\..\features\frames\Ses04F_impro07\29.jpg,1
C:\EPICS26\iemocap_cnn\src\visual\..\..\features\frames\Ses04F_impro07\30.jpg,1
C:\EPICS26\iemocap_cnn\src\visual\..\..\features\frames\Ses04F_impro07\31.jpg,1
C:\EPICS26\iemocap_cnn\src\visual\..\..\features\frames\Ses04F_impro07\32.jpg,1
C:\EPICS26\iemocap_cnn\src\visual\..\..\features\frames\Ses04F_impro07\33.jpg,1
C:\EPICS26\iemocap_cnn\src\visual\..\..\features\frames\Ses04F_impro07\35.jpg,1
C:\EPICS26\iemocap_cnn\src\visual\..\..\features\frames\Ses04F_impro07\36.jpg,1
C:\EPICS26\iemocap_cnn\src\visual\..\..\features\frames\Ses04F_impro07\38.jpg,1
C:\EPICS26\iemocap_cnn\src\visual\..\..\features\frames\Ses04F_impro07\39.jpg,1
C:\EPICS26\iemocap_cnn\src\visual\..\..\features\frames\Ses04F_impro07\40.jpg,1
C:\EPICS26\iemocap_cnn\src\visual\..\..\features\frames\Ses04F_impro07\41.jpg,1
C:\EPICS26\iemocap_cnn\src\visual\..\..\features\frames\Ses04F_impro07\42.jpg,1
C:\EPICS26\iemocap_cnn\src\visual\..\..\features\frames\Ses04F_impro07\44.jpg,1
C:\EPICS26\iemocap_cnn\src\visual\..\..\features\frames\Ses04F_impro07\47.jpg,1
C:\EPICS26\iemocap_cnn\src\visual\..\..\features\frames\Ses04F_impro07\48.jpg,1
C:\EPICS26\iemocap_cnn\src\visual\..\..\features\frames\Ses04F_impro07\49.jpg,1
C:\EPICS26\iemocap_cnn\src\visual\..\..\features\frames\Ses04F_impro07\50.jpg,1
C:\EPICS26\iemocap_cnn\src\visual\..\..\features\frames\Ses04F_impro07\51.jpg,1
C:\EPICS26\iemocap_cnn\src\visual\..\..\features\frames\Ses04F_impro07\52.jpg,1
C:\EPICS26\iemocap_cnn\src\visual\..\..\features\frames\Ses04F_impro07\58.jpg,1
C:\EPICS26\iemocap_cnn\src\visual\..\..\features\frames\Ses04F_impro07\59.jpg,1
C:\EPICS26\iemocap_cnn\src\visual\..\..\features\frames\Ses04F_impro07\60.jpg,1
C:\EPICS26\iemocap_cnn\src\visual\..\..\features\frames\Ses04F_impro07\61.jpg,1
C:\EPICS26\iemocap_cnn\src\visual\..\..\features\frames\Ses04F_impro07\62.jpg,1
C:\EPICS26\iemocap_cnn\src\visual\..\..\features\frames\Ses04F_impro07\63.jpg,1
C:\EPICS26\iemocap_cnn\src\visual\..\..\features\frames\Ses04F_impro07\64.jpg,1
C:\EPICS26\iemocap_cnn\src\visual\..\..\features\frames\Ses04F_impro07\65.jpg,1
C:\EPICS26\iemocap_cnn\src\visual\..\..\features\frames\Ses04F_impro07\66.jpg,1
C:\EPICS26\iemocap_cnn\src\visual\..\..\features\frames\Ses04F_impro07\70.jpg,1
C:\EPICS26\iemocap_cnn\src\visual\..\..\features\frames\Ses04F_impro07\74.jpg,1
C:\EPICS26\iemocap_cnn\src\visual\..\..\features\frames\Ses04F_impro07\78.jpg,1
C:\EPICS26\iemocap_cnn\src\visual\..\..\features\frames\Ses04F_impro07\79.jpg,1
C:\EPICS26\iemocap_cnn\src\visual\..\..\features\frames\Ses04F_impro07\0.jpg,3
C:\EPICS26\iemocap_cnn\src\visual\..\..\features\frames\Ses04F_impro07\1.jpg,1
C:\EPICS26\iemocap_cnn\src\visual\..\..\features\frames\Ses04F_impro07\5.jpg,1
C:\EPICS26\iemocap_cnn\src\visual\..\..\features\frames\Ses04F_impro07\6.jpg,1
C:\EPICS26\iemocap_cnn\src\visual\..\..\features\frames\Ses04F_impro07\9.jpg,3
C:\EPICS26\iemocap_cnn\src\visual\..\..\features\frames\Ses04F_impro07\13.jpg,3
C:\EPICS26\iemocap_cnn\src\visual\..\..\features\frames\Ses04F_impro07\16.jpg,3
C:\EPICS26\iemocap_cnn\src\visual\..\..\features\frames\Ses04F_impro07\17.jpg,3
C:\EPICS26\iemocap_cnn\src\visual\..\..\features\frames\Ses04F_impro07\18.jpg,3
C:\EPICS26\iemocap_cnn\src\visual\..\..\features\frames\Ses04F_impro07\19.jpg,3
C:\EPICS26\iemocap_cnn\src\visual\..\..\features\frames\Ses04F_impro07\20.jpg,3
C:\EPICS26\iemocap_cnn\src\visual\..\..\features\frames\Ses04F_impro07\21.jpg,3
C:\EPICS26\iemocap_cnn\src\visual\..\..\features\frames\Ses04F_impro07\22.jpg,3
C:\EPICS26\iemocap_cnn\src\visual\..\..\features\frames\Ses04F_impro07\23.jpg,3
C:\EPICS26\iemocap_cnn\src\visual\..\..\features\frames\Ses04F_impro07\26.jpg,3
C:\EPICS26\iemocap_cnn\src\visual\..\..\features\frames\Ses04F_impro07\28.jpg,1
C:\EPICS26\iemocap_cnn\src\visual\..\..\features\frames\Ses04F_impro07\31.jpg,3
C:\EPICS26\iemocap_cnn\src\visual\..\..\features\frames\Ses04F_impro07\32.jpg,3
C:\EPICS26\iemocap_cnn\src\visual\..\..\features\frames\Ses04F_impro07\33.jpg,3
C:\EPICS26\iemocap_cnn\src\visual\..\..\features\frames\Ses04F_impro07\34.jpg,1
C:\EPICS26\iemocap_cnn\src\visual\..\..\features\frames\Ses04F_impro07\35.jpg,3
C:\EPICS26\iemocap_cnn\src\visual\..\..\features\frames\Ses04F_impro07\36.jpg,1
C:\EPICS26\iemocap_cnn\src\visual\..\..\features\frames\Ses04F_impro07\37.jpg,1
C:\EPICS26\iemocap_cnn\src\visual\..\..\features\frames\Ses04F_impro07\38.jpg,1
C:\EPICS26\iemocap_cnn\src\visual\..\..\features\frames\Ses04F_impro07\39.jpg,1
C:\EPICS26\iemocap_cnn\src\visual\..\..\features\frames\Ses04F_impro07\40.jpg,1
C:\EPICS26\iemocap_cnn\src\visual\..\..\features\frames\Ses04F_impro07\41.jpg,1
C:\EPICS26\iemocap_cnn\src\visual\..\..\features\frames\Ses04F_impro07\42.jpg,1
C:\EPICS26\iemocap_cnn\src\visual\..\..\features\frames\Ses04F_impro07\43.jpg,1
C:\EPICS26\iemocap_cnn\src\visual\..\..\features\frames\Ses04F_impro07\44.jpg,3
C:\EPICS26\iemocap_cnn\src\visual\..\..\features\frames\Ses04F_impro07\45.jpg,1
C:\EPICS26\iemocap_cnn\src\visual\..\..\features\frames\Ses04F_impro07\46.jpg,1
C:\EPICS26\iemocap_cnn\src\visual\..\..\features\frames\Ses04F_impro07\49.jpg,1
C:\EPICS26\iemocap_cnn\src\visual\..\..\features\frames\Ses04F_impro07\50.jpg,1
C:\EPICS26\iemocap_cnn\src\visual\..\..\features\frames\Ses04F_impro07\51.jpg,3
C:\EPICS26\iemocap_cnn\src\visual\..\..\features\frames\Ses04F_impro07\57.jpg,3
C:\EPICS26\iemocap_cnn\src\visual\..\..\features\frames\Ses04F_impro07\58.jpg,3
C:\EPICS26\iemocap_cnn\src\visual\..\..\features\frames\Ses04F_impro07\59.jpg,3
C:\EPICS26\iemocap_cnn\src\visual\..\..\features\frames\Ses04F_impro07\60.jpg,3
C:\EPICS26\iemocap_cnn\src\visual\..\..\features\frames\Ses04F_impro07\61.jpg,3
C:\EPICS26\iemocap_cnn\src\visual\..\..\features\frames\Ses04F_impro07\62.jpg,3
C:\EPICS26\iemocap_cnn\src\visual\..\..\features\frames\Ses04F_impro07\63.jpg,3
C:\EPICS26\iemocap_cnn\src\visual\..\..\features\frames\Ses04F_impro07\64.jpg,3
C:\EPICS26\iemocap_cnn\src\visual\..\..\features\frames\Ses04F_impro07\66.jpg,3
C:\EPICS26\iemocap_cnn\src\visual\..\..\features\frames\Ses04F_impro07\67.jpg,3
C:\EPICS26\iemocap_cnn\src\visual\..\..\features\frames\Ses04F_impro07\70.jpg,1
C:\EPICS26\iemocap_cnn\src\visual\..\..\features\frames\Ses04F_impro07\71.jpg,3
C:\EPICS26\iemocap_cnn\src\visual\..\..\features\frames\Ses04F_impro07\72.jpg,3
C:\EPICS26\iemocap_cnn\src\visual\..\..\features\frames\Ses04F_impro07\73.jpg,3
C:\EPICS26\iemocap_cnn\src\visual\..\..\features\frames\Ses04F_impro07\76.jpg,3
C:\EPICS26\iemocap_cnn\src\visual\..\..\features\frames\Ses04F_impro07\77.jpg,3
C:\EPICS26\iemocap_cnn\src\visual\..\..\features\frames\Ses04F_impro07\79.jpg,3
C:\EPICS26\iemocap_cnn\src\visual\..\..\features\frames\Ses04F_impro07\80.jpg,3
C:\EPICS26\iemocap_cnn\src\visual\..\..\features\frames\Ses04F_impro07\82.jpg,3
C:\EPICS26\iemocap_cnn\src\visual\..\..\features\frames\Ses04F_impro08\0.jpg,1
C:\EPICS26\iemocap_cnn\src\visual\..\..\features\frames\Ses04F_impro08\1.jpg,3
C:\EPICS26\iemocap_cnn\src\visual\..\..\features\frames\Ses04F_impro08\2.jpg,3
C:\EPICS26\iemocap_cnn\src\visual\..\..\features\frames\Ses04F_impro08\4.jpg,3
C:\EPICS26\iemocap_cnn\src\visual\..\..\features\frames\Ses04F_impro08\5.jpg,3
C:\EPICS26\iemocap_cnn\src\visual\..\..\features\frames\Ses04F_impro08\6.jpg,3
C:\EPICS26\iemocap_cnn\src\visual\..\..\features\frames\Ses04F_impro08\8.jpg,3
C:\EPICS26\iemocap_cnn\src\visual\..\..\features\frames\Ses04F_impro08\9.jpg,3
C:\EPICS26\iemocap_cnn\src\visual\..\..\features\frames\Ses04F_impro08\23.jpg,0
C:\EPICS26\iemocap_cnn\src\visual\..\..\features\frames\Ses04F_impro08\1.jpg,3
C:\EPICS26\iemocap_cnn\src\visual\..\..\features\frames\Ses04F_impro08\12.jpg,3
C:\EPICS26\iemocap_cnn\src\visual\..\..\features\frames\Ses04F_impro08\13.jpg,0
C:\EPICS26\iemocap_cnn\src\visual\..\..\features\frames\Ses04F_impro08\14.jpg,0
C:\EPICS26\iemocap_cnn\src\visual\..\..\features\frames\Ses04F_impro08\15.jpg,0
C:\EPICS26\iemocap_cnn\src\visual\..\..\features\frames\Ses04F_impro08\16.jpg,0
C:\EPICS26\iemocap_cnn\src\visual\..\..\features\frames\Ses04F_impro08\17.jpg,0
C:\EPICS26\iemocap_cnn\src\visual\..\..\features\frames\Ses04F_impro08\18.jpg,0
C:\EPICS26\iemocap_cnn\src\visual\..\..\features\frames\Ses04F_impro08\19.jpg,0
C:\EPICS26\iemocap_cnn\src\visual\..\..\features\frames\Ses04F_impro08\22.jpg,0
C:\EPICS26\iemocap_cnn\src\visual\..\..\features\frames\Ses04F_impro08\23.jpg,0
C:\EPICS26\iemocap_cnn\src\visual\..\..\features\frames\Ses04F_impro08\24.jpg,0
C:\EPICS26\iemocap_cnn\src\visual\..\..\features\frames\Ses04F_script01_1\4.jpg,2
C:\EPICS26\iemocap_cnn\src\visual\..\..\features\frames\Ses04F_script01_1\11.jpg,0
C:\EPICS26\iemocap_cnn\src\visual\..\..\features\frames\Ses04F_script01_1\12.jpg,0
C:\EPICS26\iemocap_cnn\src\visual\..\..\features\frames\Ses04F_script01_1\13.jpg,0
C:\EPICS26\iemocap_cnn\src\visual\..\..\features\frames\Ses04F_script01_1\14.jpg,0
C:\EPICS26\iemocap_cnn\src\visual\..\..\features\frames\Ses04F_script01_1\15.jpg,0
C:\EPICS26\iemocap_cnn\src\visual\..\..\features\frames\Ses04F_script01_1\18.jpg,3
C:\EPICS26\iemocap_cnn\src\visual\..\..\features\frames\Ses04F_script01_1\19.jpg,0
C:\EPICS26\iemocap_cnn\src\visual\..\..\features\frames\Ses04F_script01_1\22.jpg,0
C:\EPICS26\iemocap_cnn\src\visual\..\..\features\frames\Ses04F_script01_1\23.jpg,0
C:\EPICS26\iemocap_cnn\src\visual\..\..\features\frames\Ses04F_script01_1\24.jpg,0
C:\EPICS26\iemocap_cnn\src\visual\..\..\features\frames\Ses04F_script01_1\25.jpg,3
C:\EPICS26\iemocap_cnn\src\visual\..\..\features\frames\Ses04F_script01_1\29.jpg,0
C:\EPICS26\iemocap_cnn\src\visual\..\..\features\frames\Ses04F_script01_1\30.jpg,0
C:\EPICS26\iemocap_cnn\src\visual\..\..\features\frames\Ses04F_script01_1\32.jpg,0
C:\EPICS26\iemocap_cnn\src\visual\..\..\features\frames\Ses04F_script01_1\35.jpg,0
C:\EPICS26\iemocap_cnn\src\visual\..\..\features\frames\Ses04F_script01_1\36.jpg,0
C:\EPICS26\iemocap_cnn\src\visual\..\..\features\frames\Ses04F_script01_1\37.jpg,0
C:\EPICS26\iemocap_cnn\src\visual\..\..\features\frames\Ses04F_script01_1\40.jpg,0
C:\EPICS26\iemocap_cnn\src\visual\..\..\features\frames\Ses04F_script01_1\41.jpg,0
C:\EPICS26\iemocap_cnn\src\visual\..\..\features\frames\Ses04F_script01_1\42.jpg,0
C:\EPICS26\iemocap_cnn\src\visual\..\..\features\frames\Ses04F_script01_1\44.jpg,0
C:\EPICS26\iemocap_cnn\src\visual\..\..\features\frames\Ses04F_script01_1\0.jpg,3
C:\EPICS26\iemocap_cnn\src\visual\..\..\features\frames\Ses04F_script01_1\4.jpg,2
C:\EPICS26\iemocap_cnn\src\visual\..\..\features\frames\Ses04F_script01_1\5.jpg,2
C:\EPICS26\iemocap_cnn\src\visual\..\..\features\frames\Ses04F_script01_1\9.jpg,0
C:\EPICS26\iemocap_cnn\src\visual\..\..\features\frames\Ses04F_script01_1\10.jpg,0
C:\EPICS26\iemocap_cnn\src\visual\..\..\features\frames\Ses04F_script01_1\12.jpg,0
C:\EPICS26\iemocap_cnn\src\visual\..\..\features\frames\Ses04F_script01_1\13.jpg,0
C:\EPICS26\iemocap_cnn\src\visual\..\..\features\frames\Ses04F_script01_1\16.jpg,3
C:\EPICS26\iemocap_cnn\src\visual\..\..\features\frames\Ses04F_script01_1\17.jpg,3
C:\EPICS26\iemocap_cnn\src\visual\..\..\features\frames\Ses04F_script01_1\20.jpg,0
C:\EPICS26\iemocap_cnn\src\visual\..\..\features\frames\Ses04F_script01_1\21.jpg,0
C:\EPICS26\iemocap_cnn\src\visual\..\..\features\frames\Ses04F_script01_1\22.jpg,0
C:\EPICS26\iemocap_cnn\src\visual\..\..\features\frames\Ses04F_script01_1\25.jpg,0
C:\EPICS26\iemocap_cnn\src\visual\..\..\features\frames\Ses04F_script01_1\26.jpg,2
C:\EPICS26\iemocap_cnn\src\visual\..\..\features\frames\Ses04F_script01_1\28.jpg,0
C:\EPICS26\iemocap_cnn\src\visual\..\..\features\frames\Ses04F_script01_1\29.jpg,0
C:\EPICS26\iemocap_cnn\src\visual\..\..\features\frames\Ses04F_script01_1\30.jpg,0
C:\EPICS26\iemocap_cnn\src\visual\..\..\features\frames\Ses04F_script01_1\32.jpg,2
C:\EPICS26\iemocap_cnn\src\visual\..\..\features\frames\Ses04F_script01_1\34.jpg,0
C:\EPICS26\iemocap_cnn\src\visual\..\..\features\frames\Ses04F_script01_1\38.jpg,0
C:\EPICS26\iemocap_cnn\src\visual\..\..\features\frames\Ses04F_script01_2\0.jpg,0
C:\EPICS26\iemocap_cnn\src\visual\..\..\features\frames\Ses04F_script01_2\1.jpg,0
C:\EPICS26\iemocap_cnn\src\visual\..\..\features\frames\Ses04F_script01_2\5.jpg,0
C:\EPICS26\iemocap_cnn\src\visual\..\..\features\frames\Ses04F_script01_2\6.jpg,0
C:\EPICS26\iemocap_cnn\src\visual\..\..\features\frames\Ses04F_script01_2\7.jpg,0
C:\EPICS26\iemocap_cnn\src\visual\..\..\features\frames\Ses04F_script01_2\8.jpg,0
C:\EPICS26\iemocap_cnn\src\visual\..\..\features\frames\Ses04F_script01_2\9.jpg,0
C:\EPICS26\iemocap_cnn\src\visual\..\..\features\frames\Ses04F_script01_2\10.jpg,0
C:\EPICS26\iemocap_cnn\src\visual\..\..\features\frames\Ses04F_script01_2\16.jpg,0
C:\EPICS26\iemocap_cnn\src\visual\..\..\features\frames\Ses04F_script01_2\0.jpg,3
C:\EPICS26\iemocap_cnn\src\visual\..\..\features\frames\Ses04F_script01_2\1.jpg,3
C:\EPICS26\iemocap_cnn\src\visual\..\..\features\frames\Ses04F_script01_2\4.jpg,3
C:\EPICS26\iemocap_cnn\src\visual\..\..\features\frames\Ses04F_script01_2\7.jpg,3
C:\EPICS26\iemocap_cnn\src\visual\..\..\features\frames\Ses04F_script01_2\8.jpg,3
C:\EPICS26\iemocap_cnn\src\visual\..\..\features\frames\Ses04F_script01_2\17.jpg,0
C:\EPICS26\iemocap_cnn\src\visual\..\..\features\frames\Ses04F_script01_3\9.jpg,1
C:\EPICS26\iemocap_cnn\src\visual\..\..\features\frames\Ses04F_script01_3\10.jpg,1
C:\EPICS26\iemocap_cnn\src\visual\..\..\features\frames\Ses04F_script01_3\12.jpg,1
C:\EPICS26\iemocap_cnn\src\visual\..\..\features\frames\Ses04F_script01_3\13.jpg,1
C:\EPICS26\iemocap_cnn\src\visual\..\..\features\frames\Ses04F_script01_3\14.jpg,1
C:\EPICS26\iemocap_cnn\src\visual\..\..\features\frames\Ses04F_script01_3\15.jpg,1
C:\EPICS26\iemocap_cnn\src\visual\..\..\features\frames\Ses04F_script01_3\23.jpg,3
C:\EPICS26\iemocap_cnn\src\visual\..\..\features\frames\Ses04F_script01_3\24.jpg,2
C:\EPICS26\iemocap_cnn\src\visual\..\..\features\frames\Ses04F_script01_3\30.jpg,1
C:\EPICS26\iemocap_cnn\src\visual\..\..\features\frames\Ses04F_script01_3\4.jpg,0
C:\EPICS26\iemocap_cnn\src\visual\..\..\features\frames\Ses04F_script01_3\8.jpg,3
C:\EPICS26\iemocap_cnn\src\visual\..\..\features\frames\Ses04F_script01_3\9.jpg,1
C:\EPICS26\iemocap_cnn\src\visual\..\..\features\frames\Ses04F_script01_3\10.jpg,1
C:\EPICS26\iemocap_cnn\src\visual\..\..\features\frames\Ses04F_script01_3\11.jpg,1
C:\EPICS26\iemocap_cnn\src\visual\..\..\features\frames\Ses04F_script01_3\14.jpg,3
C:\EPICS26\iemocap_cnn\src\visual\..\..\features\frames\Ses04F_script01_3\18.jpg,1
C:\EPICS26\iemocap_cnn\src\visual\..\..\features\frames\Ses04F_script01_3\19.jpg,1
C:\EPICS26\iemocap_cnn\src\visual\..\..\features\frames\Ses04F_script01_3\20.jpg,1
C:\EPICS26\iemocap_cnn\src\visual\..\..\features\frames\Ses04F_script01_3\23.jpg,2
C:\EPICS26\iemocap_cnn\src\visual\..\..\features\frames\Ses04F_script01_3\24.jpg,2
C:\EPICS26\iemocap_cnn\src\visual\..\..\features\frames\Ses04F_script01_3\26.jpg,2
C:\EPICS26\iemocap_cnn\src\visual\..\..\features\frames\Ses04F_script01_3\27.jpg,2
C:\EPICS26\iemocap_cnn\src\visual\..\..\features\frames\Ses04F_script01_3\28.jpg,2
C:\EPICS26\iemocap_cnn\src\visual\..\..\features\frames\Ses04F_script01_3\29.jpg,2
C:\EPICS26\iemocap_cnn\src\visual\..\..\features\frames\Ses04F_script01_3\30.jpg,2
C:\EPICS26\iemocap_cnn\src\visual\..\..\features\frames\Ses04F_script01_3\31.jpg,2
C:\EPICS26\iemocap_cnn\src\visual\..\..\features\frames\Ses04F_script01_3\32.jpg,2
C:\EPICS26\iemocap_cnn\src\visual\..\..\features\frames\Ses04F_script01_3\33.jpg,2
C:\EPICS26\iemocap_cnn\src\visual\..\..\features\frames\Ses04F_script01_3\34.jpg,2
C:\EPICS26\iemocap_cnn\src\visual\..\..\features\frames\Ses04F_script01_3\35.jpg,2
C:\EPICS26\iemocap_cnn\src\visual\..\..\features\frames\Ses04F_script01_3\36.jpg,2
C:\EPICS26\iemocap_cnn\src\visual\..\..\features\frames\Ses04F_script01_3\39.jpg,2
C:\EPICS26\iemocap_cnn\src\visual\..\..\features\frames\Ses04F_script01_3\40.jpg,2
C:\EPICS26\iemocap_cnn\src\visual\..\..\features\frames\Ses04F_script01_3\41.jpg,2
C:\EPICS26\iemocap_cnn\src\visual\..\..\features\frames\Ses04F_script01_3\43.jpg,2
C:\EPICS26\iemocap_cnn\src\visual\..\..\features\frames\Ses04F_script01_3\44.jpg,2
C:\EPICS26\iemocap_cnn\src\visual\..\..\features\frames\Ses04F_script01_3\45.jpg,2
C:\EPICS26\iemocap_cnn\src\visual\..\..\features\frames\Ses04F_script01_3\47.jpg,1
C:\EPICS26\iemocap_cnn\src\visual\..\..\features\frames\Ses04F_script02_1\0.jpg,3
C:\EPICS26\iemocap_cnn\src\visual\..\..\features\frames\Ses04F_script02_1\7.jpg,0
C:\EPICS26\iemocap_cnn\src\visual\..\..\features\frames\Ses04F_script02_1\8.jpg,0
C:\EPICS26\iemocap_cnn\src\visual\..\..\features\frames\Ses04F_script02_1\12.jpg,0
C:\EPICS26\iemocap_cnn\src\visual\..\..\features\frames\Ses04F_script02_1\13.jpg,0
C:\EPICS26\iemocap_cnn\src\visual\..\..\features\frames\Ses04F_script02_1\14.jpg,0
C:\EPICS26\iemocap_cnn\src\visual\..\..\features\frames\Ses04F_script02_1\16.jpg,0
C:\EPICS26\iemocap_cnn\src\visual\..\..\features\frames\Ses04F_script02_1\17.jpg,0
C:\EPICS26\iemocap_cnn\src\visual\..\..\features\frames\Ses04F_script02_1\19.jpg,0
C:\EPICS26\iemocap_cnn\src\visual\..\..\features\frames\Ses04F_script02_1\21.jpg,0
C:\EPICS26\iemocap_cnn\src\visual\..\..\features\frames\Ses04F_script02_1\22.jpg,0
C:\EPICS26\iemocap_cnn\src\visual\..\..\features\frames\Ses04F_script02_1\0.jpg,1
C:\EPICS26\iemocap_cnn\src\visual\..\..\features\frames\Ses04F_script02_1\2.jpg,1
C:\EPICS26\iemocap_cnn\src\visual\..\..\features\frames\Ses04F_script02_1\9.jpg,1
C:\EPICS26\iemocap_cnn\src\visual\..\..\features\frames\Ses04F_script02_1\10.jpg,3
C:\EPICS26\iemocap_cnn\src\visual\..\..\features\frames\Ses04F_script02_1\11.jpg,1
C:\EPICS26\iemocap_cnn\src\visual\..\..\features\frames\Ses04F_script02_1\17.jpg,3
C:\EPICS26\iemocap_cnn\src\visual\..\..\features\frames\Ses04F_script02_1\21.jpg,1
C:\EPICS26\iemocap_cnn\src\visual\..\..\features\frames\Ses04F_script02_1\23.jpg,1
C:\EPICS26\iemocap_cnn\src\visual\..\..\features\frames\Ses04F_script02_1\26.jpg,1
C:\EPICS26\iemocap_cnn\src\visual\..\..\features\frames\Ses04F_script02_1\31.jpg,0
C:\EPICS26\iemocap_cnn\src\visual\..\..\features\frames\Ses04F_script02_1\32.jpg,1
C:\EPICS26\iemocap_cnn\src\visual\..\..\features\frames\Ses04F_script02_1\33.jpg,1
C:\EPICS26\iemocap_cnn\src\visual\..\..\features\frames\Ses04F_script02_1\34.jpg,1
C:\EPICS26\iemocap_cnn\src\visual\..\..\features\frames\Ses04F_script02_1\35.jpg,1
C:\EPICS26\iemocap_cnn\src\visual\..\..\features\frames\Ses04F_script02_1\36.jpg,1
C:\EPICS26\iemocap_cnn\src\visual\..\..\features\frames\Ses04F_script02_1\37.jpg,1
C:\EPICS26\iemocap_cnn\src\visual\..\..\features\frames\Ses04F_script02_1\38.jpg,1
C:\EPICS26\iemocap_cnn\src\visual\..\..\features\frames\Ses04F_script02_1\39.jpg,1
C:\EPICS26\iemocap_cnn\src\visual\..\..\features\frames\Ses04F_script02_1\40.jpg,1
C:\EPICS26\iemocap_cnn\src\visual\..\..\features\frames\Ses04F_script02_2\2.jpg,0
C:\EPICS26\iemocap_cnn\src\visual\..\..\features\frames\Ses04F_script02_2\5.jpg,0
C:\EPICS26\iemocap_cnn\src\visual\..\..\features\frames\Ses04F_script02_2\6.jpg,0
C:\EPICS26\iemocap_cnn\src\visual\..\..\features\frames\Ses04F_script02_2\7.jpg,0
C:\EPICS26\iemocap_cnn\src\visual\..\..\features\frames\Ses04F_script02_2\8.jpg,3
C:\EPICS26\iemocap_cnn\src\visual\..\..\features\frames\Ses04F_script02_2\9.jpg,0
C:\EPICS26\iemocap_cnn\src\visual\..\..\features\frames\Ses04F_script02_2\10.jpg,0
C:\EPICS26\iemocap_cnn\src\visual\..\..\features\frames\Ses04F_script02_2\11.jpg,0
C:\EPICS26\iemocap_cnn\src\visual\..\..\features\frames\Ses04F_script02_2\14.jpg,0
C:\EPICS26\iemocap_cnn\src\visual\..\..\features\frames\Ses04F_script02_2\19.jpg,2
C:\EPICS26\iemocap_cnn\src\visual\..\..\features\frames\Ses04F_script02_2\20.jpg,2
C:\EPICS26\iemocap_cnn\src\visual\..\..\features\frames\Ses04F_script02_2\21.jpg,2
C:\EPICS26\iemocap_cnn\src\visual\..\..\features\frames\Ses04F_script02_2\22.jpg,2
C:\EPICS26\iemocap_cnn\src\visual\..\..\features\frames\Ses04F_script02_2\23.jpg,2
C:\EPICS26\iemocap_cnn\src\visual\..\..\features\frames\Ses04F_script02_2\24.jpg,2
C:\EPICS26\iemocap_cnn\src\visual\..\..\features\frames\Ses04F_script02_2\25.jpg,3
C:\EPICS26\iemocap_cnn\src\visual\..\..\features\frames\Ses04F_script02_2\26.jpg,2
C:\EPICS26\iemocap_cnn\src\visual\..\..\features\frames\Ses04F_script02_2\31.jpg,0
C:\EPICS26\iemocap_cnn\src\visual\..\..\features\frames\Ses04F_script02_2\33.jpg,0
C:\EPICS26\iemocap_cnn\src\visual\..\..\features\frames\Ses04F_script02_2\34.jpg,0
C:\EPICS26\iemocap_cnn\src\visual\..\..\features\frames\Ses04F_script02_2\37.jpg,2
C:\EPICS26\iemocap_cnn\src\visual\..\..\features\frames\Ses04F_script02_2\41.jpg,2
C:\EPICS26\iemocap_cnn\src\visual\..\..\features\frames\Ses04F_script02_2\43.jpg,1
C:\EPICS26\iemocap_cnn\src\visual\..\..\features\frames\Ses04F_script02_2\44.jpg,1
C:\EPICS26\iemocap_cnn\src\visual\..\..\features\frames\Ses04F_script02_2\45.jpg,1
C:\EPICS26\iemocap_cnn\src\visual\..\..\features\frames\Ses04F_script02_2\46.jpg,1
C:\EPICS26\iemocap_cnn\src\visual\..\..\features\frames\Ses04F_script02_2\0.jpg,3
C:\EPICS26\iemocap_cnn\src\visual\..\..\features\frames\Ses04F_script02_2\19.jpg,3
C:\EPICS26\iemocap_cnn\src\visual\..\..\features\frames\Ses04F_script02_2\20.jpg,3
C:\EPICS26\iemocap_cnn\src\visual\..\..\features\frames\Ses04F_script02_2\21.jpg,1
C:\EPICS26\iemocap_cnn\src\visual\..\..\features\frames\Ses04F_script02_2\23.jpg,3
C:\EPICS26\iemocap_cnn\src\visual\..\..\features\frames\Ses04F_script02_2\40.jpg,2
C:\EPICS26\iemocap_cnn\src\visual\..\..\features\frames\Ses04F_script02_2\41.jpg,2
C:\EPICS26\iemocap_cnn\src\visual\..\..\features\frames\Ses04F_script02_2\43.jpg,3
C:\EPICS26\iemocap_cnn\src\visual\..\..\features\frames\Ses04F_script02_2\44.jpg,3
C:\EPICS26\iemocap_cnn\src\visual\..\..\features\frames\Ses04F_script02_2\46.jpg,1
C:\EPICS26\iemocap_cnn\src\visual\..\..\features\frames\Ses04F_script02_2\47.jpg,3
C:\EPICS26\iemocap_cnn\src\visual\..\..\features\frames\Ses04F_script03_1\5.jpg,1
C:\EPICS26\iemocap_cnn\src\visual\..\..\features\frames\Ses04F_script03_1\6.jpg,1
C:\EPICS26\iemocap_cnn\src\visual\..\..\features\frames\Ses04F_script03_1\7.jpg,1
C:\EPICS26\iemocap_cnn\src\visual\..\..\features\frames\Ses04F_script03_1\9.jpg,1
C:\EPICS26\iemocap_cnn\src\visual\..\..\features\frames\Ses04F_script03_1\11.jpg,1
C:\EPICS26\iemocap_cnn\src\visual\..\..\features\frames\Ses04F_script03_1\12.jpg,3
C:\EPICS26\iemocap_cnn\src\visual\..\..\features\frames\Ses04F_script03_1\14.jpg,1
C:\EPICS26\iemocap_cnn\src\visual\..\..\features\frames\Ses04F_script03_1\17.jpg,3
C:\EPICS26\iemocap_cnn\src\visual\..\..\features\frames\Ses04F_script03_1\21.jpg,1
C:\EPICS26\iemocap_cnn\src\visual\..\..\features\frames\Ses04F_script03_1\22.jpg,1
C:\EPICS26\iemocap_cnn\src\visual\..\..\features\frames\Ses04F_script03_1\23.jpg,1
C:\EPICS26\iemocap_cnn\src\visual\..\..\features\frames\Ses04F_script03_1\24.jpg,1
C:\EPICS26\iemocap_cnn\src\visual\..\..\features\frames\Ses04F_script03_1\26.jpg,1
C:\EPICS26\iemocap_cnn\src\visual\..\..\features\frames\Ses04F_script03_1\28.jpg,1
C:\EPICS26\iemocap_cnn\src\visual\..\..\features\frames\Ses04F_script03_1\29.jpg,1
C:\EPICS26\iemocap_cnn\src\visual\..\..\features\frames\Ses04F_script03_1\30.jpg,1
C:\EPICS26\iemocap_cnn\src\visual\..\..\features\frames\Ses04F_script03_1\6.jpg,1
C:\EPICS26\iemocap_cnn\src\visual\..\..\features\frames\Ses04F_script03_1\7.jpg,1
C:\EPICS26\iemocap_cnn\src\visual\..\..\features\frames\Ses04F_script03_1\8.jpg,1
C:\EPICS26\iemocap_cnn\src\visual\..\..\features\frames\Ses04F_script03_1\9.jpg,3
C:\EPICS26\iemocap_cnn\src\visual\..\..\features\frames\Ses04F_script03_1\17.jpg,3
C:\EPICS26\iemocap_cnn\src\visual\..\..\features\frames\Ses04F_script03_1\27.jpg,3
C:\EPICS26\iemocap_cnn\src\visual\..\..\features\frames\Ses04F_script03_1\28.jpg,3
C:\EPICS26\iemocap_cnn\src\visual\..\..\features\frames\Ses04F_script03_1\29.jpg,3
C:\EPICS26\iemocap_cnn\src\visual\..\..\features\frames\Ses04F_script03_1\30.jpg,3
C:\EPICS26\iemocap_cnn\src\visual\..\..\features\frames\Ses04F_script03_1\31.jpg,3
C:\EPICS26\iemocap_cnn\src\visual\..\..\features\frames\Ses04F_script03_2\5.jpg,0
C:\EPICS26\iemocap_cnn\src\visual\..\..\features\frames\Ses04F_script03_2\12.jpg,0
C:\EPICS26\iemocap_cnn\src\visual\..\..\features\frames\Ses04F_script03_2\13.jpg,0
C:\EPICS26\iemocap_cnn\src\visual\..\..\features\frames\Ses04F_script03_2\14.jpg,0
C:\EPICS26\iemocap_cnn\src\visual\..\..\features\frames\Ses04F_script03_2\19.jpg,0
C:\EPICS26\iemocap_cnn\src\visual\..\..\features\frames\Ses04F_script03_2\20.jpg,0
C:\EPICS26\iemocap_cnn\src\visual\..\..\features\frames\Ses04F_script03_2\21.jpg,0
C:\EPICS26\iemocap_cnn\src\visual\..\..\features\frames\Ses04F_script03_2\22.jpg,0
C:\EPICS26\iemocap_cnn\src\visual\..\..\features\frames\Ses04F_script03_2\23.jpg,0
C:\EPICS26\iemocap_cnn\src\visual\..\..\features\frames\Ses04F_script03_2\24.jpg,0
C:\EPICS26\iemocap_cnn\src\visual\..\..\features\frames\Ses04F_script03_2\25.jpg,0
C:\EPICS26\iemocap_cnn\src\visual\..\..\features\frames\Ses04F_script03_2\26.jpg,0
C:\EPICS26\iemocap_cnn\src\visual\..\..\features\frames\Ses04F_script03_2\27.jpg,0
C:\EPICS26\iemocap_cnn\src\visual\..\..\features\frames\Ses04F_script03_2\28.jpg,0
C:\EPICS26\iemocap_cnn\src\visual\..\..\features\frames\Ses04F_script03_2\29.jpg,0
C:\EPICS26\iemocap_cnn\src\visual\..\..\features\frames\Ses04F_script03_2\30.jpg,0
C:\EPICS26\iemocap_cnn\src\visual\..\..\features\frames\Ses04F_script03_2\31.jpg,0
C:\EPICS26\iemocap_cnn\src\visual\..\..\features\frames\Ses04F_script03_2\34.jpg,0
C:\EPICS26\iemocap_cnn\src\visual\..\..\features\frames\Ses04F_script03_2\35.jpg,0
C:\EPICS26\iemocap_cnn\src\visual\..\..\features\frames\Ses04F_script03_2\36.jpg,0
C:\EPICS26\iemocap_cnn\src\visual\..\..\features\frames\Ses04F_script03_2\37.jpg,0
C:\EPICS26\iemocap_cnn\src\visual\..\..\features\frames\Ses04F_script03_2\38.jpg,0
C:\EPICS26\iemocap_cnn\src\visual\..\..\features\frames\Ses04F_script03_2\39.jpg,0
C:\EPICS26\iemocap_cnn\src\visual\..\..\features\frames\Ses04F_script03_2\40.jpg,0
C:\EPICS26\iemocap_cnn\src\visual\..\..\features\frames\Ses04F_script03_2\41.jpg,0
C:\EPICS26\iemocap_cnn\src\visual\..\..\features\frames\Ses04F_script03_2\42.jpg,0
C:\EPICS26\iemocap_cnn\src\visual\..\..\features\frames\Ses04F_script03_2\43.jpg,0
C:\EPICS26\iemocap_cnn\src\visual\..\..\features\frames\Ses04F_script03_2\44.jpg,0
C:\EPICS26\iemocap_cnn\src\visual\..\..\features\frames\Ses04F_script03_2\0.jpg,3
C:\EPICS26\iemocap_cnn\src\visual\..\..\features\frames\Ses04F_script03_2\1.jpg,0
C:\EPICS26\iemocap_cnn\src\visual\..\..\features\frames\Ses04F_script03_2\3.jpg,0
C:\EPICS26\iemocap_cnn\src\visual\..\..\features\frames\Ses04F_script03_2\5.jpg,0
C:\EPICS26\iemocap_cnn\src\visual\..\..\features\frames\Ses04F_script03_2\6.jpg,0
C:\EPICS26\iemocap_cnn\src\visual\..\..\features\frames\Ses04F_script03_2\7.jpg,0
C:\EPICS26\iemocap_cnn\src\visual\..\..\features\frames\Ses04F_script03_2\8.jpg,0
C:\EPICS26\iemocap_cnn\src\visual\..\..\features\frames\Ses04F_script03_2\10.jpg,3
C:\EPICS26\iemocap_cnn\src\visual\..\..\features\frames\Ses04F_script03_2\14.jpg,0
C:\EPICS26\iemocap_cnn\src\visual\..\..\features\frames\Ses04F_script03_2\15.jpg,0
C:\EPICS26\iemocap_cnn\src\visual\..\..\features\frames\Ses04F_script03_2\16.jpg,0
C:\EPICS26\iemocap_cnn\src\visual\..\..\features\frames\Ses04F_script03_2\24.jpg,3
C:\EPICS26\iemocap_cnn\src\visual\..\..\features\frames\Ses04F_script03_2\27.jpg,0
C:\EPICS26\iemocap_cnn\src\visual\..\..\features\frames\Ses04F_script03_2\31.jpg,0
C:\EPICS26\iemocap_cnn\src\visual\..\..\features\frames\Ses04F_script03_2\34.jpg,0
C:\EPICS26\iemocap_cnn\src\visual\..\..\features\frames\Ses04F_script03_2\35.jpg,0
C:\EPICS26\iemocap_cnn\src\visual\..\..\features\frames\Ses04F_script03_2\37.jpg,0
C:\EPICS26\iemocap_cnn\src\visual\..\..\features\frames\Ses04F_script03_2\39.jpg,0
C:\EPICS26\iemocap_cnn\src\visual\..\..\features\frames\Ses04F_script03_2\40.jpg,0
C:\EPICS26\iemocap_cnn\src\visual\..\..\features\frames\Ses04F_script03_2\41.jpg,0
C:\EPICS26\iemocap_cnn\src\visual\..\..\features\frames\Ses04F_script03_2\42.jpg,0
C:\EPICS26\iemocap_cnn\src\visual\..\..\features\frames\Ses04F_script03_2\43.jpg,0
C:\EPICS26\iemocap_cnn\src\visual\..\..\features\frames\Ses04F_script03_2\44.jpg,0
C:\EPICS26\iemocap_cnn\src\visual\..\..\features\frames\Ses04F_script03_2\45.jpg,0
C:\EPICS26\iemocap_cnn\src\visual\..\..\features\frames\Ses04M_impro01\0.jpg,3
C:\EPICS26\iemocap_cnn\src\visual\..\..\features\frames\Ses04M_impro01\1.jpg,3
C:\EPICS26\iemocap_cnn\src\visual\..\..\features\frames\Ses04M_impro01\2.jpg,3
C:\EPICS26\iemocap_cnn\src\visual\..\..\features\frames\Ses04M_impro01\12.jpg,3
C:\EPICS26\iemocap_cnn\src\visual\..\..\features\frames\Ses04M_impro01\18.jpg,0
C:\EPICS26\iemocap_cnn\src\visual\..\..\features\frames\Ses04M_impro01\19.jpg,0
C:\EPICS26\iemocap_cnn\src\visual\..\..\features\frames\Ses04M_impro01\21.jpg,0
C:\EPICS26\iemocap_cnn\src\visual\..\..\features\frames\Ses04M_impro01\0.jpg,3
C:\EPICS26\iemocap_cnn\src\visual\..\..\features\frames\Ses04M_impro01\3.jpg,3
C:\EPICS26\iemocap_cnn\src\visual\..\..\features\frames\Ses04M_impro01\18.jpg,0
C:\EPICS26\iemocap_cnn\src\visual\..\..\features\frames\Ses04M_impro01\24.jpg,0
C:\EPICS26\iemocap_cnn\src\visual\..\..\features\frames\Ses04M_impro02\9.jpg,2
C:\EPICS26\iemocap_cnn\src\visual\..\..\features\frames\Ses04M_impro02\20.jpg,2
C:\EPICS26\iemocap_cnn\src\visual\..\..\features\frames\Ses04M_impro02\21.jpg,0
C:\EPICS26\iemocap_cnn\src\visual\..\..\features\frames\Ses04M_impro02\0.jpg,2
C:\EPICS26\iemocap_cnn\src\visual\..\..\features\frames\Ses04M_impro02\8.jpg,3
C:\EPICS26\iemocap_cnn\src\visual\..\..\features\frames\Ses04M_impro03\2.jpg,1
C:\EPICS26\iemocap_cnn\src\visual\..\..\features\frames\Ses04M_impro03\3.jpg,1
C:\EPICS26\iemocap_cnn\src\visual\..\..\features\frames\Ses04M_impro03\4.jpg,1
C:\EPICS26\iemocap_cnn\src\visual\..\..\features\frames\Ses04M_impro03\5.jpg,1
C:\EPICS26\iemocap_cnn\src\visual\..\..\features\frames\Ses04M_impro03\6.jpg,1
C:\EPICS26\iemocap_cnn\src\visual\..\..\features\frames\Ses04M_impro03\7.jpg,1
C:\EPICS26\iemocap_cnn\src\visual\..\..\features\frames\Ses04M_impro03\8.jpg,1
C:\EPICS26\iemocap_cnn\src\visual\..\..\features\frames\Ses04M_impro03\9.jpg,1
C:\EPICS26\iemocap_cnn\src\visual\..\..\features\frames\Ses04M_impro03\10.jpg,1
C:\EPICS26\iemocap_cnn\src\visual\..\..\features\frames\Ses04M_impro03\11.jpg,1
C:\EPICS26\iemocap_cnn\src\visual\..\..\features\frames\Ses04M_impro03\12.jpg,1
C:\EPICS26\iemocap_cnn\src\visual\..\..\features\frames\Ses04M_impro03\15.jpg,1
C:\EPICS26\iemocap_cnn\src\visual\..\..\features\frames\Ses04M_impro03\16.jpg,1
C:\EPICS26\iemocap_cnn\src\visual\..\..\features\frames\Ses04M_impro03\17.jpg,1
C:\EPICS26\iemocap_cnn\src\visual\..\..\features\frames\Ses04M_impro03\19.jpg,1
C:\EPICS26\iemocap_cnn\src\visual\..\..\features\frames\Ses04M_impro03\24.jpg,1
C:\EPICS26\iemocap_cnn\src\visual\..\..\features\frames\Ses04M_impro03\25.jpg,1
C:\EPICS26\iemocap_cnn\src\visual\..\..\features\frames\Ses04M_impro03\2.jpg,1
C:\EPICS26\iemocap_cnn\src\visual\..\..\features\frames\Ses04M_impro03\5.jpg,1
C:\EPICS26\iemocap_cnn\src\visual\..\..\features\frames\Ses04M_impro03\6.jpg,1
C:\EPICS26\iemocap_cnn\src\visual\..\..\features\frames\Ses04M_impro03\7.jpg,1
C:\EPICS26\iemocap_cnn\src\visual\..\..\features\frames\Ses04M_impro03\8.jpg,1
C:\EPICS26\iemocap_cnn\src\visual\..\..\features\frames\Ses04M_impro03\9.jpg,1
C:\EPICS26\iemocap_cnn\src\visual\..\..\features\frames\Ses04M_impro03\11.jpg,1
C:\EPICS26\iemocap_cnn\src\visual\..\..\features\frames\Ses04M_impro03\15.jpg,1
C:\EPICS26\iemocap_cnn\src\visual\..\..\features\frames\Ses04M_impro03\17.jpg,1
C:\EPICS26\iemocap_cnn\src\visual\..\..\features\frames\Ses04M_impro03\19.jpg,1
C:\EPICS26\iemocap_cnn\src\visual\..\..\features\frames\Ses04M_impro03\20.jpg,1
C:\EPICS26\iemocap_cnn\src\visual\..\..\features\frames\Ses04M_impro03\21.jpg,1
C:\EPICS26\iemocap_cnn\src\visual\..\..\features\frames\Ses04M_impro03\22.jpg,1
C:\EPICS26\iemocap_cnn\src\visual\..\..\features\frames\Ses04M_impro03\23.jpg,1
C:\EPICS26\iemocap_cnn\src\visual\..\..\features\frames\Ses04M_impro03\24.jpg,1
C:\EPICS26\iemocap_cnn\src\visual\..\..\features\frames\Ses04M_impro03\25.jpg,1
C:\EPICS26\iemocap_cnn\src\visual\..\..\features\frames\Ses04M_impro03\26.jpg,1
C:\EPICS26\iemocap_cnn\src\visual\..\..\features\frames\Ses04M_impro03\28.jpg,1
C:\EPICS26\iemocap_cnn\src\visual\..\..\features\frames\Ses04M_impro03\29.jpg,1
C:\EPICS26\iemocap_cnn\src\visual\..\..\features\frames\Ses04M_impro03\30.jpg,1
C:\EPICS26\iemocap_cnn\src\visual\..\..\features\frames\Ses04M_impro03\31.jpg,3
C:\EPICS26\iemocap_cnn\src\visual\..\..\features\frames\Ses04M_impro04\0.jpg,3
C:\EPICS26\iemocap_cnn\src\visual\..\..\features\frames\Ses04M_impro04\1.jpg,3
C:\EPICS26\iemocap_cnn\src\visual\..\..\features\frames\Ses04M_impro04\2.jpg,3
C:\EPICS26\iemocap_cnn\src\visual\..\..\features\frames\Ses04M_impro04\3.jpg,3
C:\EPICS26\iemocap_cnn\src\visual\..\..\features\frames\Ses04M_impro04\4.jpg,3
C:\EPICS26\iemocap_cnn\src\visual\..\..\features\frames\Ses04M_impro04\5.jpg,3
C:\EPICS26\iemocap_cnn\src\visual\..\..\features\frames\Ses04M_impro04\6.jpg,3
C:\EPICS26\iemocap_cnn\src\visual\..\..\features\frames\Ses04M_impro04\7.jpg,3
C:\EPICS26\iemocap_cnn\src\visual\..\..\features\frames\Ses04M_impro04\8.jpg,3
C:\EPICS26\iemocap_cnn\src\visual\..\..\features\frames\Ses04M_impro04\9.jpg,3
C:\EPICS26\iemocap_cnn\src\visual\..\..\features\frames\Ses04M_impro04\11.jpg,3
C:\EPICS26\iemocap_cnn\src\visual\..\..\features\frames\Ses04M_impro04\12.jpg,3
C:\EPICS26\iemocap_cnn\src\visual\..\..\features\frames\Ses04M_impro04\13.jpg,3
C:\EPICS26\iemocap_cnn\src\visual\..\..\features\frames\Ses04M_impro04\15.jpg,3
C:\EPICS26\iemocap_cnn\src\visual\..\..\features\frames\Ses04M_impro04\16.jpg,3
C:\EPICS26\iemocap_cnn\src\visual\..\..\features\frames\Ses04M_impro04\17.jpg,3
C:\EPICS26\iemocap_cnn\src\visual\..\..\features\frames\Ses04M_impro04\4.jpg,3
C:\EPICS26\iemocap_cnn\src\visual\..\..\features\frames\Ses04M_impro04\20.jpg,3
C:\EPICS26\iemocap_cnn\src\visual\..\..\features\frames\Ses04M_impro04\21.jpg,3
C:\EPICS26\iemocap_cnn\src\visual\..\..\features\frames\Ses04M_impro04\22.jpg,3
C:\EPICS26\iemocap_cnn\src\visual\..\..\features\frames\Ses04M_impro05\0.jpg,3
C:\EPICS26\iemocap_cnn\src\visual\..\..\features\frames\Ses04M_impro05\1.jpg,3
C:\EPICS26\iemocap_cnn\src\visual\..\..\features\frames\Ses04M_impro05\2.jpg,3
C:\EPICS26\iemocap_cnn\src\visual\..\..\features\frames\Ses04M_impro05\3.jpg,3
C:\EPICS26\iemocap_cnn\src\visual\..\..\features\frames\Ses04M_impro05\6.jpg,3
C:\EPICS26\iemocap_cnn\src\visual\..\..\features\frames\Ses04M_impro05\7.jpg,3
C:\EPICS26\iemocap_cnn\src\visual\..\..\features\frames\Ses04M_impro05\8.jpg,3
C:\EPICS26\iemocap_cnn\src\visual\..\..\features\frames\Ses04M_impro05\9.jpg,3
C:\EPICS26\iemocap_cnn\src\visual\..\..\features\frames\Ses04M_impro05\10.jpg,3
C:\EPICS26\iemocap_cnn\src\visual\..\..\features\frames\Ses04M_impro05\13.jpg,3
C:\EPICS26\iemocap_cnn\src\visual\..\..\features\frames\Ses04M_impro05\17.jpg,3
C:\EPICS26\iemocap_cnn\src\visual\..\..\features\frames\Ses04M_impro05\19.jpg,3
C:\EPICS26\iemocap_cnn\src\visual\..\..\features\frames\Ses04M_impro05\20.jpg,3
C:\EPICS26\iemocap_cnn\src\visual\..\..\features\frames\Ses04M_impro05\36.jpg,3
C:\EPICS26\iemocap_cnn\src\visual\..\..\features\frames\Ses04M_impro05\37.jpg,3
C:\EPICS26\iemocap_cnn\src\visual\..\..\features\frames\Ses04M_impro05\8.jpg,0
C:\EPICS26\iemocap_cnn\src\visual\..\..\features\frames\Ses04M_impro05\9.jpg,0
C:\EPICS26\iemocap_cnn\src\visual\..\..\features\frames\Ses04M_impro05\10.jpg,0
C:\EPICS26\iemocap_cnn\src\visual\..\..\features\frames\Ses04M_impro05\11.jpg,0
C:\EPICS26\iemocap_cnn\src\visual\..\..\features\frames\Ses04M_impro05\14.jpg,0
C:\EPICS26\iemocap_cnn\src\visual\..\..\features\frames\Ses04M_impro05\15.jpg,0
C:\EPICS26\iemocap_cnn\src\visual\..\..\features\frames\Ses04M_impro05\16.jpg,0
C:\EPICS26\iemocap_cnn\src\visual\..\..\features\frames\Ses04M_impro05\17.jpg,0
C:\EPICS26\iemocap_cnn\src\visual\..\..\features\frames\Ses04M_impro05\18.jpg,0
C:\EPICS26\iemocap_cnn\src\visual\..\..\features\frames\Ses04M_impro05\22.jpg,0
C:\EPICS26\iemocap_cnn\src\visual\..\..\features\frames\Ses04M_impro05\26.jpg,0
C:\EPICS26\iemocap_cnn\src\visual\..\..\features\frames\Ses04M_impro05\38.jpg,0
C:\EPICS26\iemocap_cnn\src\visual\..\..\features\frames\Ses04M_impro05\39.jpg,0
C:\EPICS26\iemocap_cnn\src\visual\..\..\features\frames\Ses04M_impro05\44.jpg,0
C:\EPICS26\iemocap_cnn\src\visual\..\..\features\frames\Ses04M_impro05\45.jpg,0
C:\EPICS26\iemocap_cnn\src\visual\..\..\features\frames\Ses04M_impro06\0.jpg,2
C:\EPICS26\iemocap_cnn\src\visual\..\..\features\frames\Ses04M_impro06\1.jpg,2
C:\EPICS26\iemocap_cnn\src\visual\..\..\features\frames\Ses04M_impro06\2.jpg,2
C:\EPICS26\iemocap_cnn\src\visual\..\..\features\frames\Ses04M_impro06\3.jpg,2
C:\EPICS26\iemocap_cnn\src\visual\..\..\features\frames\Ses04M_impro06\4.jpg,2
C:\EPICS26\iemocap_cnn\src\visual\..\..\features\frames\Ses04M_impro06\5.jpg,2
C:\EPICS26\iemocap_cnn\src\visual\..\..\features\frames\Ses04M_impro06\6.jpg,2
C:\EPICS26\iemocap_cnn\src\visual\..\..\features\frames\Ses04M_impro06\7.jpg,2
C:\EPICS26\iemocap_cnn\src\visual\..\..\features\frames\Ses04M_impro06\8.jpg,2
C:\EPICS26\iemocap_cnn\src\visual\..\..\features\frames\Ses04M_impro06\9.jpg,2
C:\EPICS26\iemocap_cnn\src\visual\..\..\features\frames\Ses04M_impro06\10.jpg,2
C:\EPICS26\iemocap_cnn\src\visual\..\..\features\frames\Ses04M_impro06\11.jpg,2
C:\EPICS26\iemocap_cnn\src\visual\..\..\features\frames\Ses04M_impro06\12.jpg,2
C:\EPICS26\iemocap_cnn\src\visual\..\..\features\frames\Ses04M_impro06\14.jpg,2
C:\EPICS26\iemocap_cnn\src\visual\..\..\features\frames\Ses04M_impro06\15.jpg,2
C:\EPICS26\iemocap_cnn\src\visual\..\..\features\frames\Ses04M_impro06\16.jpg,2
C:\EPICS26\iemocap_cnn\src\visual\..\..\features\frames\Ses04M_impro06\17.jpg,2
C:\EPICS26\iemocap_cnn\src\visual\..\..\features\frames\Ses04M_impro06\18.jpg,2
C:\EPICS26\iemocap_cnn\src\visual\..\..\features\frames\Ses04M_impro06\19.jpg,2
C:\EPICS26\iemocap_cnn\src\visual\..\..\features\frames\Ses04M_impro06\0.jpg,2
C:\EPICS26\iemocap_cnn\src\visual\..\..\features\frames\Ses04M_impro06\1.jpg,2
C:\EPICS26\iemocap_cnn\src\visual\..\..\features\frames\Ses04M_impro06\2.jpg,2
C:\EPICS26\iemocap_cnn\src\visual\..\..\features\frames\Ses04M_impro06\3.jpg,2
C:\EPICS26\iemocap_cnn\src\visual\..\..\features\frames\Ses04M_impro06\4.jpg,2
C:\EPICS26\iemocap_cnn\src\visual\..\..\features\frames\Ses04M_impro06\5.jpg,2
C:\EPICS26\iemocap_cnn\src\visual\..\..\features\frames\Ses04M_impro06\6.jpg,2
C:\EPICS26\iemocap_cnn\src\visual\..\..\features\frames\Ses04M_impro06\7.jpg,2
C:\EPICS26\iemocap_cnn\src\visual\..\..\features\frames\Ses04M_impro06\8.jpg,2
C:\EPICS26\iemocap_cnn\src\visual\..\..\features\frames\Ses04M_impro06\9.jpg,2
C:\EPICS26\iemocap_cnn\src\visual\..\..\features\frames\Ses04M_impro06\10.jpg,2
C:\EPICS26\iemocap_cnn\src\visual\..\..\features\frames\Ses04M_impro06\11.jpg,2
C:\EPICS26\iemocap_cnn\src\visual\..\..\features\frames\Ses04M_impro06\12.jpg,2
C:\EPICS26\iemocap_cnn\src\visual\..\..\features\frames\Ses04M_impro06\13.jpg,2
C:\EPICS26\iemocap_cnn\src\visual\..\..\features\frames\Ses04M_impro06\14.jpg,2
C:\EPICS26\iemocap_cnn\src\visual\..\..\features\frames\Ses04M_impro06\15.jpg,2
C:\EPICS26\iemocap_cnn\src\visual\..\..\features\frames\Ses04M_impro06\16.jpg,2
C:\EPICS26\iemocap_cnn\src\visual\..\..\features\frames\Ses04M_impro06\17.jpg,2
C:\EPICS26\iemocap_cnn\src\visual\..\..\features\frames\Ses04M_impro06\18.jpg,2
C:\EPICS26\iemocap_cnn\src\visual\..\..\features\frames\Ses04M_impro06\19.jpg,2
C:\EPICS26\iemocap_cnn\src\visual\..\..\features\frames\Ses04M_impro06\20.jpg,2
C:\EPICS26\iemocap_cnn\src\visual\..\..\features\frames\Ses04M_impro07\2.jpg,1
C:\EPICS26\iemocap_cnn\src\visual\..\..\features\frames\Ses04M_impro07\3.jpg,1
C:\EPICS26\iemocap_cnn\src\visual\..\..\features\frames\Ses04M_impro07\4.jpg,1
C:\EPICS26\iemocap_cnn\src\visual\..\..\features\frames\Ses04M_impro07\6.jpg,1
C:\EPICS26\iemocap_cnn\src\visual\..\..\features\frames\Ses04M_impro07\7.jpg,1
C:\EPICS26\iemocap_cnn\src\visual\..\..\features\frames\Ses04M_impro07\8.jpg,1
C:\EPICS26\iemocap_cnn\src\visual\..\..\features\frames\Ses04M_impro07\9.jpg,1
C:\EPICS26\iemocap_cnn\src\visual\..\..\features\frames\Ses04M_impro07\10.jpg,1
C:\EPICS26\iemocap_cnn\src\visual\..\..\features\frames\Ses04M_impro07\11.jpg,1
C:\EPICS26\iemocap_cnn\src\visual\..\..\features\frames\Ses04M_impro07\12.jpg,1
C:\EPICS26\iemocap_cnn\src\visual\..\..\features\frames\Ses04M_impro07\13.jpg,1
C:\EPICS26\iemocap_cnn\src\visual\..\..\features\frames\Ses04M_impro07\14.jpg,1
C:\EPICS26\iemocap_cnn\src\visual\..\..\features\frames\Ses04M_impro07\15.jpg,1
C:\EPICS26\iemocap_cnn\src\visual\..\..\features\frames\Ses04M_impro07\16.jpg,1
C:\EPICS26\iemocap_cnn\src\visual\..\..\features\frames\Ses04M_impro07\17.jpg,1
C:\EPICS26\iemocap_cnn\src\visual\..\..\features\frames\Ses04M_impro07\18.jpg,1
C:\EPICS26\iemocap_cnn\src\visual\..\..\features\frames\Ses04M_impro07\22.jpg,1
C:\EPICS26\iemocap_cnn\src\visual\..\..\features\frames\Ses04M_impro07\23.jpg,3
C:\EPICS26\iemocap_cnn\src\visual\..\..\features\frames\Ses04M_impro07\26.jpg,3
C:\EPICS26\iemocap_cnn\src\visual\..\..\features\frames\Ses04M_impro07\27.jpg,1
C:\EPICS26\iemocap_cnn\src\visual\..\..\features\frames\Ses04M_impro07\36.jpg,3
C:\EPICS26\iemocap_cnn\src\visual\..\..\features\frames\Ses04M_impro07\37.jpg,3
C:\EPICS26\iemocap_cnn\src\visual\..\..\features\frames\Ses04M_impro07\0.jpg,1
C:\EPICS26\iemocap_cnn\src\visual\..\..\features\frames\Ses04M_impro07\1.jpg,1
C:\EPICS26\iemocap_cnn\src\visual\..\..\features\frames\Ses04M_impro07\2.jpg,1
C:\EPICS26\iemocap_cnn\src\visual\..\..\features\frames\Ses04M_impro07\3.jpg,1
C:\EPICS26\iemocap_cnn\src\visual\..\..\features\frames\Ses04M_impro07\4.jpg,1
C:\EPICS26\iemocap_cnn\src\visual\..\..\features\frames\Ses04M_impro07\7.jpg,1
C:\EPICS26\iemocap_cnn\src\visual\..\..\features\frames\Ses04M_impro07\8.jpg,1
C:\EPICS26\iemocap_cnn\src\visual\..\..\features\frames\Ses04M_impro07\9.jpg,1
C:\EPICS26\iemocap_cnn\src\visual\..\..\features\frames\Ses04M_impro07\10.jpg,1
C:\EPICS26\iemocap_cnn\src\visual\..\..\features\frames\Ses04M_impro07\11.jpg,1
C:\EPICS26\iemocap_cnn\src\visual\..\..\features\frames\Ses04M_impro07\12.jpg,1
C:\EPICS26\iemocap_cnn\src\visual\..\..\features\frames\Ses04M_impro07\13.jpg,1
C:\EPICS26\iemocap_cnn\src\visual\..\..\features\frames\Ses04M_impro07\14.jpg,1
C:\EPICS26\iemocap_cnn\src\visual\..\..\features\frames\Ses04M_impro07\15.jpg,1
C:\EPICS26\iemocap_cnn\src\visual\..\..\features\frames\Ses04M_impro07\20.jpg,1
C:\EPICS26\iemocap_cnn\src\visual\..\..\features\frames\Ses04M_impro07\21.jpg,1
C:\EPICS26\iemocap_cnn\src\visual\..\..\features\frames\Ses04M_impro07\25.jpg,3
C:\EPICS26\iemocap_cnn\src\visual\..\..\features\frames\Ses04M_impro07\26.jpg,3
C:\EPICS26\iemocap_cnn\src\visual\..\..\features\frames\Ses04M_impro07\29.jpg,3
C:\EPICS26\iemocap_cnn\src\visual\..\..\features\frames\Ses04M_impro07\30.jpg,3
C:\EPICS26\iemocap_cnn\src\visual\..\..\features\frames\Ses04M_impro07\32.jpg,3
C:\EPICS26\iemocap_cnn\src\visual\..\..\features\frames\Ses04M_impro07\35.jpg,3
C:\EPICS26\iemocap_cnn\src\visual\..\..\features\frames\Ses04M_impro07\36.jpg,3
C:\EPICS26\iemocap_cnn\src\visual\..\..\features\frames\Ses04M_impro07\37.jpg,3
C:\EPICS26\iemocap_cnn\src\visual\..\..\features\frames\Ses04M_impro07\40.jpg,3
C:\EPICS26\iemocap_cnn\src\visual\..\..\features\frames\Ses04M_impro07\41.jpg,3
C:\EPICS26\iemocap_cnn\src\visual\..\..\features\frames\Ses04M_impro07\42.jpg,3
C:\EPICS26\iemocap_cnn\src\visual\..\..\features\frames\Ses04M_impro07\43.jpg,3
C:\EPICS26\iemocap_cnn\src\visual\..\..\features\frames\Ses04M_impro08\20.jpg,3
C:\EPICS26\iemocap_cnn\src\visual\..\..\features\frames\Ses04M_impro08\22.jpg,1
C:\EPICS26\iemocap_cnn\src\visual\..\..\features\frames\Ses04M_impro08\23.jpg,1
C:\EPICS26\iemocap_cnn\src\visual\..\..\features\frames\Ses04M_impro08\24.jpg,1
C:\EPICS26\iemocap_cnn\src\visual\..\..\features\frames\Ses04M_impro08\27.jpg,3
C:\EPICS26\iemocap_cnn\src\visual\..\..\features\frames\Ses04M_impro08\28.jpg,3
C:\EPICS26\iemocap_cnn\src\visual\..\..\features\frames\Ses04M_impro08\30.jpg,3
C:\EPICS26\iemocap_cnn\src\visual\..\..\features\frames\Ses04M_impro08\1.jpg,3
C:\EPICS26\iemocap_cnn\src\visual\..\..\features\frames\Ses04M_impro08\4.jpg,3
C:\EPICS26\iemocap_cnn\src\visual\..\..\features\frames\Ses04M_impro08\5.jpg,3
C:\EPICS26\iemocap_cnn\src\visual\..\..\features\frames\Ses04M_impro08\6.jpg,3
C:\EPICS26\iemocap_cnn\src\visual\..\..\features\frames\Ses04M_impro08\8.jpg,3
C:\EPICS26\iemocap_cnn\src\visual\..\..\features\frames\Ses04M_impro08\10.jpg,3
C:\EPICS26\iemocap_cnn\src\visual\..\..\features\frames\Ses04M_impro08\11.jpg,3
C:\EPICS26\iemocap_cnn\src\visual\..\..\features\frames\Ses04M_impro08\12.jpg,3
C:\EPICS26\iemocap_cnn\src\visual\..\..\features\frames\Ses04M_impro08\13.jpg,3
C:\EPICS26\iemocap_cnn\src\visual\..\..\features\frames\Ses04M_impro08\17.jpg,3
C:\EPICS26\iemocap_cnn\src\visual\..\..\features\frames\Ses04M_impro08\19.jpg,3
C:\EPICS26\iemocap_cnn\src\visual\..\..\features\frames\Ses04M_impro08\20.jpg,3
C:\EPICS26\iemocap_cnn\src\visual\..\..\features\frames\Ses04M_impro08\21.jpg,3
C:\EPICS26\iemocap_cnn\src\visual\..\..\features\frames\Ses04M_impro08\22.jpg,3
C:\EPICS26\iemocap_cnn\src\visual\..\..\features\frames\Ses04M_impro08\23.jpg,3
C:\EPICS26\iemocap_cnn\src\visual\..\..\features\frames\Ses04M_impro08\24.jpg,3
C:\EPICS26\iemocap_cnn\src\visual\..\..\features\frames\Ses04M_impro08\25.jpg,3
C:\EPICS26\iemocap_cnn\src\visual\..\..\features\frames\Ses04M_impro08\26.jpg,3
C:\EPICS26\iemocap_cnn\src\visual\..\..\features\frames\Ses04M_impro08\27.jpg,3
C:\EPICS26\iemocap_cnn\src\visual\..\..\features\frames\Ses04M_impro08\28.jpg,3
C:\EPICS26\iemocap_cnn\src\visual\..\..\features\frames\Ses04M_script01_1\0.jpg,3
C:\EPICS26\iemocap_cnn\src\visual\..\..\features\frames\Ses04M_script01_1\7.jpg,2
C:\EPICS26\iemocap_cnn\src\visual\..\..\features\frames\Ses04M_script01_1\11.jpg,0
C:\EPICS26\iemocap_cnn\src\visual\..\..\features\frames\Ses04M_script01_1\12.jpg,0
C:\EPICS26\iemocap_cnn\src\visual\..\..\features\frames\Ses04M_script01_1\13.jpg,0
C:\EPICS26\iemocap_cnn\src\visual\..\..\features\frames\Ses04M_script01_1\15.jpg,3
C:\EPICS26\iemocap_cnn\src\visual\..\..\features\frames\Ses04M_script01_1\17.jpg,3
C:\EPICS26\iemocap_cnn\src\visual\..\..\features\frames\Ses04M_script01_1\18.jpg,0
C:\EPICS26\iemocap_cnn\src\visual\..\..\features\frames\Ses04M_script01_1\19.jpg,3
C:\EPICS26\iemocap_cnn\src\visual\..\..\features\frames\Ses04M_script01_1\21.jpg,0
C:\EPICS26\iemocap_cnn\src\visual\..\..\features\frames\Ses04M_script01_1\22.jpg,0
C:\EPICS26\iemocap_cnn\src\visual\..\..\features\frames\Ses04M_script01_1\27.jpg,3
C:\EPICS26\iemocap_cnn\src\visual\..\..\features\frames\Ses04M_script01_1\28.jpg,3
C:\EPICS26\iemocap_cnn\src\visual\..\..\features\frames\Ses04M_script01_1\29.jpg,0
C:\EPICS26\iemocap_cnn\src\visual\..\..\features\frames\Ses04M_script01_1\32.jpg,3
C:\EPICS26\iemocap_cnn\src\visual\..\..\features\frames\Ses04M_script01_1\33.jpg,3
C:\EPICS26\iemocap_cnn\src\visual\..\..\features\frames\Ses04M_script01_1\34.jpg,0
C:\EPICS26\iemocap_cnn\src\visual\..\..\features\frames\Ses04M_script01_1\35.jpg,0
C:\EPICS26\iemocap_cnn\src\visual\..\..\features\frames\Ses04M_script01_1\36.jpg,0
C:\EPICS26\iemocap_cnn\src\visual\..\..\features\frames\Ses04M_script01_1\37.jpg,0
C:\EPICS26\iemocap_cnn\src\visual\..\..\features\frames\Ses04M_script01_1\39.jpg,0
C:\EPICS26\iemocap_cnn\src\visual\..\..\features\frames\Ses04M_script01_1\40.jpg,0
C:\EPICS26\iemocap_cnn\src\visual\..\..\features\frames\Ses04M_script01_1\41.jpg,0
C:\EPICS26\iemocap_cnn\src\visual\..\..\features\frames\Ses04M_script01_1\0.jpg,3
C:\EPICS26\iemocap_cnn\src\visual\..\..\features\frames\Ses04M_script01_1\1.jpg,3
C:\EPICS26\iemocap_cnn\src\visual\..\..\features\frames\Ses04M_script01_1\13.jpg,0
C:\EPICS26\iemocap_cnn\src\visual\..\..\features\frames\Ses04M_script01_1\14.jpg,0
C:\EPICS26\iemocap_cnn\src\visual\..\..\features\frames\Ses04M_script01_1\18.jpg,3
C:\EPICS26\iemocap_cnn\src\visual\..\..\features\frames\Ses04M_script01_1\21.jpg,0
C:\EPICS26\iemocap_cnn\src\visual\..\..\features\frames\Ses04M_script01_1\22.jpg,0
C:\EPICS26\iemocap_cnn\src\visual\..\..\features\frames\Ses04M_script01_1\26.jpg,3
C:\EPICS26\iemocap_cnn\src\visual\..\..\features\frames\Ses04M_script01_1\31.jpg,3
C:\EPICS26\iemocap_cnn\src\visual\..\..\features\frames\Ses04M_script01_1\32.jpg,3
C:\EPICS26\iemocap_cnn\src\visual\..\..\features\frames\Ses04M_script01_1\34.jpg,2
C:\EPICS26\iemocap_cnn\src\visual\..\..\features\frames\Ses04M_script01_1\37.jpg,0
C:\EPICS26\iemocap_cnn\src\visual\..\..\features\frames\Ses04M_script01_1\38.jpg,0
C:\EPICS26\iemocap_cnn\src\visual\..\..\features\frames\Ses04M_script01_1\40.jpg,3
C:\EPICS26\iemocap_cnn\src\visual\..\..\features\frames\Ses04M_script01_1\41.jpg,3
C:\EPICS26\iemocap_cnn\src\visual\..\..\features\frames\Ses04M_script01_2\0.jpg,0
C:\EPICS26\iemocap_cnn\src\visual\..\..\features\frames\Ses04M_script01_2\1.jpg,3
C:\EPICS26\iemocap_cnn\src\visual\..\..\features\frames\Ses04M_script01_2\2.jpg,0
C:\EPICS26\iemocap_cnn\src\visual\..\..\features\frames\Ses04M_script01_2\3.jpg,0
C:\EPICS26\iemocap_cnn\src\visual\..\..\features\frames\Ses04M_script01_2\4.jpg,0
C:\EPICS26\iemocap_cnn\src\visual\..\..\features\frames\Ses04M_script01_2\5.jpg,0
C:\EPICS26\iemocap_cnn\src\visual\..\..\features\frames\Ses04M_script01_2\6.jpg,0
C:\EPICS26\iemocap_cnn\src\visual\..\..\features\frames\Ses04M_script01_2\7.jpg,3
C:\EPICS26\iemocap_cnn\src\visual\..\..\features\frames\Ses04M_script01_2\8.jpg,0
C:\EPICS26\iemocap_cnn\src\visual\..\..\features\frames\Ses04M_script01_2\9.jpg,0
C:\EPICS26\iemocap_cnn\src\visual\..\..\features\frames\Ses04M_script01_2\10.jpg,0
C:\EPICS26\iemocap_cnn\src\visual\..\..\features\frames\Ses04M_script01_2\11.jpg,0
C:\EPICS26\iemocap_cnn\src\visual\..\..\features\frames\Ses04M_script01_2\12.jpg,0
C:\EPICS26\iemocap_cnn\src\visual\..\..\features\frames\Ses04M_script01_2\13.jpg,0
C:\EPICS26\iemocap_cnn\src\visual\..\..\features\frames\Ses04M_script01_2\14.jpg,0
C:\EPICS26\iemocap_cnn\src\visual\..\..\features\frames\Ses04M_script01_2\15.jpg,0
C:\EPICS26\iemocap_cnn\src\visual\..\..\features\frames\Ses04M_script01_2\16.jpg,0
C:\EPICS26\iemocap_cnn\src\visual\..\..\features\frames\Ses04M_script01_2\18.jpg,0
C:\EPICS26\iemocap_cnn\src\visual\..\..\features\frames\Ses04M_script01_2\20.jpg,2
C:\EPICS26\iemocap_cnn\src\visual\..\..\features\frames\Ses04M_script01_2\0.jpg,3
C:\EPICS26\iemocap_cnn\src\visual\..\..\features\frames\Ses04M_script01_2\5.jpg,3
C:\EPICS26\iemocap_cnn\src\visual\..\..\features\frames\Ses04M_script01_2\6.jpg,3
C:\EPICS26\iemocap_cnn\src\visual\..\..\features\frames\Ses04M_script01_2\7.jpg,3
C:\EPICS26\iemocap_cnn\src\visual\..\..\features\frames\Ses04M_script01_2\19.jpg,0
C:\EPICS26\iemocap_cnn\src\visual\..\..\features\frames\Ses04M_script01_3\12.jpg,1
C:\EPICS26\iemocap_cnn\src\visual\..\..\features\frames\Ses04M_script01_3\13.jpg,1
C:\EPICS26\iemocap_cnn\src\visual\..\..\features\frames\Ses04M_script01_3\14.jpg,1
C:\EPICS26\iemocap_cnn\src\visual\..\..\features\frames\Ses04M_script01_3\22.jpg,2
C:\EPICS26\iemocap_cnn\src\visual\..\..\features\frames\Ses04M_script01_3\23.jpg,2
C:\EPICS26\iemocap_cnn\src\visual\..\..\features\frames\Ses04M_script01_3\27.jpg,1
C:\EPICS26\iemocap_cnn\src\visual\..\..\features\frames\Ses04M_script01_3\22.jpg,2
C:\EPICS26\iemocap_cnn\src\visual\..\..\features\frames\Ses04M_script01_3\23.jpg,2
C:\EPICS26\iemocap_cnn\src\visual\..\..\features\frames\Ses04M_script01_3\24.jpg,2
C:\EPICS26\iemocap_cnn\src\visual\..\..\features\frames\Ses04M_script01_3\25.jpg,2
C:\EPICS26\iemocap_cnn\src\visual\..\..\features\frames\Ses04M_script01_3\26.jpg,2
C:\EPICS26\iemocap_cnn\src\visual\..\..\features\frames\Ses04M_script01_3\27.jpg,2
C:\EPICS26\iemocap_cnn\src\visual\..\..\features\frames\Ses04M_script01_3\28.jpg,2
C:\EPICS26\iemocap_cnn\src\visual\..\..\features\frames\Ses04M_script01_3\30.jpg,2
C:\EPICS26\iemocap_cnn\src\visual\..\..\features\frames\Ses04M_script01_3\31.jpg,2
C:\EPICS26\iemocap_cnn\src\visual\..\..\features\frames\Ses04M_script01_3\32.jpg,2
C:\EPICS26\iemocap_cnn\src\visual\..\..\features\frames\Ses04M_script01_3\33.jpg,2
C:\EPICS26\iemocap_cnn\src\visual\..\..\features\frames\Ses04M_script01_3\34.jpg,2
C:\EPICS26\iemocap_cnn\src\visual\..\..\features\frames\Ses04M_script01_3\35.jpg,2
C:\EPICS26\iemocap_cnn\src\visual\..\..\features\frames\Ses04M_script01_3\37.jpg,1
C:\EPICS26\iemocap_cnn\src\visual\..\..\features\frames\Ses04M_script02_1\0.jpg,3
C:\EPICS26\iemocap_cnn\src\visual\..\..\features\frames\Ses04M_script02_1\2.jpg,0
C:\EPICS26\iemocap_cnn\src\visual\..\..\features\frames\Ses04M_script02_1\3.jpg,0
C:\EPICS26\iemocap_cnn\src\visual\..\..\features\frames\Ses04M_script02_1\4.jpg,0
C:\EPICS26\iemocap_cnn\src\visual\..\..\features\frames\Ses04M_script02_1\5.jpg,0
C:\EPICS26\iemocap_cnn\src\visual\..\..\features\frames\Ses04M_script02_1\7.jpg,0
C:\EPICS26\iemocap_cnn\src\visual\..\..\features\frames\Ses04M_script02_1\8.jpg,0
C:\EPICS26\iemocap_cnn\src\visual\..\..\features\frames\Ses04M_script02_1\10.jpg,0
C:\EPICS26\iemocap_cnn\src\visual\..\..\features\frames\Ses04M_script02_1\12.jpg,0
C:\EPICS26\iemocap_cnn\src\visual\..\..\features\frames\Ses04M_script02_1\13.jpg,0
C:\EPICS26\iemocap_cnn\src\visual\..\..\features\frames\Ses04M_script02_1\14.jpg,3
C:\EPICS26\iemocap_cnn\src\visual\..\..\features\frames\Ses04M_script02_1\17.jpg,0
C:\EPICS26\iemocap_cnn\src\visual\..\..\features\frames\Ses04M_script02_1\18.jpg,0
C:\EPICS26\iemocap_cnn\src\visual\..\..\features\frames\Ses04M_script02_1\1.jpg,1
C:\EPICS26\iemocap_cnn\src\visual\..\..\features\frames\Ses04M_script02_1\2.jpg,1
C:\EPICS26\iemocap_cnn\src\visual\..\..\features\frames\Ses04M_script02_1\3.jpg,1
C:\EPICS26\iemocap_cnn\src\visual\..\..\features\frames\Ses04M_script02_1\5.jpg,3
C:\EPICS26\iemocap_cnn\src\visual\..\..\features\frames\Ses04M_script02_1\8.jpg,1
C:\EPICS26\iemocap_cnn\src\visual\..\..\features\frames\Ses04M_script02_1\9.jpg,3
C:\EPICS26\iemocap_cnn\src\visual\..\..\features\frames\Ses04M_script02_1\12.jpg,3
C:\EPICS26\iemocap_cnn\src\visual\..\..\features\frames\Ses04M_script02_1\14.jpg,3
C:\EPICS26\iemocap_cnn\src\visual\..\..\features\frames\Ses04M_script02_1\15.jpg,3
C:\EPICS26\iemocap_cnn\src\visual\..\..\features\frames\Ses04M_script02_1\18.jpg,1
C:\EPICS26\iemocap_cnn\src\visual\..\..\features\frames\Ses04M_script02_1\20.jpg,1
C:\EPICS26\iemocap_cnn\src\visual\..\..\features\frames\Ses04M_script02_1\21.jpg,1
C:\EPICS26\iemocap_cnn\src\visual\..\..\features\frames\Ses04M_script02_1\22.jpg,1
C:\EPICS26\iemocap_cnn\src\visual\..\..\features\frames\Ses04M_script02_1\23.jpg,1
C:\EPICS26\iemocap_cnn\src\visual\..\..\features\frames\Ses04M_script02_1\28.jpg,1
C:\EPICS26\iemocap_cnn\src\visual\..\..\features\frames\Ses04M_script02_1\29.jpg,1
C:\EPICS26\iemocap_cnn\src\visual\..\..\features\frames\Ses04M_script02_1\30.jpg,1
C:\EPICS26\iemocap_cnn\src\visual\..\..\features\frames\Ses04M_script02_1\31.jpg,1
C:\EPICS26\iemocap_cnn\src\visual\..\..\features\frames\Ses04M_script02_1\32.jpg,1
C:\EPICS26\iemocap_cnn\src\visual\..\..\features\frames\Ses04M_script02_1\33.jpg,1
C:\EPICS26\iemocap_cnn\src\visual\..\..\features\frames\Ses04M_script02_2\0.jpg,3
C:\EPICS26\iemocap_cnn\src\visual\..\..\features\frames\Ses04M_script02_2\6.jpg,0
C:\EPICS26\iemocap_cnn\src\visual\..\..\features\frames\Ses04M_script02_2\7.jpg,0
C:\EPICS26\iemocap_cnn\src\visual\..\..\features\frames\Ses04M_script02_2\9.jpg,0
C:\EPICS26\iemocap_cnn\src\visual\..\..\features\frames\Ses04M_script02_2\13.jpg,0
C:\EPICS26\iemocap_cnn\src\visual\..\..\features\frames\Ses04M_script02_2\16.jpg,2
C:\EPICS26\iemocap_cnn\src\visual\..\..\features\frames\Ses04M_script02_2\18.jpg,2
C:\EPICS26\iemocap_cnn\src\visual\..\..\features\frames\Ses04M_script02_2\19.jpg,2
C:\EPICS26\iemocap_cnn\src\visual\..\..\features\frames\Ses04M_script02_2\20.jpg,2
C:\EPICS26\iemocap_cnn\src\visual\..\..\features\frames\Ses04M_script02_2\21.jpg,2
C:\EPICS26\iemocap_cnn\src\visual\..\..\features\frames\Ses04M_script02_2\25.jpg,0
C:\EPICS26\iemocap_cnn\src\visual\..\..\features\frames\Ses04M_script02_2\26.jpg,0
C:\EPICS26\iemocap_cnn\src\visual\..\..\features\frames\Ses04M_script02_2\27.jpg,0
C:\EPICS26\iemocap_cnn\src\visual\..\..\features\frames\Ses04M_script02_2\28.jpg,0
C:\EPICS26\iemocap_cnn\src\visual\..\..\features\frames\Ses04M_script02_2\29.jpg,0
C:\EPICS26\iemocap_cnn\src\visual\..\..\features\frames\Ses04M_script02_2\32.jpg,2
C:\EPICS26\iemocap_cnn\src\visual\..\..\features\frames\Ses04M_script02_2\35.jpg,1
C:\EPICS26\iemocap_cnn\src\visual\..\..\features\frames\Ses04M_script02_2\36.jpg,1
C:\EPICS26\iemocap_cnn\src\visual\..\..\features\frames\Ses04M_script02_2\0.jpg,3
C:\EPICS26\iemocap_cnn\src\visual\..\..\features\frames\Ses04M_script02_2\1.jpg,3
C:\EPICS26\iemocap_cnn\src\visual\..\..\features\frames\Ses04M_script02_2\6.jpg,0
C:\EPICS26\iemocap_cnn\src\visual\..\..\features\frames\Ses04M_script02_2\7.jpg,0
C:\EPICS26\iemocap_cnn\src\visual\..\..\features\frames\Ses04M_script02_2\20.jpg,3
C:\EPICS26\iemocap_cnn\src\visual\..\..\features\frames\Ses04M_script02_2\21.jpg,3
C:\EPICS26\iemocap_cnn\src\visual\..\..\features\frames\Ses04M_script02_2\29.jpg,0
C:\EPICS26\iemocap_cnn\src\visual\..\..\features\frames\Ses04M_script02_2\31.jpg,0
C:\EPICS26\iemocap_cnn\src\visual\..\..\features\frames\Ses04M_script02_2\34.jpg,0
C:\EPICS26\iemocap_cnn\src\visual\..\..\features\frames\Ses04M_script02_2\37.jpg,2
C:\EPICS26\iemocap_cnn\src\visual\..\..\features\frames\Ses04M_script02_2\39.jpg,1
C:\EPICS26\iemocap_cnn\src\visual\..\..\features\frames\Ses04M_script02_2\40.jpg,1
C:\EPICS26\iemocap_cnn\src\visual\..\..\features\frames\Ses04M_script02_2\41.jpg,1
C:\EPICS26\iemocap_cnn\src\visual\..\..\features\frames\Ses04M_script03_1\5.jpg,1
C:\EPICS26\iemocap_cnn\src\visual\..\..\features\frames\Ses04M_script03_1\6.jpg,1
C:\EPICS26\iemocap_cnn\src\visual\..\..\features\frames\Ses04M_script03_1\7.jpg,1
C:\EPICS26\iemocap_cnn\src\visual\..\..\features\frames\Ses04M_script03_1\8.jpg,1
C:\EPICS26\iemocap_cnn\src\visual\..\..\features\frames\Ses04M_script03_1\9.jpg,1
C:\EPICS26\iemocap_cnn\src\visual\..\..\features\frames\Ses04M_script03_1\12.jpg,1
C:\EPICS26\iemocap_cnn\src\visual\..\..\features\frames\Ses04M_script03_1\13.jpg,3
C:\EPICS26\iemocap_cnn\src\visual\..\..\features\frames\Ses04M_script03_1\14.jpg,1
C:\EPICS26\iemocap_cnn\src\visual\..\..\features\frames\Ses04M_script03_1\15.jpg,1
C:\EPICS26\iemocap_cnn\src\visual\..\..\features\frames\Ses04M_script03_1\17.jpg,1
C:\EPICS26\iemocap_cnn\src\visual\..\..\features\frames\Ses04M_script03_1\18.jpg,1
C:\EPICS26\iemocap_cnn\src\visual\..\..\features\frames\Ses04M_script03_1\21.jpg,1
C:\EPICS26\iemocap_cnn\src\visual\..\..\features\frames\Ses04M_script03_1\22.jpg,1
C:\EPICS26\iemocap_cnn\src\visual\..\..\features\frames\Ses04M_script03_1\23.jpg,1
C:\EPICS26\iemocap_cnn\src\visual\..\..\features\frames\Ses04M_script03_1\24.jpg,1
C:\EPICS26\iemocap_cnn\src\visual\..\..\features\frames\Ses04M_script03_1\25.jpg,1
C:\EPICS26\iemocap_cnn\src\visual\..\..\features\frames\Ses04M_script03_1\26.jpg,1
C:\EPICS26\iemocap_cnn\src\visual\..\..\features\frames\Ses04M_script03_1\27.jpg,1
C:\EPICS26\iemocap_cnn\src\visual\..\..\features\frames\Ses04M_script03_1\28.jpg,1
C:\EPICS26\iemocap_cnn\src\visual\..\..\features\frames\Ses04M_script03_1\29.jpg,1
C:\EPICS26\iemocap_cnn\src\visual\..\..\features\frames\Ses04M_script03_1\30.jpg,1
C:\EPICS26\iemocap_cnn\src\visual\..\..\features\frames\Ses04M_script03_1\3.jpg,3
C:\EPICS26\iemocap_cnn\src\visual\..\..\features\frames\Ses04M_script03_1\4.jpg,1
C:\EPICS26\iemocap_cnn\src\visual\..\..\features\frames\Ses04M_script03_1\6.jpg,1
C:\EPICS26\iemocap_cnn\src\visual\..\..\features\frames\Ses04M_script03_1\7.jpg,1
C:\EPICS26\iemocap_cnn\src\visual\..\..\features\frames\Ses04M_script03_1\10.jpg,3
C:\EPICS26\iemocap_cnn\src\visual\..\..\features\frames\Ses04M_script03_1\12.jpg,3
C:\EPICS26\iemocap_cnn\src\visual\..\..\features\frames\Ses04M_script03_1\13.jpg,0
C:\EPICS26\iemocap_cnn\src\visual\..\..\features\frames\Ses04M_script03_1\16.jpg,2
C:\EPICS26\iemocap_cnn\src\visual\..\..\features\frames\Ses04M_script03_1\21.jpg,1
C:\EPICS26\iemocap_cnn\src\visual\..\..\features\frames\Ses04M_script03_1\25.jpg,0
C:\EPICS26\iemocap_cnn\src\visual\..\..\features\frames\Ses04M_script03_1\28.jpg,3
C:\EPICS26\iemocap_cnn\src\visual\..\..\features\frames\Ses04M_script03_1\29.jpg,1
C:\EPICS26\iemocap_cnn\src\visual\..\..\features\frames\Ses04M_script03_1\33.jpg,3
C:\EPICS26\iemocap_cnn\src\visual\..\..\features\frames\Ses04M_script03_2\0.jpg,0
C:\EPICS26\iemocap_cnn\src\visual\..\..\features\frames\Ses04M_script03_2\1.jpg,1
C:\EPICS26\iemocap_cnn\src\visual\..\..\features\frames\Ses04M_script03_2\2.jpg,1
C:\EPICS26\iemocap_cnn\src\visual\..\..\features\frames\Ses04M_script03_2\3.jpg,1
C:\EPICS26\iemocap_cnn\src\visual\..\..\features\frames\Ses04M_script03_2\6.jpg,1
C:\EPICS26\iemocap_cnn\src\visual\..\..\features\frames\Ses04M_script03_2\8.jpg,1
C:\EPICS26\iemocap_cnn\src\visual\..\..\features\frames\Ses04M_script03_2\9.jpg,3
C:\EPICS26\iemocap_cnn\src\visual\..\..\features\frames\Ses04M_script03_2\10.jpg,0
C:\EPICS26\iemocap_cnn\src\visual\..\..\features\frames\Ses04M_script03_2\14.jpg,0
C:\EPICS26\iemocap_cnn\src\visual\..\..\features\frames\Ses04M_script03_2\17.jpg,0
C:\EPICS26\iemocap_cnn\src\visual\..\..\features\frames\Ses04M_script03_2\19.jpg,0
C:\EPICS26\iemocap_cnn\src\visual\..\..\features\frames\Ses04M_script03_2\22.jpg,0
C:\EPICS26\iemocap_cnn\src\visual\..\..\features\frames\Ses04M_script03_2\23.jpg,0
C:\EPICS26\iemocap_cnn\src\visual\..\..\features\frames\Ses04M_script03_2\24.jpg,3
C:\EPICS26\iemocap_cnn\src\visual\..\..\features\frames\Ses04M_script03_2\26.jpg,0
C:\EPICS26\iemocap_cnn\src\visual\..\..\features\frames\Ses04M_script03_2\28.jpg,0
C:\EPICS26\iemocap_cnn\src\visual\..\..\features\frames\Ses04M_script03_2\29.jpg,0
C:\EPICS26\iemocap_cnn\src\visual\..\..\features\frames\Ses04M_script03_2\30.jpg,0
C:\EPICS26\iemocap_cnn\src\visual\..\..\features\frames\Ses04M_script03_2\31.jpg,0
C:\EPICS26\iemocap_cnn\src\visual\..\..\features\frames\Ses04M_script03_2\32.jpg,0
C:\EPICS26\iemocap_cnn\src\visual\..\..\features\frames\Ses04M_script03_2\33.jpg,0
C:\EPICS26\iemocap_cnn\src\visual\..\..\features\frames\Ses04M_script03_2\34.jpg,0
C:\EPICS26\iemocap_cnn\src\visual\..\..\features\frames\Ses04M_script03_2\35.jpg,0
C:\EPICS26\iemocap_cnn\src\visual\..\..\features\frames\Ses04M_script03_2\36.jpg,0
C:\EPICS26\iemocap_cnn\src\visual\..\..\features\frames\Ses04M_script03_2\37.jpg,0
C:\EPICS26\iemocap_cnn\src\visual\..\..\features\frames\Ses04M_script03_2\39.jpg,0
C:\EPICS26\iemocap_cnn\src\visual\..\..\features\frames\Ses04M_script03_2\40.jpg,0
C:\EPICS26\iemocap_cnn\src\visual\..\..\features\frames\Ses04M_script03_2\41.jpg,0
C:\EPICS26\iemocap_cnn\src\visual\..\..\features\frames\Ses04M_script03_2\42.jpg,0
C:\EPICS26\iemocap_cnn\src\visual\..\..\features\frames\Ses04M_script03_2\43.jpg,3
C:\EPICS26\iemocap_cnn\src\visual\..\..\features\frames\Ses04M_script03_2\44.jpg,0
C:\EPICS26\iemocap_cnn\src\visual\..\..\features\frames\Ses04M_script03_2\45.jpg,0
C:\EPICS26\iemocap_cnn\src\visual\..\..\features\frames\Ses04M_script03_2\46.jpg,0
C:\EPICS26\iemocap_cnn\src\visual\..\..\features\frames\Ses04M_script03_2\47.jpg,0
C:\EPICS26\iemocap_cnn\src\visual\..\..\features\frames\Ses04M_script03_2\48.jpg,0
C:\EPICS26\iemocap_cnn\src\visual\..\..\features\frames\Ses04M_script03_2\49.jpg,0
C:\EPICS26\iemocap_cnn\src\visual\..\..\features\frames\Ses04M_script03_2\50.jpg,0
C:\EPICS26\iemocap_cnn\src\visual\..\..\features\frames\Ses04M_script03_2\51.jpg,0
C:\EPICS26\iemocap_cnn\src\visual\..\..\features\frames\Ses04M_script03_2\52.jpg,0
C:\EPICS26\iemocap_cnn\src\visual\..\..\features\frames\Ses04M_script03_2\1.jpg,3
C:\EPICS26\iemocap_cnn\src\visual\..\..\features\frames\Ses04M_script03_2\8.jpg,0
C:\EPICS26\iemocap_cnn\src\visual\..\..\features\frames\Ses04M_script03_2\9.jpg,3
C:\EPICS26\iemocap_cnn\src\visual\..\..\features\frames\Ses04M_script03_2\10.jpg,0
C:\EPICS26\iemocap_cnn\src\visual\..\..\features\frames\Ses04M_script03_2\11.jpg,0
C:\EPICS26\iemocap_cnn\src\visual\..\..\features\frames\Ses04M_script03_2\12.jpg,0
C:\EPICS26\iemocap_cnn\src\visual\..\..\features\frames\Ses04M_script03_2\13.jpg,0
C:\EPICS26\iemocap_cnn\src\visual\..\..\features\frames\Ses04M_script03_2\14.jpg,0
C:\EPICS26\iemocap_cnn\src\visual\..\..\features\frames\Ses04M_script03_2\20.jpg,0
C:\EPICS26\iemocap_cnn\src\visual\..\..\features\frames\Ses04M_script03_2\21.jpg,0
C:\EPICS26\iemocap_cnn\src\visual\..\..\features\frames\Ses04M_script03_2\22.jpg,0
C:\EPICS26\iemocap_cnn\src\visual\..\..\features\frames\Ses04M_script03_2\24.jpg,0
C:\EPICS26\iemocap_cnn\src\visual\..\..\features\frames\Ses04M_script03_2\25.jpg,0
C:\EPICS26\iemocap_cnn\src\visual\..\..\features\frames\Ses04M_script03_2\26.jpg,3
C:\EPICS26\iemocap_cnn\src\visual\..\..\features\frames\Ses04M_script03_2\27.jpg,0
C:\EPICS26\iemocap_cnn\src\visual\..\..\features\frames\Ses04M_script03_2\28.jpg,3
C:\EPICS26\iemocap_cnn\src\visual\..\..\features\frames\Ses04M_script03_2\29.jpg,0
C:\EPICS26\iemocap_cnn\src\visual\..\..\features\frames\Ses04M_script03_2\30.jpg,0
C:\EPICS26\iemocap_cnn\src\visual\..\..\features\frames\Ses04M_script03_2\31.jpg,0
C:\EPICS26\iemocap_cnn\src\visual\..\..\features\frames\Ses04M_script03_2\33.jpg,0
C:\EPICS26\iemocap_cnn\src\visual\..\..\features\frames\Ses04M_script03_2\34.jpg,0
C:\EPICS26\iemocap_cnn\src\visual\..\..\features\frames\Ses04M_script03_2\35.jpg,0
C:\EPICS26\iemocap_cnn\src\visual\..\..\features\frames\Ses04M_script03_2\36.jpg,0
C:\EPICS26\iemocap_cnn\src\visual\..\..\features\frames\Ses04M_script03_2\38.jpg,0
C:\EPICS26\iemocap_cnn\src\visual\..\..\features\frames\Ses04M_script03_2\40.jpg,0
C:\EPICS26\iemocap_cnn\src\visual\..\..\features\frames\Ses04M_script03_2\41.jpg,0
C:\EPICS26\iemocap_cnn\src\visual\..\..\features\frames\Ses04M_script03_2\43.jpg,0
C:\EPICS26\iemocap_cnn\src\visual\..\..\features\frames\Ses04M_script03_2\46.jpg,0
C:\EPICS26\iemocap_cnn\src\visual\..\..\features\frames\Ses04M_script03_2\47.jpg,0
C:\EPICS26\iemocap_cnn\src\visual\..\..\features\frames\Ses04M_script03_2\48.jpg,0
C:\EPICS26\iemocap_cnn\src\visual\..\..\features\frames\Ses04M_script03_2\49.jpg,0
C:\EPICS26\iemocap_cnn\src\visual\..\..\features\frames\Ses04M_script03_2\50.jpg,0
C:\EPICS26\iemocap_cnn\src\visual\..\..\features\frames\Ses04M_script03_2\51.jpg,0
C:\EPICS26\iemocap_cnn\src\visual\..\..\features\frames\Ses04M_script03_2\52.jpg,0
C:\EPICS26\iemocap_cnn\src\visual\..\..\features\frames\Ses04M_script03_2\53.jpg,0
C:\EPICS26\iemocap_cnn\src\visual\..\..\features\frames\Ses04M_script03_2\54.jpg,0
C:\EPICS26\iemocap_cnn\src\visual\..\..\features\frames\Ses04M_script03_2\55.jpg,0
C:\EPICS26\iemocap_cnn\src\visual\..\..\features\frames\Ses04M_script03_2\56.jpg,0
C:\EPICS26\iemocap_cnn\src\visual\..\..\features\frames\Ses05F_impro01\0.jpg,3
C:\EPICS26\iemocap_cnn\src\visual\..\..\features\frames\Ses05F_impro01\8.jpg,3
C:\EPICS26\iemocap_cnn\src\visual\..\..\features\frames\Ses05F_impro01\17.jpg,0
C:\EPICS26\iemocap_cnn\src\visual\..\..\features\frames\Ses05F_impro01\18.jpg,0
C:\EPICS26\iemocap_cnn\src\visual\..\..\features\frames\Ses05F_impro01\20.jpg,0
C:\EPICS26\iemocap_cnn\src\visual\..\..\features\frames\Ses05F_impro01\0.jpg,3
C:\EPICS26\iemocap_cnn\src\visual\..\..\features\frames\Ses05F_impro01\3.jpg,3
C:\EPICS26\iemocap_cnn\src\visual\..\..\features\frames\Ses05F_impro02\1.jpg,2
C:\EPICS26\iemocap_cnn\src\visual\..\..\features\frames\Ses05F_impro02\2.jpg,2
C:\EPICS26\iemocap_cnn\src\visual\..\..\features\frames\Ses05F_impro02\4.jpg,2
C:\EPICS26\iemocap_cnn\src\visual\..\..\features\frames\Ses05F_impro02\5.jpg,2
C:\EPICS26\iemocap_cnn\src\visual\..\..\features\frames\Ses05F_impro02\8.jpg,2
C:\EPICS26\iemocap_cnn\src\visual\..\..\features\frames\Ses05F_impro02\9.jpg,2
C:\EPICS26\iemocap_cnn\src\visual\..\..\features\frames\Ses05F_impro02\10.jpg,2
C:\EPICS26\iemocap_cnn\src\visual\..\..\features\frames\Ses05F_impro02\11.jpg,2
C:\EPICS26\iemocap_cnn\src\visual\..\..\features\frames\Ses05F_impro02\12.jpg,2
C:\EPICS26\iemocap_cnn\src\visual\..\..\features\frames\Ses05F_impro02\21.jpg,2
C:\EPICS26\iemocap_cnn\src\visual\..\..\features\frames\Ses05F_impro02\23.jpg,2
C:\EPICS26\iemocap_cnn\src\visual\..\..\features\frames\Ses05F_impro02\24.jpg,2
C:\EPICS26\iemocap_cnn\src\visual\..\..\features\frames\Ses05F_impro02\27.jpg,2
C:\EPICS26\iemocap_cnn\src\visual\..\..\features\frames\Ses05F_impro02\28.jpg,2
C:\EPICS26\iemocap_cnn\src\visual\..\..\features\frames\Ses05F_impro02\29.jpg,2
C:\EPICS26\iemocap_cnn\src\visual\..\..\features\frames\Ses05F_impro02\31.jpg,2
C:\EPICS26\iemocap_cnn\src\visual\..\..\features\frames\Ses05F_impro02\32.jpg,2
C:\EPICS26\iemocap_cnn\src\visual\..\..\features\frames\Ses05F_impro02\34.jpg,2
C:\EPICS26\iemocap_cnn\src\visual\..\..\features\frames\Ses05F_impro02\35.jpg,2
C:\EPICS26\iemocap_cnn\src\visual\..\..\features\frames\Ses05F_impro02\36.jpg,2
C:\EPICS26\iemocap_cnn\src\visual\..\..\features\frames\Ses05F_impro02\37.jpg,2
C:\EPICS26\iemocap_cnn\src\visual\..\..\features\frames\Ses05F_impro02\38.jpg,2
C:\EPICS26\iemocap_cnn\src\visual\..\..\features\frames\Ses05F_impro02\0.jpg,3
C:\EPICS26\iemocap_cnn\src\visual\..\..\features\frames\Ses05F_impro02\4.jpg,0
C:\EPICS26\iemocap_cnn\src\visual\..\..\features\frames\Ses05F_impro02\5.jpg,0
C:\EPICS26\iemocap_cnn\src\visual\..\..\features\frames\Ses05F_impro02\10.jpg,0
C:\EPICS26\iemocap_cnn\src\visual\..\..\features\frames\Ses05F_impro02\14.jpg,0
C:\EPICS26\iemocap_cnn\src\visual\..\..\features\frames\Ses05F_impro02\15.jpg,0
C:\EPICS26\iemocap_cnn\src\visual\..\..\features\frames\Ses05F_impro02\24.jpg,2
C:\EPICS26\iemocap_cnn\src\visual\..\..\features\frames\Ses05F_impro02\25.jpg,2
C:\EPICS26\iemocap_cnn\src\visual\..\..\features\frames\Ses05F_impro02\26.jpg,2
C:\EPICS26\iemocap_cnn\src\visual\..\..\features\frames\Ses05F_impro02\29.jpg,2
C:\EPICS26\iemocap_cnn\src\visual\..\..\features\frames\Ses05F_impro02\31.jpg,2
C:\EPICS26\iemocap_cnn\src\visual\..\..\features\frames\Ses05F_impro02\32.jpg,2
C:\EPICS26\iemocap_cnn\src\visual\..\..\features\frames\Ses05F_impro02\33.jpg,2
C:\EPICS26\iemocap_cnn\src\visual\..\..\features\frames\Ses05F_impro02\34.jpg,2
C:\EPICS26\iemocap_cnn\src\visual\..\..\features\frames\Ses05F_impro02\35.jpg,2
C:\EPICS26\iemocap_cnn\src\visual\..\..\features\frames\Ses05F_impro02\36.jpg,2
C:\EPICS26\iemocap_cnn\src\visual\..\..\features\frames\Ses05F_impro02\41.jpg,2
C:\EPICS26\iemocap_cnn\src\visual\..\..\features\frames\Ses05F_impro03\0.jpg,1
C:\EPICS26\iemocap_cnn\src\visual\..\..\features\frames\Ses05F_impro03\1.jpg,1
C:\EPICS26\iemocap_cnn\src\visual\..\..\features\frames\Ses05F_impro03\2.jpg,1
C:\EPICS26\iemocap_cnn\src\visual\..\..\features\frames\Ses05F_impro03\3.jpg,1
C:\EPICS26\iemocap_cnn\src\visual\..\..\features\frames\Ses05F_impro03\4.jpg,1
C:\EPICS26\iemocap_cnn\src\visual\..\..\features\frames\Ses05F_impro03\5.jpg,1
C:\EPICS26\iemocap_cnn\src\visual\..\..\features\frames\Ses05F_impro03\7.jpg,1
C:\EPICS26\iemocap_cnn\src\visual\..\..\features\frames\Ses05F_impro03\8.jpg,1
C:\EPICS26\iemocap_cnn\src\visual\..\..\features\frames\Ses05F_impro03\9.jpg,1
C:\EPICS26\iemocap_cnn\src\visual\..\..\features\frames\Ses05F_impro03\11.jpg,1
C:\EPICS26\iemocap_cnn\src\visual\..\..\features\frames\Ses05F_impro03\20.jpg,1
C:\EPICS26\iemocap_cnn\src\visual\..\..\features\frames\Ses05F_impro03\27.jpg,1
C:\EPICS26\iemocap_cnn\src\visual\..\..\features\frames\Ses05F_impro03\28.jpg,1
C:\EPICS26\iemocap_cnn\src\visual\..\..\features\frames\Ses05F_impro03\29.jpg,1
C:\EPICS26\iemocap_cnn\src\visual\..\..\features\frames\Ses05F_impro03\30.jpg,1
C:\EPICS26\iemocap_cnn\src\visual\..\..\features\frames\Ses05F_impro03\31.jpg,1
C:\EPICS26\iemocap_cnn\src\visual\..\..\features\frames\Ses05F_impro03\32.jpg,1
C:\EPICS26\iemocap_cnn\src\visual\..\..\features\frames\Ses05F_impro03\33.jpg,1
C:\EPICS26\iemocap_cnn\src\visual\..\..\features\frames\Ses05F_impro03\34.jpg,1
C:\EPICS26\iemocap_cnn\src\visual\..\..\features\frames\Ses05F_impro03\35.jpg,1
C:\EPICS26\iemocap_cnn\src\visual\..\..\features\frames\Ses05F_impro03\36.jpg,1
C:\EPICS26\iemocap_cnn\src\visual\..\..\features\frames\Ses05F_impro03\37.jpg,1
C:\EPICS26\iemocap_cnn\src\visual\..\..\features\frames\Ses05F_impro03\39.jpg,1
C:\EPICS26\iemocap_cnn\src\visual\..\..\features\frames\Ses05F_impro03\40.jpg,1
C:\EPICS26\iemocap_cnn\src\visual\..\..\features\frames\Ses05F_impro03\41.jpg,1
C:\EPICS26\iemocap_cnn\src\visual\..\..\features\frames\Ses05F_impro03\42.jpg,1
C:\EPICS26\iemocap_cnn\src\visual\..\..\features\frames\Ses05F_impro03\43.jpg,1
C:\EPICS26\iemocap_cnn\src\visual\..\..\features\frames\Ses05F_impro03\46.jpg,1
C:\EPICS26\iemocap_cnn\src\visual\..\..\features\frames\Ses05F_impro03\47.jpg,1
C:\EPICS26\iemocap_cnn\src\visual\..\..\features\frames\Ses05F_impro03\48.jpg,1
C:\EPICS26\iemocap_cnn\src\visual\..\..\features\frames\Ses05F_impro03\49.jpg,1
C:\EPICS26\iemocap_cnn\src\visual\..\..\features\frames\Ses05F_impro03\51.jpg,1
C:\EPICS26\iemocap_cnn\src\visual\..\..\features\frames\Ses05F_impro03\53.jpg,1
C:\EPICS26\iemocap_cnn\src\visual\..\..\features\frames\Ses05F_impro03\54.jpg,1
C:\EPICS26\iemocap_cnn\src\visual\..\..\features\frames\Ses05F_impro03\55.jpg,1
C:\EPICS26\iemocap_cnn\src\visual\..\..\features\frames\Ses05F_impro03\56.jpg,1
C:\EPICS26\iemocap_cnn\src\visual\..\..\features\frames\Ses05F_impro03\57.jpg,1
C:\EPICS26\iemocap_cnn\src\visual\..\..\features\frames\Ses05F_impro03\58.jpg,1
C:\EPICS26\iemocap_cnn\src\visual\..\..\features\frames\Ses05F_impro03\59.jpg,1
C:\EPICS26\iemocap_cnn\src\visual\..\..\features\frames\Ses05F_impro03\60.jpg,1
C:\EPICS26\iemocap_cnn\src\visual\..\..\features\frames\Ses05F_impro03\0.jpg,1
C:\EPICS26\iemocap_cnn\src\visual\..\..\features\frames\Ses05F_impro03\1.jpg,1
C:\EPICS26\iemocap_cnn\src\visual\..\..\features\frames\Ses05F_impro03\3.jpg,1
C:\EPICS26\iemocap_cnn\src\visual\..\..\features\frames\Ses05F_impro03\5.jpg,1
C:\EPICS26\iemocap_cnn\src\visual\..\..\features\frames\Ses05F_impro03\6.jpg,1
C:\EPICS26\iemocap_cnn\src\visual\..\..\features\frames\Ses05F_impro03\7.jpg,1
C:\EPICS26\iemocap_cnn\src\visual\..\..\features\frames\Ses05F_impro03\8.jpg,1
C:\EPICS26\iemocap_cnn\src\visual\..\..\features\frames\Ses05F_impro03\9.jpg,1
C:\EPICS26\iemocap_cnn\src\visual\..\..\features\frames\Ses05F_impro03\10.jpg,1
C:\EPICS26\iemocap_cnn\src\visual\..\..\features\frames\Ses05F_impro03\11.jpg,1
C:\EPICS26\iemocap_cnn\src\visual\..\..\features\frames\Ses05F_impro03\12.jpg,1
C:\EPICS26\iemocap_cnn\src\visual\..\..\features\frames\Ses05F_impro03\13.jpg,1
C:\EPICS26\iemocap_cnn\src\visual\..\..\features\frames\Ses05F_impro03\20.jpg,1
C:\EPICS26\iemocap_cnn\src\visual\..\..\features\frames\Ses05F_impro03\27.jpg,1
C:\EPICS26\iemocap_cnn\src\visual\..\..\features\frames\Ses05F_impro03\30.jpg,1
C:\EPICS26\iemocap_cnn\src\visual\..\..\features\frames\Ses05F_impro03\31.jpg,1
C:\EPICS26\iemocap_cnn\src\visual\..\..\features\frames\Ses05F_impro03\32.jpg,1
C:\EPICS26\iemocap_cnn\src\visual\..\..\features\frames\Ses05F_impro03\33.jpg,1
C:\EPICS26\iemocap_cnn\src\visual\..\..\features\frames\Ses05F_impro03\35.jpg,1
C:\EPICS26\iemocap_cnn\src\visual\..\..\features\frames\Ses05F_impro03\36.jpg,1
C:\EPICS26\iemocap_cnn\src\visual\..\..\features\frames\Ses05F_impro03\37.jpg,1
C:\EPICS26\iemocap_cnn\src\visual\..\..\features\frames\Ses05F_impro03\38.jpg,1
C:\EPICS26\iemocap_cnn\src\visual\..\..\features\frames\Ses05F_impro03\39.jpg,1
C:\EPICS26\iemocap_cnn\src\visual\..\..\features\frames\Ses05F_impro03\40.jpg,1
C:\EPICS26\iemocap_cnn\src\visual\..\..\features\frames\Ses05F_impro03\41.jpg,1
C:\EPICS26\iemocap_cnn\src\visual\..\..\features\frames\Ses05F_impro03\43.jpg,1
C:\EPICS26\iemocap_cnn\src\visual\..\..\features\frames\Ses05F_impro03\44.jpg,1
C:\EPICS26\iemocap_cnn\src\visual\..\..\features\frames\Ses05F_impro03\45.jpg,1
C:\EPICS26\iemocap_cnn\src\visual\..\..\features\frames\Ses05F_impro03\46.jpg,1
C:\EPICS26\iemocap_cnn\src\visual\..\..\features\frames\Ses05F_impro03\49.jpg,1
C:\EPICS26\iemocap_cnn\src\visual\..\..\features\frames\Ses05F_impro03\50.jpg,1
C:\EPICS26\iemocap_cnn\src\visual\..\..\features\frames\Ses05F_impro03\51.jpg,1
C:\EPICS26\iemocap_cnn\src\visual\..\..\features\frames\Ses05F_impro03\57.jpg,1
C:\EPICS26\iemocap_cnn\src\visual\..\..\features\frames\Ses05F_impro03\58.jpg,1
C:\EPICS26\iemocap_cnn\src\visual\..\..\features\frames\Ses05F_impro03\60.jpg,1
C:\EPICS26\iemocap_cnn\src\visual\..\..\features\frames\Ses05F_impro03\61.jpg,1
C:\EPICS26\iemocap_cnn\src\visual\..\..\features\frames\Ses05F_impro03\62.jpg,1
C:\EPICS26\iemocap_cnn\src\visual\..\..\features\frames\Ses05F_impro03\63.jpg,1
C:\EPICS26\iemocap_cnn\src\visual\..\..\features\frames\Ses05F_impro03\64.jpg,1
C:\EPICS26\iemocap_cnn\src\visual\..\..\features\frames\Ses05F_impro03\65.jpg,1
C:\EPICS26\iemocap_cnn\src\visual\..\..\features\frames\Ses05F_impro03\66.jpg,1
C:\EPICS26\iemocap_cnn\src\visual\..\..\features\frames\Ses05F_impro03\67.jpg,1
C:\EPICS26\iemocap_cnn\src\visual\..\..\features\frames\Ses05F_impro03\68.jpg,1
C:\EPICS26\iemocap_cnn\src\visual\..\..\features\frames\Ses05F_impro04\0.jpg,2
C:\EPICS26\iemocap_cnn\src\visual\..\..\features\frames\Ses05F_impro04\8.jpg,0
C:\EPICS26\iemocap_cnn\src\visual\..\..\features\frames\Ses05F_impro04\15.jpg,2
C:\EPICS26\iemocap_cnn\src\visual\..\..\features\frames\Ses05F_impro04\16.jpg,2
C:\EPICS26\iemocap_cnn\src\visual\..\..\features\frames\Ses05F_impro04\17.jpg,2
C:\EPICS26\iemocap_cnn\src\visual\..\..\features\frames\Ses05F_impro04\19.jpg,2
C:\EPICS26\iemocap_cnn\src\visual\..\..\features\frames\Ses05F_impro04\22.jpg,2
C:\EPICS26\iemocap_cnn\src\visual\..\..\features\frames\Ses05F_impro04\23.jpg,2
C:\EPICS26\iemocap_cnn\src\visual\..\..\features\frames\Ses05F_impro04\38.jpg,3
C:\EPICS26\iemocap_cnn\src\visual\..\..\features\frames\Ses05F_impro04\39.jpg,3
C:\EPICS26\iemocap_cnn\src\visual\..\..\features\frames\Ses05F_impro04\40.jpg,3
C:\EPICS26\iemocap_cnn\src\visual\..\..\features\frames\Ses05F_impro04\41.jpg,3
C:\EPICS26\iemocap_cnn\src\visual\..\..\features\frames\Ses05F_impro04\42.jpg,2
C:\EPICS26\iemocap_cnn\src\visual\..\..\features\frames\Ses05F_impro04\43.jpg,3
C:\EPICS26\iemocap_cnn\src\visual\..\..\features\frames\Ses05F_impro04\44.jpg,3
C:\EPICS26\iemocap_cnn\src\visual\..\..\features\frames\Ses05F_impro04\45.jpg,3
C:\EPICS26\iemocap_cnn\src\visual\..\..\features\frames\Ses05F_impro04\0.jpg,3
C:\EPICS26\iemocap_cnn\src\visual\..\..\features\frames\Ses05F_impro04\1.jpg,3
C:\EPICS26\iemocap_cnn\src\visual\..\..\features\frames\Ses05F_impro04\3.jpg,3
C:\EPICS26\iemocap_cnn\src\visual\..\..\features\frames\Ses05F_impro04\4.jpg,3
C:\EPICS26\iemocap_cnn\src\visual\..\..\features\frames\Ses05F_impro04\5.jpg,3
C:\EPICS26\iemocap_cnn\src\visual\..\..\features\frames\Ses05F_impro04\7.jpg,3
C:\EPICS26\iemocap_cnn\src\visual\..\..\features\frames\Ses05F_impro04\8.jpg,3
C:\EPICS26\iemocap_cnn\src\visual\..\..\features\frames\Ses05F_impro04\9.jpg,3
C:\EPICS26\iemocap_cnn\src\visual\..\..\features\frames\Ses05F_impro04\10.jpg,3
C:\EPICS26\iemocap_cnn\src\visual\..\..\features\frames\Ses05F_impro04\11.jpg,3
C:\EPICS26\iemocap_cnn\src\visual\..\..\features\frames\Ses05F_impro04\12.jpg,3
C:\EPICS26\iemocap_cnn\src\visual\..\..\features\frames\Ses05F_impro04\13.jpg,3
C:\EPICS26\iemocap_cnn\src\visual\..\..\features\frames\Ses05F_impro04\15.jpg,3
C:\EPICS26\iemocap_cnn\src\visual\..\..\features\frames\Ses05F_impro04\16.jpg,3
C:\EPICS26\iemocap_cnn\src\visual\..\..\features\frames\Ses05F_impro04\17.jpg,3
C:\EPICS26\iemocap_cnn\src\visual\..\..\features\frames\Ses05F_impro04\20.jpg,3
C:\EPICS26\iemocap_cnn\src\visual\..\..\features\frames\Ses05F_impro04\22.jpg,3
C:\EPICS26\iemocap_cnn\src\visual\..\..\features\frames\Ses05F_impro04\24.jpg,3
C:\EPICS26\iemocap_cnn\src\visual\..\..\features\frames\Ses05F_impro04\25.jpg,3
C:\EPICS26\iemocap_cnn\src\visual\..\..\features\frames\Ses05F_impro04\26.jpg,3
C:\EPICS26\iemocap_cnn\src\visual\..\..\features\frames\Ses05F_impro04\27.jpg,3
C:\EPICS26\iemocap_cnn\src\visual\..\..\features\frames\Ses05F_impro04\28.jpg,3
C:\EPICS26\iemocap_cnn\src\visual\..\..\features\frames\Ses05F_impro04\29.jpg,3
C:\EPICS26\iemocap_cnn\src\visual\..\..\features\frames\Ses05F_impro04\30.jpg,3
C:\EPICS26\iemocap_cnn\src\visual\..\..\features\frames\Ses05F_impro04\31.jpg,3
C:\EPICS26\iemocap_cnn\src\visual\..\..\features\frames\Ses05F_impro04\32.jpg,3
C:\EPICS26\iemocap_cnn\src\visual\..\..\features\frames\Ses05F_impro04\33.jpg,3
C:\EPICS26\iemocap_cnn\src\visual\..\..\features\frames\Ses05F_impro04\34.jpg,3
C:\EPICS26\iemocap_cnn\src\visual\..\..\features\frames\Ses05F_impro04\35.jpg,3
C:\EPICS26\iemocap_cnn\src\visual\..\..\features\frames\Ses05F_impro04\36.jpg,3
C:\EPICS26\iemocap_cnn\src\visual\..\..\features\frames\Ses05F_impro04\37.jpg,3
C:\EPICS26\iemocap_cnn\src\visual\..\..\features\frames\Ses05F_impro04\38.jpg,3
C:\EPICS26\iemocap_cnn\src\visual\..\..\features\frames\Ses05F_impro04\39.jpg,3
C:\EPICS26\iemocap_cnn\src\visual\..\..\features\frames\Ses05F_impro04\40.jpg,3
C:\EPICS26\iemocap_cnn\src\visual\..\..\features\frames\Ses05F_impro04\41.jpg,3
C:\EPICS26\iemocap_cnn\src\visual\..\..\features\frames\Ses05F_impro04\42.jpg,3
C:\EPICS26\iemocap_cnn\src\visual\..\..\features\frames\Ses05F_impro04\43.jpg,3
C:\EPICS26\iemocap_cnn\src\visual\..\..\features\frames\Ses05F_impro05\0.jpg,3
C:\EPICS26\iemocap_cnn\src\visual\..\..\features\frames\Ses05F_impro05\1.jpg,3
C:\EPICS26\iemocap_cnn\src\visual\..\..\features\frames\Ses05F_impro05\2.jpg,3
C:\EPICS26\iemocap_cnn\src\visual\..\..\features\frames\Ses05F_impro05\4.jpg,3
C:\EPICS26\iemocap_cnn\src\visual\..\..\features\frames\Ses05F_impro05\5.jpg,3
C:\EPICS26\iemocap_cnn\src\visual\..\..\features\frames\Ses05F_impro05\6.jpg,3
C:\EPICS26\iemocap_cnn\src\visual\..\..\features\frames\Ses05F_impro05\7.jpg,3
C:\EPICS26\iemocap_cnn\src\visual\..\..\features\frames\Ses05F_impro05\10.jpg,3
C:\EPICS26\iemocap_cnn\src\visual\..\..\features\frames\Ses05F_impro05\18.jpg,0
C:\EPICS26\iemocap_cnn\src\visual\..\..\features\frames\Ses05F_impro05\19.jpg,0
C:\EPICS26\iemocap_cnn\src\visual\..\..\features\frames\Ses05F_impro05\20.jpg,0
C:\EPICS26\iemocap_cnn\src\visual\..\..\features\frames\Ses05F_impro05\21.jpg,0
C:\EPICS26\iemocap_cnn\src\visual\..\..\features\frames\Ses05F_impro05\22.jpg,0
C:\EPICS26\iemocap_cnn\src\visual\..\..\features\frames\Ses05F_impro05\23.jpg,0
C:\EPICS26\iemocap_cnn\src\visual\..\..\features\frames\Ses05F_impro05\24.jpg,0
C:\EPICS26\iemocap_cnn\src\visual\..\..\features\frames\Ses05F_impro05\31.jpg,0
C:\EPICS26\iemocap_cnn\src\visual\..\..\features\frames\Ses05F_impro05\33.jpg,0
C:\EPICS26\iemocap_cnn\src\visual\..\..\features\frames\Ses05F_impro05\34.jpg,0
C:\EPICS26\iemocap_cnn\src\visual\..\..\features\frames\Ses05F_impro05\41.jpg,0
C:\EPICS26\iemocap_cnn\src\visual\..\..\features\frames\Ses05F_impro05\42.jpg,0
C:\EPICS26\iemocap_cnn\src\visual\..\..\features\frames\Ses05F_impro05\0.jpg,3
C:\EPICS26\iemocap_cnn\src\visual\..\..\features\frames\Ses05F_impro05\1.jpg,3
C:\EPICS26\iemocap_cnn\src\visual\..\..\features\frames\Ses05F_impro05\2.jpg,3
C:\EPICS26\iemocap_cnn\src\visual\..\..\features\frames\Ses05F_impro05\3.jpg,3
C:\EPICS26\iemocap_cnn\src\visual\..\..\features\frames\Ses05F_impro05\4.jpg,3
C:\EPICS26\iemocap_cnn\src\visual\..\..\features\frames\Ses05F_impro05\5.jpg,3
C:\EPICS26\iemocap_cnn\src\visual\..\..\features\frames\Ses05F_impro05\6.jpg,3
C:\EPICS26\iemocap_cnn\src\visual\..\..\features\frames\Ses05F_impro05\7.jpg,3
C:\EPICS26\iemocap_cnn\src\visual\..\..\features\frames\Ses05F_impro05\8.jpg,3
C:\EPICS26\iemocap_cnn\src\visual\..\..\features\frames\Ses05F_impro05\9.jpg,3
C:\EPICS26\iemocap_cnn\src\visual\..\..\features\frames\Ses05F_impro05\10.jpg,3
C:\EPICS26\iemocap_cnn\src\visual\..\..\features\frames\Ses05F_impro05\12.jpg,3
C:\EPICS26\iemocap_cnn\src\visual\..\..\features\frames\Ses05F_impro05\14.jpg,3
C:\EPICS26\iemocap_cnn\src\visual\..\..\features\frames\Ses05F_impro05\15.jpg,3
C:\EPICS26\iemocap_cnn\src\visual\..\..\features\frames\Ses05F_impro05\16.jpg,3
C:\EPICS26\iemocap_cnn\src\visual\..\..\features\frames\Ses05F_impro05\17.jpg,3
C:\EPICS26\iemocap_cnn\src\visual\..\..\features\frames\Ses05F_impro05\18.jpg,3
C:\EPICS26\iemocap_cnn\src\visual\..\..\features\frames\Ses05F_impro05\19.jpg,3
C:\EPICS26\iemocap_cnn\src\visual\..\..\features\frames\Ses05F_impro05\22.jpg,3
C:\EPICS26\iemocap_cnn\src\visual\..\..\features\frames\Ses05F_impro05\23.jpg,3
C:\EPICS26\iemocap_cnn\src\visual\..\..\features\frames\Ses05F_impro05\25.jpg,3
C:\EPICS26\iemocap_cnn\src\visual\..\..\features\frames\Ses05F_impro05\30.jpg,3
C:\EPICS26\iemocap_cnn\src\visual\..\..\features\frames\Ses05F_impro05\31.jpg,3
C:\EPICS26\iemocap_cnn\src\visual\..\..\features\frames\Ses05F_impro05\32.jpg,3
C:\EPICS26\iemocap_cnn\src\visual\..\..\features\frames\Ses05F_impro05\33.jpg,3
C:\EPICS26\iemocap_cnn\src\visual\..\..\features\frames\Ses05F_impro05\34.jpg,3
C:\EPICS26\iemocap_cnn\src\visual\..\..\features\frames\Ses05F_impro05\36.jpg,3
C:\EPICS26\iemocap_cnn\src\visual\..\..\features\frames\Ses05F_impro05\37.jpg,3
C:\EPICS26\iemocap_cnn\src\visual\..\..\features\frames\Ses05F_impro05\39.jpg,3
C:\EPICS26\iemocap_cnn\src\visual\..\..\features\frames\Ses05F_impro05\40.jpg,3
C:\EPICS26\iemocap_cnn\src\visual\..\..\features\frames\Ses05F_impro05\41.jpg,3
C:\EPICS26\iemocap_cnn\src\visual\..\..\features\frames\Ses05F_impro05\48.jpg,3
C:\EPICS26\iemocap_cnn\src\visual\..\..\features\frames\Ses05F_impro05\50.jpg,3
C:\EPICS26\iemocap_cnn\src\visual\..\..\features\frames\Ses05F_impro05\51.jpg,3
C:\EPICS26\iemocap_cnn\src\visual\..\..\features\frames\Ses05F_impro05\52.jpg,3
C:\EPICS26\iemocap_cnn\src\visual\..\..\features\frames\Ses05F_impro05\53.jpg,3
C:\EPICS26\iemocap_cnn\src\visual\..\..\features\frames\Ses05F_impro06\0.jpg,2
C:\EPICS26\iemocap_cnn\src\visual\..\..\features\frames\Ses05F_impro06\1.jpg,2
C:\EPICS26\iemocap_cnn\src\visual\..\..\features\frames\Ses05F_impro06\2.jpg,2
C:\EPICS26\iemocap_cnn\src\visual\..\..\features\frames\Ses05F_impro06\3.jpg,2
C:\EPICS26\iemocap_cnn\src\visual\..\..\features\frames\Ses05F_impro06\4.jpg,2
C:\EPICS26\iemocap_cnn\src\visual\..\..\features\frames\Ses05F_impro06\5.jpg,2
C:\EPICS26\iemocap_cnn\src\visual\..\..\features\frames\Ses05F_impro06\6.jpg,2
C:\EPICS26\iemocap_cnn\src\visual\..\..\features\frames\Ses05F_impro06\7.jpg,2
C:\EPICS26\iemocap_cnn\src\visual\..\..\features\frames\Ses05F_impro06\8.jpg,2
C:\EPICS26\iemocap_cnn\src\visual\..\..\features\frames\Ses05F_impro06\9.jpg,2
C:\EPICS26\iemocap_cnn\src\visual\..\..\features\frames\Ses05F_impro06\10.jpg,2
C:\EPICS26\iemocap_cnn\src\visual\..\..\features\frames\Ses05F_impro06\11.jpg,2
C:\EPICS26\iemocap_cnn\src\visual\..\..\features\frames\Ses05F_impro06\12.jpg,2
C:\EPICS26\iemocap_cnn\src\visual\..\..\features\frames\Ses05F_impro06\13.jpg,2
C:\EPICS26\iemocap_cnn\src\visual\..\..\features\frames\Ses05F_impro06\14.jpg,2
C:\EPICS26\iemocap_cnn\src\visual\..\..\features\frames\Ses05F_impro06\15.jpg,2
C:\EPICS26\iemocap_cnn\src\visual\..\..\features\frames\Ses05F_impro06\16.jpg,2
C:\EPICS26\iemocap_cnn\src\visual\..\..\features\frames\Ses05F_impro06\17.jpg,2
C:\EPICS26\iemocap_cnn\src\visual\..\..\features\frames\Ses05F_impro06\18.jpg,2
C:\EPICS26\iemocap_cnn\src\visual\..\..\features\frames\Ses05F_impro06\19.jpg,2
C:\EPICS26\iemocap_cnn\src\visual\..\..\features\frames\Ses05F_impro06\20.jpg,2
C:\EPICS26\iemocap_cnn\src\visual\..\..\features\frames\Ses05F_impro06\21.jpg,2
C:\EPICS26\iemocap_cnn\src\visual\..\..\features\frames\Ses05F_impro06\22.jpg,2
C:\EPICS26\iemocap_cnn\src\visual\..\..\features\frames\Ses05F_impro06\23.jpg,2
C:\EPICS26\iemocap_cnn\src\visual\..\..\features\frames\Ses05F_impro06\24.jpg,2
C:\EPICS26\iemocap_cnn\src\visual\..\..\features\frames\Ses05F_impro06\25.jpg,2
C:\EPICS26\iemocap_cnn\src\visual\..\..\features\frames\Ses05F_impro06\26.jpg,2
C:\EPICS26\iemocap_cnn\src\visual\..\..\features\frames\Ses05F_impro06\27.jpg,2
C:\EPICS26\iemocap_cnn\src\visual\..\..\features\frames\Ses05F_impro06\29.jpg,2
C:\EPICS26\iemocap_cnn\src\visual\..\..\features\frames\Ses05F_impro06\1.jpg,2
C:\EPICS26\iemocap_cnn\src\visual\..\..\features\frames\Ses05F_impro06\2.jpg,2
C:\EPICS26\iemocap_cnn\src\visual\..\..\features\frames\Ses05F_impro06\3.jpg,2
C:\EPICS26\iemocap_cnn\src\visual\..\..\features\frames\Ses05F_impro06\4.jpg,2
C:\EPICS26\iemocap_cnn\src\visual\..\..\features\frames\Ses05F_impro06\5.jpg,2
C:\EPICS26\iemocap_cnn\src\visual\..\..\features\frames\Ses05F_impro06\6.jpg,2
C:\EPICS26\iemocap_cnn\src\visual\..\..\features\frames\Ses05F_impro06\7.jpg,2
C:\EPICS26\iemocap_cnn\src\visual\..\..\features\frames\Ses05F_impro06\8.jpg,2
C:\EPICS26\iemocap_cnn\src\visual\..\..\features\frames\Ses05F_impro06\9.jpg,2
C:\EPICS26\iemocap_cnn\src\visual\..\..\features\frames\Ses05F_impro06\10.jpg,3
C:\EPICS26\iemocap_cnn\src\visual\..\..\features\frames\Ses05F_impro06\11.jpg,2
C:\EPICS26\iemocap_cnn\src\visual\..\..\features\frames\Ses05F_impro06\12.jpg,3
C:\EPICS26\iemocap_cnn\src\visual\..\..\features\frames\Ses05F_impro06\13.jpg,3
C:\EPICS26\iemocap_cnn\src\visual\..\..\features\frames\Ses05F_impro06\14.jpg,2
C:\EPICS26\iemocap_cnn\src\visual\..\..\features\frames\Ses05F_impro06\17.jpg,3
C:\EPICS26\iemocap_cnn\src\visual\..\..\features\frames\Ses05F_impro06\18.jpg,3
C:\EPICS26\iemocap_cnn\src\visual\..\..\features\frames\Ses05F_impro06\19.jpg,3
C:\EPICS26\iemocap_cnn\src\visual\..\..\features\frames\Ses05F_impro06\20.jpg,2
C:\EPICS26\iemocap_cnn\src\visual\..\..\features\frames\Ses05F_impro06\21.jpg,3
C:\EPICS26\iemocap_cnn\src\visual\..\..\features\frames\Ses05F_impro06\22.jpg,3
C:\EPICS26\iemocap_cnn\src\visual\..\..\features\frames\Ses05F_impro06\23.jpg,3
C:\EPICS26\iemocap_cnn\src\visual\..\..\features\frames\Ses05F_impro06\24.jpg,3
C:\EPICS26\iemocap_cnn\src\visual\..\..\features\frames\Ses05F_impro06\25.jpg,3
C:\EPICS26\iemocap_cnn\src\visual\..\..\features\frames\Ses05F_impro07\0.jpg,1
C:\EPICS26\iemocap_cnn\src\visual\..\..\features\frames\Ses05F_impro07\1.jpg,1
C:\EPICS26\iemocap_cnn\src\visual\..\..\features\frames\Ses05F_impro07\2.jpg,1
C:\EPICS26\iemocap_cnn\src\visual\..\..\features\frames\Ses05F_impro07\3.jpg,1
C:\EPICS26\iemocap_cnn\src\visual\..\..\features\frames\Ses05F_impro07\4.jpg,1
C:\EPICS26\iemocap_cnn\src\visual\..\..\features\frames\Ses05F_impro07\5.jpg,1
C:\EPICS26\iemocap_cnn\src\visual\..\..\features\frames\Ses05F_impro07\6.jpg,1
C:\EPICS26\iemocap_cnn\src\visual\..\..\features\frames\Ses05F_impro07\7.jpg,3
C:\EPICS26\iemocap_cnn\src\visual\..\..\features\frames\Ses05F_impro07\8.jpg,1
C:\EPICS26\iemocap_cnn\src\visual\..\..\features\frames\Ses05F_impro07\11.jpg,1
C:\EPICS26\iemocap_cnn\src\visual\..\..\features\frames\Ses05F_impro07\12.jpg,1
C:\EPICS26\iemocap_cnn\src\visual\..\..\features\frames\Ses05F_impro07\13.jpg,1
C:\EPICS26\iemocap_cnn\src\visual\..\..\features\frames\Ses05F_impro07\14.jpg,1
C:\EPICS26\iemocap_cnn\src\visual\..\..\features\frames\Ses05F_impro07\15.jpg,1
C:\EPICS26\iemocap_cnn\src\visual\..\..\features\frames\Ses05F_impro07\16.jpg,1
C:\EPICS26\iemocap_cnn\src\visual\..\..\features\frames\Ses05F_impro07\17.jpg,1
C:\EPICS26\iemocap_cnn\src\visual\..\..\features\frames\Ses05F_impro07\21.jpg,1
C:\EPICS26\iemocap_cnn\src\visual\..\..\features\frames\Ses05F_impro07\23.jpg,1
C:\EPICS26\iemocap_cnn\src\visual\..\..\features\frames\Ses05F_impro07\24.jpg,1
C:\EPICS26\iemocap_cnn\src\visual\..\..\features\frames\Ses05F_impro07\25.jpg,1
C:\EPICS26\iemocap_cnn\src\visual\..\..\features\frames\Ses05F_impro07\26.jpg,1
C:\EPICS26\iemocap_cnn\src\visual\..\..\features\frames\Ses05F_impro07\27.jpg,1
C:\EPICS26\iemocap_cnn\src\visual\..\..\features\frames\Ses05F_impro07\28.jpg,1
C:\EPICS26\iemocap_cnn\src\visual\..\..\features\frames\Ses05F_impro07\29.jpg,1
C:\EPICS26\iemocap_cnn\src\visual\..\..\features\frames\Ses05F_impro07\30.jpg,1
C:\EPICS26\iemocap_cnn\src\visual\..\..\features\frames\Ses05F_impro07\31.jpg,1
C:\EPICS26\iemocap_cnn\src\visual\..\..\features\frames\Ses05F_impro07\32.jpg,1
C:\EPICS26\iemocap_cnn\src\visual\..\..\features\frames\Ses05F_impro07\33.jpg,1
C:\EPICS26\iemocap_cnn\src\visual\..\..\features\frames\Ses05F_impro07\34.jpg,1
C:\EPICS26\iemocap_cnn\src\visual\..\..\features\frames\Ses05F_impro07\35.jpg,1
C:\EPICS26\iemocap_cnn\src\visual\..\..\features\frames\Ses05F_impro07\36.jpg,1
C:\EPICS26\iemocap_cnn\src\visual\..\..\features\frames\Ses05F_impro07\37.jpg,1
C:\EPICS26\iemocap_cnn\src\visual\..\..\features\frames\Ses05F_impro07\38.jpg,1
C:\EPICS26\iemocap_cnn\src\visual\..\..\features\frames\Ses05F_impro07\39.jpg,1
C:\EPICS26\iemocap_cnn\src\visual\..\..\features\frames\Ses05F_impro07\0.jpg,1
C:\EPICS26\iemocap_cnn\src\visual\..\..\features\frames\Ses05F_impro07\1.jpg,1
C:\EPICS26\iemocap_cnn\src\visual\..\..\features\frames\Ses05F_impro07\2.jpg,1
C:\EPICS26\iemocap_cnn\src\visual\..\..\features\frames\Ses05F_impro07\3.jpg,1
C:\EPICS26\iemocap_cnn\src\visual\..\..\features\frames\Ses05F_impro07\4.jpg,1
C:\EPICS26\iemocap_cnn\src\visual\..\..\features\frames\Ses05F_impro07\5.jpg,1
C:\EPICS26\iemocap_cnn\src\visual\..\..\features\frames\Ses05F_impro07\6.jpg,1
C:\EPICS26\iemocap_cnn\src\visual\..\..\features\frames\Ses05F_impro07\7.jpg,1
C:\EPICS26\iemocap_cnn\src\visual\..\..\features\frames\Ses05F_impro07\8.jpg,1
C:\EPICS26\iemocap_cnn\src\visual\..\..\features\frames\Ses05F_impro07\9.jpg,1
C:\EPICS26\iemocap_cnn\src\visual\..\..\features\frames\Ses05F_impro07\11.jpg,1
C:\EPICS26\iemocap_cnn\src\visual\..\..\features\frames\Ses05F_impro07\12.jpg,1
C:\EPICS26\iemocap_cnn\src\visual\..\..\features\frames\Ses05F_impro07\13.jpg,1
C:\EPICS26\iemocap_cnn\src\visual\..\..\features\frames\Ses05F_impro07\14.jpg,1
C:\EPICS26\iemocap_cnn\src\visual\..\..\features\frames\Ses05F_impro07\15.jpg,1
C:\EPICS26\iemocap_cnn\src\visual\..\..\features\frames\Ses05F_impro07\16.jpg,1
C:\EPICS26\iemocap_cnn\src\visual\..\..\features\frames\Ses05F_impro07\17.jpg,1
C:\EPICS26\iemocap_cnn\src\visual\..\..\features\frames\Ses05F_impro07\18.jpg,1
C:\EPICS26\iemocap_cnn\src\visual\..\..\features\frames\Ses05F_impro07\19.jpg,1
C:\EPICS26\iemocap_cnn\src\visual\..\..\features\frames\Ses05F_impro07\20.jpg,1
C:\EPICS26\iemocap_cnn\src\visual\..\..\features\frames\Ses05F_impro07\21.jpg,1
C:\EPICS26\iemocap_cnn\src\visual\..\..\features\frames\Ses05F_impro07\24.jpg,1
C:\EPICS26\iemocap_cnn\src\visual\..\..\features\frames\Ses05F_impro07\25.jpg,1
C:\EPICS26\iemocap_cnn\src\visual\..\..\features\frames\Ses05F_impro07\26.jpg,1
C:\EPICS26\iemocap_cnn\src\visual\..\..\features\frames\Ses05F_impro07\27.jpg,1
C:\EPICS26\iemocap_cnn\src\visual\..\..\features\frames\Ses05F_impro07\29.jpg,1
C:\EPICS26\iemocap_cnn\src\visual\..\..\features\frames\Ses05F_impro07\30.jpg,1
C:\EPICS26\iemocap_cnn\src\visual\..\..\features\frames\Ses05F_impro07\31.jpg,1
C:\EPICS26\iemocap_cnn\src\visual\..\..\features\frames\Ses05F_impro07\32.jpg,1
C:\EPICS26\iemocap_cnn\src\visual\..\..\features\frames\Ses05F_impro07\33.jpg,1
C:\EPICS26\iemocap_cnn\src\visual\..\..\features\frames\Ses05F_impro07\34.jpg,1
C:\EPICS26\iemocap_cnn\src\visual\..\..\features\frames\Ses05F_impro07\35.jpg,1
C:\EPICS26\iemocap_cnn\src\visual\..\..\features\frames\Ses05F_impro07\36.jpg,1
C:\EPICS26\iemocap_cnn\src\visual\..\..\features\frames\Ses05F_impro08\0.jpg,3
C:\EPICS26\iemocap_cnn\src\visual\..\..\features\frames\Ses05F_impro08\1.jpg,3
C:\EPICS26\iemocap_cnn\src\visual\..\..\features\frames\Ses05F_impro08\2.jpg,3
C:\EPICS26\iemocap_cnn\src\visual\..\..\features\frames\Ses05F_impro08\3.jpg,3
C:\EPICS26\iemocap_cnn\src\visual\..\..\features\frames\Ses05F_impro08\4.jpg,3
C:\EPICS26\iemocap_cnn\src\visual\..\..\features\frames\Ses05F_impro08\5.jpg,3
C:\EPICS26\iemocap_cnn\src\visual\..\..\features\frames\Ses05F_impro08\7.jpg,3
C:\EPICS26\iemocap_cnn\src\visual\..\..\features\frames\Ses05F_impro08\8.jpg,3
C:\EPICS26\iemocap_cnn\src\visual\..\..\features\frames\Ses05F_impro08\9.jpg,3
C:\EPICS26\iemocap_cnn\src\visual\..\..\features\frames\Ses05F_impro08\10.jpg,3
C:\EPICS26\iemocap_cnn\src\visual\..\..\features\frames\Ses05F_impro08\11.jpg,3
C:\EPICS26\iemocap_cnn\src\visual\..\..\features\frames\Ses05F_impro08\12.jpg,3
C:\EPICS26\iemocap_cnn\src\visual\..\..\features\frames\Ses05F_impro08\14.jpg,3
C:\EPICS26\iemocap_cnn\src\visual\..\..\features\frames\Ses05F_impro08\15.jpg,3
C:\EPICS26\iemocap_cnn\src\visual\..\..\features\frames\Ses05F_impro08\16.jpg,3
C:\EPICS26\iemocap_cnn\src\visual\..\..\features\frames\Ses05F_impro08\17.jpg,3
C:\EPICS26\iemocap_cnn\src\visual\..\..\features\frames\Ses05F_impro08\18.jpg,3
C:\EPICS26\iemocap_cnn\src\visual\..\..\features\frames\Ses05F_impro08\19.jpg,3
C:\EPICS26\iemocap_cnn\src\visual\..\..\features\frames\Ses05F_impro08\20.jpg,3
C:\EPICS26\iemocap_cnn\src\visual\..\..\features\frames\Ses05F_impro08\21.jpg,3
C:\EPICS26\iemocap_cnn\src\visual\..\..\features\frames\Ses05F_impro08\22.jpg,3
C:\EPICS26\iemocap_cnn\src\visual\..\..\features\frames\Ses05F_impro08\23.jpg,3
C:\EPICS26\iemocap_cnn\src\visual\..\..\features\frames\Ses05F_impro08\24.jpg,3
C:\EPICS26\iemocap_cnn\src\visual\..\..\features\frames\Ses05F_impro08\25.jpg,3
C:\EPICS26\iemocap_cnn\src\visual\..\..\features\frames\Ses05F_impro08\26.jpg,3
C:\EPICS26\iemocap_cnn\src\visual\..\..\features\frames\Ses05F_impro08\27.jpg,3
C:\EPICS26\iemocap_cnn\src\visual\..\..\features\frames\Ses05F_impro08\28.jpg,3
C:\EPICS26\iemocap_cnn\src\visual\..\..\features\frames\Ses05F_impro08\29.jpg,3
C:\EPICS26\iemocap_cnn\src\visual\..\..\features\frames\Ses05F_impro08\30.jpg,3
C:\EPICS26\iemocap_cnn\src\visual\..\..\features\frames\Ses05F_impro08\32.jpg,3
C:\EPICS26\iemocap_cnn\src\visual\..\..\features\frames\Ses05F_impro08\33.jpg,3
C:\EPICS26\iemocap_cnn\src\visual\..\..\features\frames\Ses05F_impro08\4.jpg,0
C:\EPICS26\iemocap_cnn\src\visual\..\..\features\frames\Ses05F_impro08\5.jpg,0
C:\EPICS26\iemocap_cnn\src\visual\..\..\features\frames\Ses05F_impro08\7.jpg,0
C:\EPICS26\iemocap_cnn\src\visual\..\..\features\frames\Ses05F_impro08\13.jpg,3
C:\EPICS26\iemocap_cnn\src\visual\..\..\features\frames\Ses05F_impro08\16.jpg,3
C:\EPICS26\iemocap_cnn\src\visual\..\..\features\frames\Ses05F_impro08\18.jpg,3
C:\EPICS26\iemocap_cnn\src\visual\..\..\features\frames\Ses05F_impro08\19.jpg,3
C:\EPICS26\iemocap_cnn\src\visual\..\..\features\frames\Ses05F_impro08\20.jpg,3
C:\EPICS26\iemocap_cnn\src\visual\..\..\features\frames\Ses05F_impro08\22.jpg,3
C:\EPICS26\iemocap_cnn\src\visual\..\..\features\frames\Ses05F_impro08\25.jpg,1
C:\EPICS26\iemocap_cnn\src\visual\..\..\features\frames\Ses05F_impro08\26.jpg,1
C:\EPICS26\iemocap_cnn\src\visual\..\..\features\frames\Ses05F_impro08\27.jpg,3
C:\EPICS26\iemocap_cnn\src\visual\..\..\features\frames\Ses05F_impro08\28.jpg,1
C:\EPICS26\iemocap_cnn\src\visual\..\..\features\frames\Ses05F_impro08\30.jpg,1
C:\EPICS26\iemocap_cnn\src\visual\..\..\features\frames\Ses05F_impro08\31.jpg,1
C:\EPICS26\iemocap_cnn\src\visual\..\..\features\frames\Ses05F_script01_1\0.jpg,2
C:\EPICS26\iemocap_cnn\src\visual\..\..\features\frames\Ses05F_script01_1\4.jpg,2
C:\EPICS26\iemocap_cnn\src\visual\..\..\features\frames\Ses05F_script01_1\5.jpg,2
C:\EPICS26\iemocap_cnn\src\visual\..\..\features\frames\Ses05F_script01_1\6.jpg,2
C:\EPICS26\iemocap_cnn\src\visual\..\..\features\frames\Ses05F_script01_1\7.jpg,2
C:\EPICS26\iemocap_cnn\src\visual\..\..\features\frames\Ses05F_script01_1\8.jpg,2
C:\EPICS26\iemocap_cnn\src\visual\..\..\features\frames\Ses05F_script01_1\17.jpg,3
C:\EPICS26\iemocap_cnn\src\visual\..\..\features\frames\Ses05F_script01_1\24.jpg,3
C:\EPICS26\iemocap_cnn\src\visual\..\..\features\frames\Ses05F_script01_1\25.jpg,3
C:\EPICS26\iemocap_cnn\src\visual\..\..\features\frames\Ses05F_script01_1\26.jpg,3
C:\EPICS26\iemocap_cnn\src\visual\..\..\features\frames\Ses05F_script01_1\27.jpg,3
C:\EPICS26\iemocap_cnn\src\visual\..\..\features\frames\Ses05F_script01_1\28.jpg,3
C:\EPICS26\iemocap_cnn\src\visual\..\..\features\frames\Ses05F_script01_1\31.jpg,2
C:\EPICS26\iemocap_cnn\src\visual\..\..\features\frames\Ses05F_script01_1\33.jpg,0
C:\EPICS26\iemocap_cnn\src\visual\..\..\features\frames\Ses05F_script01_1\34.jpg,0
C:\EPICS26\iemocap_cnn\src\visual\..\..\features\frames\Ses05F_script01_1\38.jpg,0
C:\EPICS26\iemocap_cnn\src\visual\..\..\features\frames\Ses05F_script01_1\0.jpg,2
C:\EPICS26\iemocap_cnn\src\visual\..\..\features\frames\Ses05F_script01_1\1.jpg,2
C:\EPICS26\iemocap_cnn\src\visual\..\..\features\frames\Ses05F_script01_1\2.jpg,2
C:\EPICS26\iemocap_cnn\src\visual\..\..\features\frames\Ses05F_script01_1\3.jpg,2
C:\EPICS26\iemocap_cnn\src\visual\..\..\features\frames\Ses05F_script01_1\4.jpg,2
C:\EPICS26\iemocap_cnn\src\visual\..\..\features\frames\Ses05F_script01_1\5.jpg,2
C:\EPICS26\iemocap_cnn\src\visual\..\..\features\frames\Ses05F_script01_1\6.jpg,2
C:\EPICS26\iemocap_cnn\src\visual\..\..\features\frames\Ses05F_script01_1\7.jpg,2
C:\EPICS26\iemocap_cnn\src\visual\..\..\features\frames\Ses05F_script01_1\8.jpg,2
C:\EPICS26\iemocap_cnn\src\visual\..\..\features\frames\Ses05F_script01_1\9.jpg,2
C:\EPICS26\iemocap_cnn\src\visual\..\..\features\frames\Ses05F_script01_1\13.jpg,0
C:\EPICS26\iemocap_cnn\src\visual\..\..\features\frames\Ses05F_script01_1\16.jpg,2
C:\EPICS26\iemocap_cnn\src\visual\..\..\features\frames\Ses05F_script01_1\18.jpg,3
C:\EPICS26\iemocap_cnn\src\visual\..\..\features\frames\Ses05F_script01_1\25.jpg,0
C:\EPICS26\iemocap_cnn\src\visual\..\..\features\frames\Ses05F_script01_1\35.jpg,0
C:\EPICS26\iemocap_cnn\src\visual\..\..\features\frames\Ses05F_script01_2\1.jpg,3
C:\EPICS26\iemocap_cnn\src\visual\..\..\features\frames\Ses05F_script01_2\6.jpg,0
C:\EPICS26\iemocap_cnn\src\visual\..\..\features\frames\Ses05F_script01_2\10.jpg,0
C:\EPICS26\iemocap_cnn\src\visual\..\..\features\frames\Ses05F_script01_2\11.jpg,0
C:\EPICS26\iemocap_cnn\src\visual\..\..\features\frames\Ses05F_script01_2\12.jpg,0
C:\EPICS26\iemocap_cnn\src\visual\..\..\features\frames\Ses05F_script01_2\14.jpg,0
C:\EPICS26\iemocap_cnn\src\visual\..\..\features\frames\Ses05F_script01_2\16.jpg,2
C:\EPICS26\iemocap_cnn\src\visual\..\..\features\frames\Ses05F_script01_2\17.jpg,0
C:\EPICS26\iemocap_cnn\src\visual\..\..\features\frames\Ses05F_script01_2\0.jpg,3
C:\EPICS26\iemocap_cnn\src\visual\..\..\features\frames\Ses05F_script01_2\1.jpg,3
C:\EPICS26\iemocap_cnn\src\visual\..\..\features\frames\Ses05F_script01_2\2.jpg,3
C:\EPICS26\iemocap_cnn\src\visual\..\..\features\frames\Ses05F_script01_2\16.jpg,0
C:\EPICS26\iemocap_cnn\src\visual\..\..\features\frames\Ses05F_script01_2\17.jpg,0
C:\EPICS26\iemocap_cnn\src\visual\..\..\features\frames\Ses05F_script01_3\0.jpg,1
C:\EPICS26\iemocap_cnn\src\visual\..\..\features\frames\Ses05F_script01_3\1.jpg,1
C:\EPICS26\iemocap_cnn\src\visual\..\..\features\frames\Ses05F_script01_3\2.jpg,1
C:\EPICS26\iemocap_cnn\src\visual\..\..\features\frames\Ses05F_script01_3\3.jpg,1
C:\EPICS26\iemocap_cnn\src\visual\..\..\features\frames\Ses05F_script01_3\6.jpg,2
C:\EPICS26\iemocap_cnn\src\visual\..\..\features\frames\Ses05F_script01_3\8.jpg,3
C:\EPICS26\iemocap_cnn\src\visual\..\..\features\frames\Ses05F_script01_3\9.jpg,1
C:\EPICS26\iemocap_cnn\src\visual\..\..\features\frames\Ses05F_script01_3\15.jpg,1
C:\EPICS26\iemocap_cnn\src\visual\..\..\features\frames\Ses05F_script01_3\16.jpg,1
C:\EPICS26\iemocap_cnn\src\visual\..\..\features\frames\Ses05F_script01_3\17.jpg,1
C:\EPICS26\iemocap_cnn\src\visual\..\..\features\frames\Ses05F_script01_3\20.jpg,2
C:\EPICS26\iemocap_cnn\src\visual\..\..\features\frames\Ses05F_script01_3\21.jpg,3
C:\EPICS26\iemocap_cnn\src\visual\..\..\features\frames\Ses05F_script01_3\22.jpg,2
C:\EPICS26\iemocap_cnn\src\visual\..\..\features\frames\Ses05F_script01_3\23.jpg,2
C:\EPICS26\iemocap_cnn\src\visual\..\..\features\frames\Ses05F_script01_3\24.jpg,3
C:\EPICS26\iemocap_cnn\src\visual\..\..\features\frames\Ses05F_script01_3\25.jpg,2
C:\EPICS26\iemocap_cnn\src\visual\..\..\features\frames\Ses05F_script01_3\26.jpg,1
C:\EPICS26\iemocap_cnn\src\visual\..\..\features\frames\Ses05F_script01_3\0.jpg,1
C:\EPICS26\iemocap_cnn\src\visual\..\..\features\frames\Ses05F_script01_3\4.jpg,3
C:\EPICS26\iemocap_cnn\src\visual\..\..\features\frames\Ses05F_script01_3\5.jpg,1
C:\EPICS26\iemocap_cnn\src\visual\..\..\features\frames\Ses05F_script01_3\6.jpg,3
C:\EPICS26\iemocap_cnn\src\visual\..\..\features\frames\Ses05F_script01_3\8.jpg,1
C:\EPICS26\iemocap_cnn\src\visual\..\..\features\frames\Ses05F_script01_3\9.jpg,1
C:\EPICS26\iemocap_cnn\src\visual\..\..\features\frames\Ses05F_script01_3\10.jpg,1
C:\EPICS26\iemocap_cnn\src\visual\..\..\features\frames\Ses05F_script01_3\16.jpg,1
C:\EPICS26\iemocap_cnn\src\visual\..\..\features\frames\Ses05F_script01_3\17.jpg,1
C:\EPICS26\iemocap_cnn\src\visual\..\..\features\frames\Ses05F_script01_3\21.jpg,2
C:\EPICS26\iemocap_cnn\src\visual\..\..\features\frames\Ses05F_script01_3\23.jpg,2
C:\EPICS26\iemocap_cnn\src\visual\..\..\features\frames\Ses05F_script01_3\24.jpg,2
C:\EPICS26\iemocap_cnn\src\visual\..\..\features\frames\Ses05F_script01_3\25.jpg,2
C:\EPICS26\iemocap_cnn\src\visual\..\..\features\frames\Ses05F_script01_3\26.jpg,2
C:\EPICS26\iemocap_cnn\src\visual\..\..\features\frames\Ses05F_script01_3\27.jpg,2
C:\EPICS26\iemocap_cnn\src\visual\..\..\features\frames\Ses05F_script01_3\28.jpg,2
C:\EPICS26\iemocap_cnn\src\visual\..\..\features\frames\Ses05F_script01_3\29.jpg,2
C:\EPICS26\iemocap_cnn\src\visual\..\..\features\frames\Ses05F_script01_3\30.jpg,2
C:\EPICS26\iemocap_cnn\src\visual\..\..\features\frames\Ses05F_script01_3\31.jpg,2
C:\EPICS26\iemocap_cnn\src\visual\..\..\features\frames\Ses05F_script01_3\32.jpg,2
C:\EPICS26\iemocap_cnn\src\visual\..\..\features\frames\Ses05F_script01_3\33.jpg,2
C:\EPICS26\iemocap_cnn\src\visual\..\..\features\frames\Ses05F_script01_3\34.jpg,2
C:\EPICS26\iemocap_cnn\src\visual\..\..\features\frames\Ses05F_script01_3\35.jpg,2
C:\EPICS26\iemocap_cnn\src\visual\..\..\features\frames\Ses05F_script01_3\36.jpg,2
C:\EPICS26\iemocap_cnn\src\visual\..\..\features\frames\Ses05F_script01_3\37.jpg,2
C:\EPICS26\iemocap_cnn\src\visual\..\..\features\frames\Ses05F_script01_3\39.jpg,1
C:\EPICS26\iemocap_cnn\src\visual\..\..\features\frames\Ses05F_script01_3\40.jpg,1
C:\EPICS26\iemocap_cnn\src\visual\..\..\features\frames\Ses05F_script02_1\0.jpg,3
C:\EPICS26\iemocap_cnn\src\visual\..\..\features\frames\Ses05F_script02_1\1.jpg,3
C:\EPICS26\iemocap_cnn\src\visual\..\..\features\frames\Ses05F_script02_1\5.jpg,3
C:\EPICS26\iemocap_cnn\src\visual\..\..\features\frames\Ses05F_script02_1\7.jpg,3
C:\EPICS26\iemocap_cnn\src\visual\..\..\features\frames\Ses05F_script02_1\11.jpg,3
C:\EPICS26\iemocap_cnn\src\visual\..\..\features\frames\Ses05F_script02_1\12.jpg,3
C:\EPICS26\iemocap_cnn\src\visual\..\..\features\frames\Ses05F_script02_1\0.jpg,1
C:\EPICS26\iemocap_cnn\src\visual\..\..\features\frames\Ses05F_script02_1\1.jpg,1
C:\EPICS26\iemocap_cnn\src\visual\..\..\features\frames\Ses05F_script02_1\2.jpg,1
C:\EPICS26\iemocap_cnn\src\visual\..\..\features\frames\Ses05F_script02_1\3.jpg,1
C:\EPICS26\iemocap_cnn\src\visual\..\..\features\frames\Ses05F_script02_1\9.jpg,1
C:\EPICS26\iemocap_cnn\src\visual\..\..\features\frames\Ses05F_script02_1\10.jpg,1
C:\EPICS26\iemocap_cnn\src\visual\..\..\features\frames\Ses05F_script02_1\11.jpg,1
C:\EPICS26\iemocap_cnn\src\visual\..\..\features\frames\Ses05F_script02_1\12.jpg,1
C:\EPICS26\iemocap_cnn\src\visual\..\..\features\frames\Ses05F_script02_1\14.jpg,1
C:\EPICS26\iemocap_cnn\src\visual\..\..\features\frames\Ses05F_script02_2\5.jpg,0
C:\EPICS26\iemocap_cnn\src\visual\..\..\features\frames\Ses05F_script02_2\13.jpg,2
C:\EPICS26\iemocap_cnn\src\visual\..\..\features\frames\Ses05F_script02_2\14.jpg,2
C:\EPICS26\iemocap_cnn\src\visual\..\..\features\frames\Ses05F_script02_2\15.jpg,1
C:\EPICS26\iemocap_cnn\src\visual\..\..\features\frames\Ses05F_script02_2\16.jpg,2
C:\EPICS26\iemocap_cnn\src\visual\..\..\features\frames\Ses05F_script02_2\17.jpg,2
C:\EPICS26\iemocap_cnn\src\visual\..\..\features\frames\Ses05F_script02_2\18.jpg,2
C:\EPICS26\iemocap_cnn\src\visual\..\..\features\frames\Ses05F_script02_2\19.jpg,2
C:\EPICS26\iemocap_cnn\src\visual\..\..\features\frames\Ses05F_script02_2\25.jpg,2
C:\EPICS26\iemocap_cnn\src\visual\..\..\features\frames\Ses05F_script02_2\26.jpg,2
C:\EPICS26\iemocap_cnn\src\visual\..\..\features\frames\Ses05F_script02_2\27.jpg,2
C:\EPICS26\iemocap_cnn\src\visual\..\..\features\frames\Ses05F_script02_2\28.jpg,2
C:\EPICS26\iemocap_cnn\src\visual\..\..\features\frames\Ses05F_script02_2\29.jpg,2
C:\EPICS26\iemocap_cnn\src\visual\..\..\features\frames\Ses05F_script02_2\30.jpg,2
C:\EPICS26\iemocap_cnn\src\visual\..\..\features\frames\Ses05F_script02_2\32.jpg,2
C:\EPICS26\iemocap_cnn\src\visual\..\..\features\frames\Ses05F_script02_2\33.jpg,1
C:\EPICS26\iemocap_cnn\src\visual\..\..\features\frames\Ses05F_script02_2\34.jpg,1
C:\EPICS26\iemocap_cnn\src\visual\..\..\features\frames\Ses05F_script02_2\37.jpg,1
C:\EPICS26\iemocap_cnn\src\visual\..\..\features\frames\Ses05F_script02_2\0.jpg,1
C:\EPICS26\iemocap_cnn\src\visual\..\..\features\frames\Ses05F_script02_2\2.jpg,3
C:\EPICS26\iemocap_cnn\src\visual\..\..\features\frames\Ses05F_script02_2\3.jpg,3
C:\EPICS26\iemocap_cnn\src\visual\..\..\features\frames\Ses05F_script02_2\5.jpg,3
C:\EPICS26\iemocap_cnn\src\visual\..\..\features\frames\Ses05F_script02_2\10.jpg,3
C:\EPICS26\iemocap_cnn\src\visual\..\..\features\frames\Ses05F_script02_2\16.jpg,3
C:\EPICS26\iemocap_cnn\src\visual\..\..\features\frames\Ses05F_script02_2\18.jpg,1
C:\EPICS26\iemocap_cnn\src\visual\..\..\features\frames\Ses05F_script02_2\19.jpg,1
C:\EPICS26\iemocap_cnn\src\visual\..\..\features\frames\Ses05F_script02_2\20.jpg,1
C:\EPICS26\iemocap_cnn\src\visual\..\..\features\frames\Ses05F_script02_2\25.jpg,0
C:\EPICS26\iemocap_cnn\src\visual\..\..\features\frames\Ses05F_script02_2\31.jpg,2
C:\EPICS26\iemocap_cnn\src\visual\..\..\features\frames\Ses05F_script02_2\32.jpg,2
C:\EPICS26\iemocap_cnn\src\visual\..\..\features\frames\Ses05F_script02_2\33.jpg,2
C:\EPICS26\iemocap_cnn\src\visual\..\..\features\frames\Ses05F_script02_2\35.jpg,1
C:\EPICS26\iemocap_cnn\src\visual\..\..\features\frames\Ses05F_script02_2\36.jpg,1
C:\EPICS26\iemocap_cnn\src\visual\..\..\features\frames\Ses05F_script02_2\37.jpg,1
C:\EPICS26\iemocap_cnn\src\visual\..\..\features\frames\Ses05F_script02_2\40.jpg,1
C:\EPICS26\iemocap_cnn\src\visual\..\..\features\frames\Ses05F_script02_2\41.jpg,1
C:\EPICS26\iemocap_cnn\src\visual\..\..\features\frames\Ses05F_script03_1\5.jpg,1
C:\EPICS26\iemocap_cnn\src\visual\..\..\features\frames\Ses05F_script03_1\6.jpg,1
C:\EPICS26\iemocap_cnn\src\visual\..\..\features\frames\Ses05F_script03_1\7.jpg,1
C:\EPICS26\iemocap_cnn\src\visual\..\..\features\frames\Ses05F_script03_1\10.jpg,3
C:\EPICS26\iemocap_cnn\src\visual\..\..\features\frames\Ses05F_script03_1\11.jpg,3
C:\EPICS26\iemocap_cnn\src\visual\..\..\features\frames\Ses05F_script03_1\13.jpg,3
C:\EPICS26\iemocap_cnn\src\visual\..\..\features\frames\Ses05F_script03_1\15.jpg,3
C:\EPICS26\iemocap_cnn\src\visual\..\..\features\frames\Ses05F_script03_1\19.jpg,3
C:\EPICS26\iemocap_cnn\src\visual\..\..\features\frames\Ses05F_script03_1\25.jpg,1
C:\EPICS26\iemocap_cnn\src\visual\..\..\features\frames\Ses05F_script03_1\30.jpg,1
C:\EPICS26\iemocap_cnn\src\visual\..\..\features\frames\Ses05F_script03_1\31.jpg,1
C:\EPICS26\iemocap_cnn\src\visual\..\..\features\frames\Ses05F_script03_1\33.jpg,3
C:\EPICS26\iemocap_cnn\src\visual\..\..\features\frames\Ses05F_script03_1\0.jpg,1
C:\EPICS26\iemocap_cnn\src\visual\..\..\features\frames\Ses05F_script03_1\1.jpg,1
C:\EPICS26\iemocap_cnn\src\visual\..\..\features\frames\Ses05F_script03_1\5.jpg,1
C:\EPICS26\iemocap_cnn\src\visual\..\..\features\frames\Ses05F_script03_1\7.jpg,1
C:\EPICS26\iemocap_cnn\src\visual\..\..\features\frames\Ses05F_script03_1\11.jpg,1
C:\EPICS26\iemocap_cnn\src\visual\..\..\features\frames\Ses05F_script03_1\13.jpg,1
C:\EPICS26\iemocap_cnn\src\visual\..\..\features\frames\Ses05F_script03_1\14.jpg,1
C:\EPICS26\iemocap_cnn\src\visual\..\..\features\frames\Ses05F_script03_1\15.jpg,1
C:\EPICS26\iemocap_cnn\src\visual\..\..\features\frames\Ses05F_script03_1\16.jpg,1
C:\EPICS26\iemocap_cnn\src\visual\..\..\features\frames\Ses05F_script03_1\17.jpg,1
C:\EPICS26\iemocap_cnn\src\visual\..\..\features\frames\Ses05F_script03_1\18.jpg,1
C:\EPICS26\iemocap_cnn\src\visual\..\..\features\frames\Ses05F_script03_1\19.jpg,1
C:\EPICS26\iemocap_cnn\src\visual\..\..\features\frames\Ses05F_script03_1\20.jpg,1
C:\EPICS26\iemocap_cnn\src\visual\..\..\features\frames\Ses05F_script03_1\21.jpg,1
C:\EPICS26\iemocap_cnn\src\visual\..\..\features\frames\Ses05F_script03_1\22.jpg,1
C:\EPICS26\iemocap_cnn\src\visual\..\..\features\frames\Ses05F_script03_1\24.jpg,1
C:\EPICS26\iemocap_cnn\src\visual\..\..\features\frames\Ses05F_script03_1\25.jpg,1
C:\EPICS26\iemocap_cnn\src\visual\..\..\features\frames\Ses05F_script03_1\26.jpg,1
C:\EPICS26\iemocap_cnn\src\visual\..\..\features\frames\Ses05F_script03_1\27.jpg,1
C:\EPICS26\iemocap_cnn\src\visual\..\..\features\frames\Ses05F_script03_1\28.jpg,1
C:\EPICS26\iemocap_cnn\src\visual\..\..\features\frames\Ses05F_script03_1\29.jpg,1
C:\EPICS26\iemocap_cnn\src\visual\..\..\features\frames\Ses05F_script03_1\30.jpg,3
C:\EPICS26\iemocap_cnn\src\visual\..\..\features\frames\Ses05F_script03_1\31.jpg,1
C:\EPICS26\iemocap_cnn\src\visual\..\..\features\frames\Ses05F_script03_1\32.jpg,1
C:\EPICS26\iemocap_cnn\src\visual\..\..\features\frames\Ses05F_script03_1\33.jpg,1
C:\EPICS26\iemocap_cnn\src\visual\..\..\features\frames\Ses05F_script03_2\0.jpg,3
C:\EPICS26\iemocap_cnn\src\visual\..\..\features\frames\Ses05F_script03_2\1.jpg,3
C:\EPICS26\iemocap_cnn\src\visual\..\..\features\frames\Ses05F_script03_2\3.jpg,3
C:\EPICS26\iemocap_cnn\src\visual\..\..\features\frames\Ses05F_script03_2\4.jpg,3
C:\EPICS26\iemocap_cnn\src\visual\..\..\features\frames\Ses05F_script03_2\5.jpg,3
C:\EPICS26\iemocap_cnn\src\visual\..\..\features\frames\Ses05F_script03_2\6.jpg,3
C:\EPICS26\iemocap_cnn\src\visual\..\..\features\frames\Ses05F_script03_2\10.jpg,3
C:\EPICS26\iemocap_cnn\src\visual\..\..\features\frames\Ses05F_script03_2\11.jpg,3
C:\EPICS26\iemocap_cnn\src\visual\..\..\features\frames\Ses05F_script03_2\12.jpg,3
C:\EPICS26\iemocap_cnn\src\visual\..\..\features\frames\Ses05F_script03_2\14.jpg,3
C:\EPICS26\iemocap_cnn\src\visual\..\..\features\frames\Ses05F_script03_2\18.jpg,0
C:\EPICS26\iemocap_cnn\src\visual\..\..\features\frames\Ses05F_script03_2\19.jpg,0
C:\EPICS26\iemocap_cnn\src\visual\..\..\features\frames\Ses05F_script03_2\20.jpg,0
C:\EPICS26\iemocap_cnn\src\visual\..\..\features\frames\Ses05F_script03_2\21.jpg,0
C:\EPICS26\iemocap_cnn\src\visual\..\..\features\frames\Ses05F_script03_2\22.jpg,3
C:\EPICS26\iemocap_cnn\src\visual\..\..\features\frames\Ses05F_script03_2\23.jpg,0
C:\EPICS26\iemocap_cnn\src\visual\..\..\features\frames\Ses05F_script03_2\24.jpg,0
C:\EPICS26\iemocap_cnn\src\visual\..\..\features\frames\Ses05F_script03_2\27.jpg,0
C:\EPICS26\iemocap_cnn\src\visual\..\..\features\frames\Ses05F_script03_2\29.jpg,0
C:\EPICS26\iemocap_cnn\src\visual\..\..\features\frames\Ses05F_script03_2\30.jpg,0
C:\EPICS26\iemocap_cnn\src\visual\..\..\features\frames\Ses05F_script03_2\31.jpg,0
C:\EPICS26\iemocap_cnn\src\visual\..\..\features\frames\Ses05F_script03_2\32.jpg,0
C:\EPICS26\iemocap_cnn\src\visual\..\..\features\frames\Ses05F_script03_2\33.jpg,0
C:\EPICS26\iemocap_cnn\src\visual\..\..\features\frames\Ses05F_script03_2\34.jpg,0
C:\EPICS26\iemocap_cnn\src\visual\..\..\features\frames\Ses05F_script03_2\35.jpg,0
C:\EPICS26\iemocap_cnn\src\visual\..\..\features\frames\Ses05F_script03_2\36.jpg,0
C:\EPICS26\iemocap_cnn\src\visual\..\..\features\frames\Ses05F_script03_2\37.jpg,0
C:\EPICS26\iemocap_cnn\src\visual\..\..\features\frames\Ses05F_script03_2\38.jpg,0
C:\EPICS26\iemocap_cnn\src\visual\..\..\features\frames\Ses05F_script03_2\39.jpg,0
C:\EPICS26\iemocap_cnn\src\visual\..\..\features\frames\Ses05F_script03_2\40.jpg,0
C:\EPICS26\iemocap_cnn\src\visual\..\..\features\frames\Ses05F_script03_2\41.jpg,0
C:\EPICS26\iemocap_cnn\src\visual\..\..\features\frames\Ses05F_script03_2\4.jpg,0
C:\EPICS26\iemocap_cnn\src\visual\..\..\features\frames\Ses05F_script03_2\5.jpg,0
C:\EPICS26\iemocap_cnn\src\visual\..\..\features\frames\Ses05F_script03_2\8.jpg,0
C:\EPICS26\iemocap_cnn\src\visual\..\..\features\frames\Ses05F_script03_2\9.jpg,3
C:\EPICS26\iemocap_cnn\src\visual\..\..\features\frames\Ses05F_script03_2\10.jpg,3
C:\EPICS26\iemocap_cnn\src\visual\..\..\features\frames\Ses05F_script03_2\13.jpg,0
C:\EPICS26\iemocap_cnn\src\visual\..\..\features\frames\Ses05F_script03_2\14.jpg,0
C:\EPICS26\iemocap_cnn\src\visual\..\..\features\frames\Ses05F_script03_2\16.jpg,0
C:\EPICS26\iemocap_cnn\src\visual\..\..\features\frames\Ses05F_script03_2\19.jpg,0
C:\EPICS26\iemocap_cnn\src\visual\..\..\features\frames\Ses05F_script03_2\22.jpg,0
C:\EPICS26\iemocap_cnn\src\visual\..\..\features\frames\Ses05F_script03_2\24.jpg,0
C:\EPICS26\iemocap_cnn\src\visual\..\..\features\frames\Ses05F_script03_2\25.jpg,0
C:\EPICS26\iemocap_cnn\src\visual\..\..\features\frames\Ses05F_script03_2\26.jpg,0
C:\EPICS26\iemocap_cnn\src\visual\..\..\features\frames\Ses05F_script03_2\37.jpg,0
C:\EPICS26\iemocap_cnn\src\visual\..\..\features\frames\Ses05F_script03_2\38.jpg,0
C:\EPICS26\iemocap_cnn\src\visual\..\..\features\frames\Ses05F_script03_2\39.jpg,0
C:\EPICS26\iemocap_cnn\src\visual\..\..\features\frames\Ses05F_script03_2\40.jpg,0
C:\EPICS26\iemocap_cnn\src\visual\..\..\features\frames\Ses05F_script03_2\41.jpg,0
C:\EPICS26\iemocap_cnn\src\visual\..\..\features\frames\Ses05F_script03_2\42.jpg,0
C:\EPICS26\iemocap_cnn\src\visual\..\..\features\frames\Ses05F_script03_2\43.jpg,0
C:\EPICS26\iemocap_cnn\src\visual\..\..\features\frames\Ses05M_impro01\0.jpg,3
C:\EPICS26\iemocap_cnn\src\visual\..\..\features\frames\Ses05M_impro01\1.jpg,3
C:\EPICS26\iemocap_cnn\src\visual\..\..\features\frames\Ses05M_impro01\2.jpg,3
C:\EPICS26\iemocap_cnn\src\visual\..\..\features\frames\Ses05M_impro01\3.jpg,3
C:\EPICS26\iemocap_cnn\src\visual\..\..\features\frames\Ses05M_impro01\4.jpg,3
C:\EPICS26\iemocap_cnn\src\visual\..\..\features\frames\Ses05M_impro01\6.jpg,3
C:\EPICS26\iemocap_cnn\src\visual\..\..\features\frames\Ses05M_impro01\9.jpg,3
C:\EPICS26\iemocap_cnn\src\visual\..\..\features\frames\Ses05M_impro01\12.jpg,3
C:\EPICS26\iemocap_cnn\src\visual\..\..\features\frames\Ses05M_impro01\21.jpg,0
C:\EPICS26\iemocap_cnn\src\visual\..\..\features\frames\Ses05M_impro01\23.jpg,0
C:\EPICS26\iemocap_cnn\src\visual\..\..\features\frames\Ses05M_impro01\5.jpg,0
C:\EPICS26\iemocap_cnn\src\visual\..\..\features\frames\Ses05M_impro01\15.jpg,0
C:\EPICS26\iemocap_cnn\src\visual\..\..\features\frames\Ses05M_impro02\12.jpg,3
C:\EPICS26\iemocap_cnn\src\visual\..\..\features\frames\Ses05M_impro02\13.jpg,2
C:\EPICS26\iemocap_cnn\src\visual\..\..\features\frames\Ses05M_impro02\20.jpg,2
C:\EPICS26\iemocap_cnn\src\visual\..\..\features\frames\Ses05M_impro02\21.jpg,2
C:\EPICS26\iemocap_cnn\src\visual\..\..\features\frames\Ses05M_impro02\23.jpg,2
C:\EPICS26\iemocap_cnn\src\visual\..\..\features\frames\Ses05M_impro02\24.jpg,2
C:\EPICS26\iemocap_cnn\src\visual\..\..\features\frames\Ses05M_impro02\0.jpg,2
C:\EPICS26\iemocap_cnn\src\visual\..\..\features\frames\Ses05M_impro02\1.jpg,2
C:\EPICS26\iemocap_cnn\src\visual\..\..\features\frames\Ses05M_impro02\7.jpg,2
C:\EPICS26\iemocap_cnn\src\visual\..\..\features\frames\Ses05M_impro02\10.jpg,2
C:\EPICS26\iemocap_cnn\src\visual\..\..\features\frames\Ses05M_impro02\11.jpg,2
C:\EPICS26\iemocap_cnn\src\visual\..\..\features\frames\Ses05M_impro02\12.jpg,2
C:\EPICS26\iemocap_cnn\src\visual\..\..\features\frames\Ses05M_impro02\13.jpg,2
C:\EPICS26\iemocap_cnn\src\visual\..\..\features\frames\Ses05M_impro02\18.jpg,2
C:\EPICS26\iemocap_cnn\src\visual\..\..\features\frames\Ses05M_impro02\19.jpg,2
C:\EPICS26\iemocap_cnn\src\visual\..\..\features\frames\Ses05M_impro02\21.jpg,2
C:\EPICS26\iemocap_cnn\src\visual\..\..\features\frames\Ses05M_impro02\22.jpg,2
C:\EPICS26\iemocap_cnn\src\visual\..\..\features\frames\Ses05M_impro02\23.jpg,2
C:\EPICS26\iemocap_cnn\src\visual\..\..\features\frames\Ses05M_impro02\24.jpg,2
C:\EPICS26\iemocap_cnn\src\visual\..\..\features\frames\Ses05M_impro02\25.jpg,2
C:\EPICS26\iemocap_cnn\src\visual\..\..\features\frames\Ses05M_impro02\27.jpg,2
C:\EPICS26\iemocap_cnn\src\visual\..\..\features\frames\Ses05M_impro02\28.jpg,2
C:\EPICS26\iemocap_cnn\src\visual\..\..\features\frames\Ses05M_impro02\29.jpg,2
C:\EPICS26\iemocap_cnn\src\visual\..\..\features\frames\Ses05M_impro02\30.jpg,1
C:\EPICS26\iemocap_cnn\src\visual\..\..\features\frames\Ses05M_impro03\0.jpg,3
C:\EPICS26\iemocap_cnn\src\visual\..\..\features\frames\Ses05M_impro03\2.jpg,1
C:\EPICS26\iemocap_cnn\src\visual\..\..\features\frames\Ses05M_impro03\3.jpg,1
C:\EPICS26\iemocap_cnn\src\visual\..\..\features\frames\Ses05M_impro03\4.jpg,1
C:\EPICS26\iemocap_cnn\src\visual\..\..\features\frames\Ses05M_impro03\5.jpg,1
C:\EPICS26\iemocap_cnn\src\visual\..\..\features\frames\Ses05M_impro03\6.jpg,3
C:\EPICS26\iemocap_cnn\src\visual\..\..\features\frames\Ses05M_impro03\7.jpg,1
C:\EPICS26\iemocap_cnn\src\visual\..\..\features\frames\Ses05M_impro03\8.jpg,1
C:\EPICS26\iemocap_cnn\src\visual\..\..\features\frames\Ses05M_impro03\9.jpg,1
C:\EPICS26\iemocap_cnn\src\visual\..\..\features\frames\Ses05M_impro03\10.jpg,1
C:\EPICS26\iemocap_cnn\src\visual\..\..\features\frames\Ses05M_impro03\11.jpg,1
C:\EPICS26\iemocap_cnn\src\visual\..\..\features\frames\Ses05M_impro03\12.jpg,1
C:\EPICS26\iemocap_cnn\src\visual\..\..\features\frames\Ses05M_impro03\13.jpg,1
C:\EPICS26\iemocap_cnn\src\visual\..\..\features\frames\Ses05M_impro03\14.jpg,1
C:\EPICS26\iemocap_cnn\src\visual\..\..\features\frames\Ses05M_impro03\15.jpg,1
C:\EPICS26\iemocap_cnn\src\visual\..\..\features\frames\Ses05M_impro03\16.jpg,1
C:\EPICS26\iemocap_cnn\src\visual\..\..\features\frames\Ses05M_impro03\17.jpg,1
C:\EPICS26\iemocap_cnn\src\visual\..\..\features\frames\Ses05M_impro03\18.jpg,1
C:\EPICS26\iemocap_cnn\src\visual\..\..\features\frames\Ses05M_impro03\19.jpg,1
C:\EPICS26\iemocap_cnn\src\visual\..\..\features\frames\Ses05M_impro03\20.jpg,1
C:\EPICS26\iemocap_cnn\src\visual\..\..\features\frames\Ses05M_impro03\21.jpg,1
C:\EPICS26\iemocap_cnn\src\visual\..\..\features\frames\Ses05M_impro03\22.jpg,1
C:\EPICS26\iemocap_cnn\src\visual\..\..\features\frames\Ses05M_impro03\23.jpg,1
C:\EPICS26\iemocap_cnn\src\visual\..\..\features\frames\Ses05M_impro03\26.jpg,3
C:\EPICS26\iemocap_cnn\src\visual\..\..\features\frames\Ses05M_impro03\27.jpg,3
C:\EPICS26\iemocap_cnn\src\visual\..\..\features\frames\Ses05M_impro03\30.jpg,3
C:\EPICS26\iemocap_cnn\src\visual\..\..\features\frames\Ses05M_impro03\31.jpg,1
C:\EPICS26\iemocap_cnn\src\visual\..\..\features\frames\Ses05M_impro03\0.jpg,1
C:\EPICS26\iemocap_cnn\src\visual\..\..\features\frames\Ses05M_impro03\1.jpg,1
C:\EPICS26\iemocap_cnn\src\visual\..\..\features\frames\Ses05M_impro03\2.jpg,1
C:\EPICS26\iemocap_cnn\src\visual\..\..\features\frames\Ses05M_impro03\3.jpg,1
C:\EPICS26\iemocap_cnn\src\visual\..\..\features\frames\Ses05M_impro03\4.jpg,1
C:\EPICS26\iemocap_cnn\src\visual\..\..\features\frames\Ses05M_impro03\6.jpg,1
C:\EPICS26\iemocap_cnn\src\visual\..\..\features\frames\Ses05M_impro03\7.jpg,1
C:\EPICS26\iemocap_cnn\src\visual\..\..\features\frames\Ses05M_impro03\8.jpg,1
C:\EPICS26\iemocap_cnn\src\visual\..\..\features\frames\Ses05M_impro03\9.jpg,1
C:\EPICS26\iemocap_cnn\src\visual\..\..\features\frames\Ses05M_impro03\10.jpg,1
C:\EPICS26\iemocap_cnn\src\visual\..\..\features\frames\Ses05M_impro03\11.jpg,1
C:\EPICS26\iemocap_cnn\src\visual\..\..\features\frames\Ses05M_impro03\12.jpg,1
C:\EPICS26\iemocap_cnn\src\visual\..\..\features\frames\Ses05M_impro03\13.jpg,1
C:\EPICS26\iemocap_cnn\src\visual\..\..\features\frames\Ses05M_impro03\14.jpg,1
C:\EPICS26\iemocap_cnn\src\visual\..\..\features\frames\Ses05M_impro03\15.jpg,1
C:\EPICS26\iemocap_cnn\src\visual\..\..\features\frames\Ses05M_impro03\16.jpg,1
C:\EPICS26\iemocap_cnn\src\visual\..\..\features\frames\Ses05M_impro03\18.jpg,1
C:\EPICS26\iemocap_cnn\src\visual\..\..\features\frames\Ses05M_impro03\19.jpg,3
C:\EPICS26\iemocap_cnn\src\visual\..\..\features\frames\Ses05M_impro03\20.jpg,1
C:\EPICS26\iemocap_cnn\src\visual\..\..\features\frames\Ses05M_impro03\21.jpg,1
C:\EPICS26\iemocap_cnn\src\visual\..\..\features\frames\Ses05M_impro03\23.jpg,1
C:\EPICS26\iemocap_cnn\src\visual\..\..\features\frames\Ses05M_impro03\24.jpg,1
C:\EPICS26\iemocap_cnn\src\visual\..\..\features\frames\Ses05M_impro03\25.jpg,1
C:\EPICS26\iemocap_cnn\src\visual\..\..\features\frames\Ses05M_impro03\26.jpg,1
C:\EPICS26\iemocap_cnn\src\visual\..\..\features\frames\Ses05M_impro03\27.jpg,1
C:\EPICS26\iemocap_cnn\src\visual\..\..\features\frames\Ses05M_impro03\28.jpg,1
C:\EPICS26\iemocap_cnn\src\visual\..\..\features\frames\Ses05M_impro03\29.jpg,1
C:\EPICS26\iemocap_cnn\src\visual\..\..\features\frames\Ses05M_impro03\30.jpg,1
C:\EPICS26\iemocap_cnn\src\visual\..\..\features\frames\Ses05M_impro03\31.jpg,1
C:\EPICS26\iemocap_cnn\src\visual\..\..\features\frames\Ses05M_impro03\32.jpg,1
C:\EPICS26\iemocap_cnn\src\visual\..\..\features\frames\Ses05M_impro03\33.jpg,1
C:\EPICS26\iemocap_cnn\src\visual\..\..\features\frames\Ses05M_impro04\1.jpg,3
C:\EPICS26\iemocap_cnn\src\visual\..\..\features\frames\Ses05M_impro04\2.jpg,3
C:\EPICS26\iemocap_cnn\src\visual\..\..\features\frames\Ses05M_impro04\3.jpg,3
C:\EPICS26\iemocap_cnn\src\visual\..\..\features\frames\Ses05M_impro04\4.jpg,3
C:\EPICS26\iemocap_cnn\src\visual\..\..\features\frames\Ses05M_impro04\5.jpg,3
C:\EPICS26\iemocap_cnn\src\visual\..\..\features\frames\Ses05M_impro04\6.jpg,3
C:\EPICS26\iemocap_cnn\src\visual\..\..\features\frames\Ses05M_impro04\7.jpg,3
C:\EPICS26\iemocap_cnn\src\visual\..\..\features\frames\Ses05M_impro04\8.jpg,3
C:\EPICS26\iemocap_cnn\src\visual\..\..\features\frames\Ses05M_impro04\9.jpg,3
C:\EPICS26\iemocap_cnn\src\visual\..\..\features\frames\Ses05M_impro04\10.jpg,3
C:\EPICS26\iemocap_cnn\src\visual\..\..\features\frames\Ses05M_impro04\11.jpg,3
C:\EPICS26\iemocap_cnn\src\visual\..\..\features\frames\Ses05M_impro04\12.jpg,3
C:\EPICS26\iemocap_cnn\src\visual\..\..\features\frames\Ses05M_impro04\13.jpg,3
C:\EPICS26\iemocap_cnn\src\visual\..\..\features\frames\Ses05M_impro04\14.jpg,3
C:\EPICS26\iemocap_cnn\src\visual\..\..\features\frames\Ses05M_impro04\15.jpg,3
C:\EPICS26\iemocap_cnn\src\visual\..\..\features\frames\Ses05M_impro04\16.jpg,3
C:\EPICS26\iemocap_cnn\src\visual\..\..\features\frames\Ses05M_impro04\17.jpg,3
C:\EPICS26\iemocap_cnn\src\visual\..\..\features\frames\Ses05M_impro04\18.jpg,3
C:\EPICS26\iemocap_cnn\src\visual\..\..\features\frames\Ses05M_impro04\19.jpg,3
C:\EPICS26\iemocap_cnn\src\visual\..\..\features\frames\Ses05M_impro04\20.jpg,3
C:\EPICS26\iemocap_cnn\src\visual\..\..\features\frames\Ses05M_impro04\21.jpg,3
C:\EPICS26\iemocap_cnn\src\visual\..\..\features\frames\Ses05M_impro04\22.jpg,3
C:\EPICS26\iemocap_cnn\src\visual\..\..\features\frames\Ses05M_impro04\23.jpg,3
C:\EPICS26\iemocap_cnn\src\visual\..\..\features\frames\Ses05M_impro04\24.jpg,3
C:\EPICS26\iemocap_cnn\src\visual\..\..\features\frames\Ses05M_impro04\26.jpg,3
C:\EPICS26\iemocap_cnn\src\visual\..\..\features\frames\Ses05M_impro04\27.jpg,3
C:\EPICS26\iemocap_cnn\src\visual\..\..\features\frames\Ses05M_impro04\28.jpg,3
C:\EPICS26\iemocap_cnn\src\visual\..\..\features\frames\Ses05M_impro04\29.jpg,3
C:\EPICS26\iemocap_cnn\src\visual\..\..\features\frames\Ses05M_impro04\30.jpg,3
C:\EPICS26\iemocap_cnn\src\visual\..\..\features\frames\Ses05M_impro04\31.jpg,3
C:\EPICS26\iemocap_cnn\src\visual\..\..\features\frames\Ses05M_impro04\32.jpg,3
C:\EPICS26\iemocap_cnn\src\visual\..\..\features\frames\Ses05M_impro04\34.jpg,3
C:\EPICS26\iemocap_cnn\src\visual\..\..\features\frames\Ses05M_impro04\35.jpg,3
C:\EPICS26\iemocap_cnn\src\visual\..\..\features\frames\Ses05M_impro04\36.jpg,3
C:\EPICS26\iemocap_cnn\src\visual\..\..\features\frames\Ses05M_impro04\37.jpg,3
C:\EPICS26\iemocap_cnn\src\visual\..\..\features\frames\Ses05M_impro04\8.jpg,3
C:\EPICS26\iemocap_cnn\src\visual\..\..\features\frames\Ses05M_impro04\9.jpg,3
C:\EPICS26\iemocap_cnn\src\visual\..\..\features\frames\Ses05M_impro04\10.jpg,3
C:\EPICS26\iemocap_cnn\src\visual\..\..\features\frames\Ses05M_impro04\19.jpg,0
C:\EPICS26\iemocap_cnn\src\visual\..\..\features\frames\Ses05M_impro04\20.jpg,0
C:\EPICS26\iemocap_cnn\src\visual\..\..\features\frames\Ses05M_impro04\40.jpg,0
C:\EPICS26\iemocap_cnn\src\visual\..\..\features\frames\Ses05M_impro04\41.jpg,2
C:\EPICS26\iemocap_cnn\src\visual\..\..\features\frames\Ses05M_impro05\0.jpg,3
C:\EPICS26\iemocap_cnn\src\visual\..\..\features\frames\Ses05M_impro05\1.jpg,3
C:\EPICS26\iemocap_cnn\src\visual\..\..\features\frames\Ses05M_impro05\2.jpg,3
C:\EPICS26\iemocap_cnn\src\visual\..\..\features\frames\Ses05M_impro05\3.jpg,3
C:\EPICS26\iemocap_cnn\src\visual\..\..\features\frames\Ses05M_impro05\4.jpg,3
C:\EPICS26\iemocap_cnn\src\visual\..\..\features\frames\Ses05M_impro05\5.jpg,3
C:\EPICS26\iemocap_cnn\src\visual\..\..\features\frames\Ses05M_impro05\6.jpg,3
C:\EPICS26\iemocap_cnn\src\visual\..\..\features\frames\Ses05M_impro05\7.jpg,3
C:\EPICS26\iemocap_cnn\src\visual\..\..\features\frames\Ses05M_impro05\8.jpg,3
C:\EPICS26\iemocap_cnn\src\visual\..\..\features\frames\Ses05M_impro05\9.jpg,3
C:\EPICS26\iemocap_cnn\src\visual\..\..\features\frames\Ses05M_impro05\10.jpg,3
C:\EPICS26\iemocap_cnn\src\visual\..\..\features\frames\Ses05M_impro05\11.jpg,3
C:\EPICS26\iemocap_cnn\src\visual\..\..\features\frames\Ses05M_impro05\12.jpg,3
C:\EPICS26\iemocap_cnn\src\visual\..\..\features\frames\Ses05M_impro05\13.jpg,3
C:\EPICS26\iemocap_cnn\src\visual\..\..\features\frames\Ses05M_impro05\14.jpg,3
C:\EPICS26\iemocap_cnn\src\visual\..\..\features\frames\Ses05M_impro05\15.jpg,3
C:\EPICS26\iemocap_cnn\src\visual\..\..\features\frames\Ses05M_impro05\16.jpg,3
C:\EPICS26\iemocap_cnn\src\visual\..\..\features\frames\Ses05M_impro05\17.jpg,3
C:\EPICS26\iemocap_cnn\src\visual\..\..\features\frames\Ses05M_impro05\18.jpg,3
C:\EPICS26\iemocap_cnn\src\visual\..\..\features\frames\Ses05M_impro05\19.jpg,3
C:\EPICS26\iemocap_cnn\src\visual\..\..\features\frames\Ses05M_impro05\20.jpg,3
C:\EPICS26\iemocap_cnn\src\visual\..\..\features\frames\Ses05M_impro05\21.jpg,3
C:\EPICS26\iemocap_cnn\src\visual\..\..\features\frames\Ses05M_impro05\0.jpg,3
C:\EPICS26\iemocap_cnn\src\visual\..\..\features\frames\Ses05M_impro05\1.jpg,3
C:\EPICS26\iemocap_cnn\src\visual\..\..\features\frames\Ses05M_impro05\2.jpg,3
C:\EPICS26\iemocap_cnn\src\visual\..\..\features\frames\Ses05M_impro05\3.jpg,3
C:\EPICS26\iemocap_cnn\src\visual\..\..\features\frames\Ses05M_impro05\4.jpg,3
C:\EPICS26\iemocap_cnn\src\visual\..\..\features\frames\Ses05M_impro05\5.jpg,3
C:\EPICS26\iemocap_cnn\src\visual\..\..\features\frames\Ses05M_impro05\6.jpg,3
C:\EPICS26\iemocap_cnn\src\visual\..\..\features\frames\Ses05M_impro05\7.jpg,3
C:\EPICS26\iemocap_cnn\src\visual\..\..\features\frames\Ses05M_impro05\9.jpg,3
C:\EPICS26\iemocap_cnn\src\visual\..\..\features\frames\Ses05M_impro05\10.jpg,3
C:\EPICS26\iemocap_cnn\src\visual\..\..\features\frames\Ses05M_impro05\22.jpg,3
C:\EPICS26\iemocap_cnn\src\visual\..\..\features\frames\Ses05M_impro06\2.jpg,2
C:\EPICS26\iemocap_cnn\src\visual\..\..\features\frames\Ses05M_impro06\3.jpg,2
C:\EPICS26\iemocap_cnn\src\visual\..\..\features\frames\Ses05M_impro06\4.jpg,2
C:\EPICS26\iemocap_cnn\src\visual\..\..\features\frames\Ses05M_impro06\5.jpg,2
C:\EPICS26\iemocap_cnn\src\visual\..\..\features\frames\Ses05M_impro06\6.jpg,2
C:\EPICS26\iemocap_cnn\src\visual\..\..\features\frames\Ses05M_impro06\7.jpg,2
C:\EPICS26\iemocap_cnn\src\visual\..\..\features\frames\Ses05M_impro06\8.jpg,2
C:\EPICS26\iemocap_cnn\src\visual\..\..\features\frames\Ses05M_impro06\9.jpg,2
C:\EPICS26\iemocap_cnn\src\visual\..\..\features\frames\Ses05M_impro06\10.jpg,2
C:\EPICS26\iemocap_cnn\src\visual\..\..\features\frames\Ses05M_impro06\0.jpg,2
C:\EPICS26\iemocap_cnn\src\visual\..\..\features\frames\Ses05M_impro06\1.jpg,2
C:\EPICS26\iemocap_cnn\src\visual\..\..\features\frames\Ses05M_impro06\2.jpg,2
C:\EPICS26\iemocap_cnn\src\visual\..\..\features\frames\Ses05M_impro06\3.jpg,2
C:\EPICS26\iemocap_cnn\src\visual\..\..\features\frames\Ses05M_impro06\4.jpg,2
C:\EPICS26\iemocap_cnn\src\visual\..\..\features\frames\Ses05M_impro06\5.jpg,2
C:\EPICS26\iemocap_cnn\src\visual\..\..\features\frames\Ses05M_impro06\6.jpg,2
C:\EPICS26\iemocap_cnn\src\visual\..\..\features\frames\Ses05M_impro06\7.jpg,2
C:\EPICS26\iemocap_cnn\src\visual\..\..\features\frames\Ses05M_impro06\8.jpg,2
C:\EPICS26\iemocap_cnn\src\visual\..\..\features\frames\Ses05M_impro06\9.jpg,2
C:\EPICS26\iemocap_cnn\src\visual\..\..\features\frames\Ses05M_impro06\10.jpg,2
C:\EPICS26\iemocap_cnn\src\visual\..\..\features\frames\Ses05M_impro06\11.jpg,2
C:\EPICS26\iemocap_cnn\src\visual\..\..\features\frames\Ses05M_impro06\12.jpg,2
C:\EPICS26\iemocap_cnn\src\visual\..\..\features\frames\Ses05M_impro06\13.jpg,2
C:\EPICS26\iemocap_cnn\src\visual\..\..\features\frames\Ses05M_impro06\14.jpg,2
C:\EPICS26\iemocap_cnn\src\visual\..\..\features\frames\Ses05M_impro06\17.jpg,2
C:\EPICS26\iemocap_cnn\src\visual\..\..\features\frames\Ses05M_impro06\18.jpg,2
C:\EPICS26\iemocap_cnn\src\visual\..\..\features\frames\Ses05M_impro06\19.jpg,2
C:\EPICS26\iemocap_cnn\src\visual\..\..\features\frames\Ses05M_impro06\20.jpg,2
C:\EPICS26\iemocap_cnn\src\visual\..\..\features\frames\Ses05M_impro07\0.jpg,1
C:\EPICS26\iemocap_cnn\src\visual\..\..\features\frames\Ses05M_impro07\1.jpg,1
C:\EPICS26\iemocap_cnn\src\visual\..\..\features\frames\Ses05M_impro07\3.jpg,1
C:\EPICS26\iemocap_cnn\src\visual\..\..\features\frames\Ses05M_impro07\4.jpg,1
C:\EPICS26\iemocap_cnn\src\visual\..\..\features\frames\Ses05M_impro07\5.jpg,1
C:\EPICS26\iemocap_cnn\src\visual\..\..\features\frames\Ses05M_impro07\7.jpg,1
C:\EPICS26\iemocap_cnn\src\visual\..\..\features\frames\Ses05M_impro07\8.jpg,1
C:\EPICS26\iemocap_cnn\src\visual\..\..\features\frames\Ses05M_impro07\9.jpg,1
C:\EPICS26\iemocap_cnn\src\visual\..\..\features\frames\Ses05M_impro07\10.jpg,3
C:\EPICS26\iemocap_cnn\src\visual\..\..\features\frames\Ses05M_impro07\11.jpg,1
C:\EPICS26\iemocap_cnn\src\visual\..\..\features\frames\Ses05M_impro07\12.jpg,1
C:\EPICS26\iemocap_cnn\src\visual\..\..\features\frames\Ses05M_impro07\13.jpg,1
C:\EPICS26\iemocap_cnn\src\visual\..\..\features\frames\Ses05M_impro07\15.jpg,1
C:\EPICS26\iemocap_cnn\src\visual\..\..\features\frames\Ses05M_impro07\16.jpg,3
C:\EPICS26\iemocap_cnn\src\visual\..\..\features\frames\Ses05M_impro07\17.jpg,3
C:\EPICS26\iemocap_cnn\src\visual\..\..\features\frames\Ses05M_impro07\18.jpg,3
C:\EPICS26\iemocap_cnn\src\visual\..\..\features\frames\Ses05M_impro07\19.jpg,3
C:\EPICS26\iemocap_cnn\src\visual\..\..\features\frames\Ses05M_impro07\20.jpg,3
C:\EPICS26\iemocap_cnn\src\visual\..\..\features\frames\Ses05M_impro07\21.jpg,1
C:\EPICS26\iemocap_cnn\src\visual\..\..\features\frames\Ses05M_impro07\22.jpg,1
C:\EPICS26\iemocap_cnn\src\visual\..\..\features\frames\Ses05M_impro07\23.jpg,1
C:\EPICS26\iemocap_cnn\src\visual\..\..\features\frames\Ses05M_impro07\24.jpg,3
C:\EPICS26\iemocap_cnn\src\visual\..\..\features\frames\Ses05M_impro07\25.jpg,3
C:\EPICS26\iemocap_cnn\src\visual\..\..\features\frames\Ses05M_impro07\26.jpg,3
C:\EPICS26\iemocap_cnn\src\visual\..\..\features\frames\Ses05M_impro07\27.jpg,3
C:\EPICS26\iemocap_cnn\src\visual\..\..\features\frames\Ses05M_impro07\28.jpg,3
C:\EPICS26\iemocap_cnn\src\visual\..\..\features\frames\Ses05M_impro07\29.jpg,3
C:\EPICS26\iemocap_cnn\src\visual\..\..\features\frames\Ses05M_impro07\30.jpg,3
C:\EPICS26\iemocap_cnn\src\visual\..\..\features\frames\Ses05M_impro07\31.jpg,1
C:\EPICS26\iemocap_cnn\src\visual\..\..\features\frames\Ses05M_impro07\32.jpg,3
C:\EPICS26\iemocap_cnn\src\visual\..\..\features\frames\Ses05M_impro07\33.jpg,3
C:\EPICS26\iemocap_cnn\src\visual\..\..\features\frames\Ses05M_impro07\35.jpg,1
C:\EPICS26\iemocap_cnn\src\visual\..\..\features\frames\Ses05M_impro07\36.jpg,1
C:\EPICS26\iemocap_cnn\src\visual\..\..\features\frames\Ses05M_impro07\37.jpg,1
C:\EPICS26\iemocap_cnn\src\visual\..\..\features\frames\Ses05M_impro07\38.jpg,3
C:\EPICS26\iemocap_cnn\src\visual\..\..\features\frames\Ses05M_impro07\39.jpg,1
C:\EPICS26\iemocap_cnn\src\visual\..\..\features\frames\Ses05M_impro07\40.jpg,3
C:\EPICS26\iemocap_cnn\src\visual\..\..\features\frames\Ses05M_impro07\41.jpg,1
C:\EPICS26\iemocap_cnn\src\visual\..\..\features\frames\Ses05M_impro07\42.jpg,1
C:\EPICS26\iemocap_cnn\src\visual\..\..\features\frames\Ses05M_impro07\44.jpg,1
C:\EPICS26\iemocap_cnn\src\visual\..\..\features\frames\Ses05M_impro07\45.jpg,1
C:\EPICS26\iemocap_cnn\src\visual\..\..\features\frames\Ses05M_impro07\0.jpg,1
C:\EPICS26\iemocap_cnn\src\visual\..\..\features\frames\Ses05M_impro07\1.jpg,1
C:\EPICS26\iemocap_cnn\src\visual\..\..\features\frames\Ses05M_impro07\2.jpg,1
C:\EPICS26\iemocap_cnn\src\visual\..\..\features\frames\Ses05M_impro07\3.jpg,1
C:\EPICS26\iemocap_cnn\src\visual\..\..\features\frames\Ses05M_impro07\4.jpg,1
C:\EPICS26\iemocap_cnn\src\visual\..\..\features\frames\Ses05M_impro07\5.jpg,1
C:\EPICS26\iemocap_cnn\src\visual\..\..\features\frames\Ses05M_impro07\6.jpg,1
C:\EPICS26\iemocap_cnn\src\visual\..\..\features\frames\Ses05M_impro07\7.jpg,1
C:\EPICS26\iemocap_cnn\src\visual\..\..\features\frames\Ses05M_impro07\9.jpg,1
C:\EPICS26\iemocap_cnn\src\visual\..\..\features\frames\Ses05M_impro07\11.jpg,1
C:\EPICS26\iemocap_cnn\src\visual\..\..\features\frames\Ses05M_impro07\13.jpg,1
C:\EPICS26\iemocap_cnn\src\visual\..\..\features\frames\Ses05M_impro07\14.jpg,1
C:\EPICS26\iemocap_cnn\src\visual\..\..\features\frames\Ses05M_impro07\16.jpg,1
C:\EPICS26\iemocap_cnn\src\visual\..\..\features\frames\Ses05M_impro07\17.jpg,1
C:\EPICS26\iemocap_cnn\src\visual\..\..\features\frames\Ses05M_impro07\18.jpg,1
C:\EPICS26\iemocap_cnn\src\visual\..\..\features\frames\Ses05M_impro07\19.jpg,1
C:\EPICS26\iemocap_cnn\src\visual\..\..\features\frames\Ses05M_impro07\20.jpg,1
C:\EPICS26\iemocap_cnn\src\visual\..\..\features\frames\Ses05M_impro07\21.jpg,1
C:\EPICS26\iemocap_cnn\src\visual\..\..\features\frames\Ses05M_impro07\22.jpg,1
C:\EPICS26\iemocap_cnn\src\visual\..\..\features\frames\Ses05M_impro07\23.jpg,1
C:\EPICS26\iemocap_cnn\src\visual\..\..\features\frames\Ses05M_impro07\24.jpg,1
C:\EPICS26\iemocap_cnn\src\visual\..\..\features\frames\Ses05M_impro07\25.jpg,1
C:\EPICS26\iemocap_cnn\src\visual\..\..\features\frames\Ses05M_impro07\26.jpg,1
C:\EPICS26\iemocap_cnn\src\visual\..\..\features\frames\Ses05M_impro07\28.jpg,1
C:\EPICS26\iemocap_cnn\src\visual\..\..\features\frames\Ses05M_impro07\29.jpg,1
C:\EPICS26\iemocap_cnn\src\visual\..\..\features\frames\Ses05M_impro07\30.jpg,1
C:\EPICS26\iemocap_cnn\src\visual\..\..\features\frames\Ses05M_impro07\31.jpg,1
C:\EPICS26\iemocap_cnn\src\visual\..\..\features\frames\Ses05M_impro07\32.jpg,1
C:\EPICS26\iemocap_cnn\src\visual\..\..\features\frames\Ses05M_impro07\33.jpg,1
C:\EPICS26\iemocap_cnn\src\visual\..\..\features\frames\Ses05M_impro07\34.jpg,1
C:\EPICS26\iemocap_cnn\src\visual\..\..\features\frames\Ses05M_impro07\35.jpg,1
C:\EPICS26\iemocap_cnn\src\visual\..\..\features\frames\Ses05M_impro07\36.jpg,1
C:\EPICS26\iemocap_cnn\src\visual\..\..\features\frames\Ses05M_impro07\37.jpg,1
C:\EPICS26\iemocap_cnn\src\visual\..\..\features\frames\Ses05M_impro07\39.jpg,1
C:\EPICS26\iemocap_cnn\src\visual\..\..\features\frames\Ses05M_impro07\40.jpg,1
C:\EPICS26\iemocap_cnn\src\visual\..\..\features\frames\Ses05M_impro07\41.jpg,1
C:\EPICS26\iemocap_cnn\src\visual\..\..\features\frames\Ses05M_impro07\42.jpg,1
C:\EPICS26\iemocap_cnn\src\visual\..\..\features\frames\Ses05M_impro07\43.jpg,1
C:\EPICS26\iemocap_cnn\src\visual\..\..\features\frames\Ses05M_impro07\44.jpg,1
C:\EPICS26\iemocap_cnn\src\visual\..\..\features\frames\Ses05M_impro07\45.jpg,1
C:\EPICS26\iemocap_cnn\src\visual\..\..\features\frames\Ses05M_impro07\46.jpg,1
C:\EPICS26\iemocap_cnn\src\visual\..\..\features\frames\Ses05M_impro07\47.jpg,1
C:\EPICS26\iemocap_cnn\src\visual\..\..\features\frames\Ses05M_impro08\5.jpg,3
C:\EPICS26\iemocap_cnn\src\visual\..\..\features\frames\Ses05M_impro08\6.jpg,3
C:\EPICS26\iemocap_cnn\src\visual\..\..\features\frames\Ses05M_impro08\7.jpg,3
C:\EPICS26\iemocap_cnn\src\visual\..\..\features\frames\Ses05M_impro08\8.jpg,3
C:\EPICS26\iemocap_cnn\src\visual\..\..\features\frames\Ses05M_impro08\9.jpg,3
C:\EPICS26\iemocap_cnn\src\visual\..\..\features\frames\Ses05M_impro08\11.jpg,3
C:\EPICS26\iemocap_cnn\src\visual\..\..\features\frames\Ses05M_impro08\12.jpg,3
C:\EPICS26\iemocap_cnn\src\visual\..\..\features\frames\Ses05M_impro08\13.jpg,3
C:\EPICS26\iemocap_cnn\src\visual\..\..\features\frames\Ses05M_impro08\14.jpg,3
C:\EPICS26\iemocap_cnn\src\visual\..\..\features\frames\Ses05M_impro08\15.jpg,3
C:\EPICS26\iemocap_cnn\src\visual\..\..\features\frames\Ses05M_impro08\16.jpg,3
C:\EPICS26\iemocap_cnn\src\visual\..\..\features\frames\Ses05M_impro08\17.jpg,3
C:\EPICS26\iemocap_cnn\src\visual\..\..\features\frames\Ses05M_impro08\18.jpg,3
C:\EPICS26\iemocap_cnn\src\visual\..\..\features\frames\Ses05M_impro08\19.jpg,3
C:\EPICS26\iemocap_cnn\src\visual\..\..\features\frames\Ses05M_impro08\22.jpg,1
C:\EPICS26\iemocap_cnn\src\visual\..\..\features\frames\Ses05M_impro08\25.jpg,1
C:\EPICS26\iemocap_cnn\src\visual\..\..\features\frames\Ses05M_impro08\26.jpg,1
C:\EPICS26\iemocap_cnn\src\visual\..\..\features\frames\Ses05M_impro08\27.jpg,1
C:\EPICS26\iemocap_cnn\src\visual\..\..\features\frames\Ses05M_impro08\28.jpg,1
C:\EPICS26\iemocap_cnn\src\visual\..\..\features\frames\Ses05M_impro08\0.jpg,3
C:\EPICS26\iemocap_cnn\src\visual\..\..\features\frames\Ses05M_impro08\1.jpg,3
C:\EPICS26\iemocap_cnn\src\visual\..\..\features\frames\Ses05M_impro08\2.jpg,3
C:\EPICS26\iemocap_cnn\src\visual\..\..\features\frames\Ses05M_impro08\3.jpg,3
C:\EPICS26\iemocap_cnn\src\visual\..\..\features\frames\Ses05M_impro08\4.jpg,3
C:\EPICS26\iemocap_cnn\src\visual\..\..\features\frames\Ses05M_impro08\5.jpg,3
C:\EPICS26\iemocap_cnn\src\visual\..\..\features\frames\Ses05M_impro08\6.jpg,3
C:\EPICS26\iemocap_cnn\src\visual\..\..\features\frames\Ses05M_impro08\7.jpg,3
C:\EPICS26\iemocap_cnn\src\visual\..\..\features\frames\Ses05M_impro08\8.jpg,3
C:\EPICS26\iemocap_cnn\src\visual\..\..\features\frames\Ses05M_impro08\9.jpg,3
C:\EPICS26\iemocap_cnn\src\visual\..\..\features\frames\Ses05M_impro08\10.jpg,3
C:\EPICS26\iemocap_cnn\src\visual\..\..\features\frames\Ses05M_impro08\11.jpg,3
C:\EPICS26\iemocap_cnn\src\visual\..\..\features\frames\Ses05M_impro08\12.jpg,3
C:\EPICS26\iemocap_cnn\src\visual\..\..\features\frames\Ses05M_impro08\13.jpg,3
C:\EPICS26\iemocap_cnn\src\visual\..\..\features\frames\Ses05M_impro08\14.jpg,3
C:\EPICS26\iemocap_cnn\src\visual\..\..\features\frames\Ses05M_impro08\15.jpg,3
C:\EPICS26\iemocap_cnn\src\visual\..\..\features\frames\Ses05M_impro08\16.jpg,3
C:\EPICS26\iemocap_cnn\src\visual\..\..\features\frames\Ses05M_impro08\17.jpg,3
C:\EPICS26\iemocap_cnn\src\visual\..\..\features\frames\Ses05M_impro08\18.jpg,3
C:\EPICS26\iemocap_cnn\src\visual\..\..\features\frames\Ses05M_impro08\19.jpg,3
C:\EPICS26\iemocap_cnn\src\visual\..\..\features\frames\Ses05M_impro08\20.jpg,3
C:\EPICS26\iemocap_cnn\src\visual\..\..\features\frames\Ses05M_impro08\21.jpg,3
C:\EPICS26\iemocap_cnn\src\visual\..\..\features\frames\Ses05M_impro08\22.jpg,3
C:\EPICS26\iemocap_cnn\src\visual\..\..\features\frames\Ses05M_impro08\23.jpg,3
C:\EPICS26\iemocap_cnn\src\visual\..\..\features\frames\Ses05M_impro08\24.jpg,3
C:\EPICS26\iemocap_cnn\src\visual\..\..\features\frames\Ses05M_impro08\25.jpg,3
C:\EPICS26\iemocap_cnn\src\visual\..\..\features\frames\Ses05M_impro08\26.jpg,1
C:\EPICS26\iemocap_cnn\src\visual\..\..\features\frames\Ses05M_impro08\27.jpg,3
C:\EPICS26\iemocap_cnn\src\visual\..\..\features\frames\Ses05M_impro08\28.jpg,1
C:\EPICS26\iemocap_cnn\src\visual\..\..\features\frames\Ses05M_script01_1\0.jpg,2
C:\EPICS26\iemocap_cnn\src\visual\..\..\features\frames\Ses05M_script01_1\1.jpg,2
C:\EPICS26\iemocap_cnn\src\visual\..\..\features\frames\Ses05M_script01_1\4.jpg,2
C:\EPICS26\iemocap_cnn\src\visual\..\..\features\frames\Ses05M_script01_1\5.jpg,2
C:\EPICS26\iemocap_cnn\src\visual\..\..\features\frames\Ses05M_script01_1\14.jpg,0
C:\EPICS26\iemocap_cnn\src\visual\..\..\features\frames\Ses05M_script01_1\18.jpg,0
C:\EPICS26\iemocap_cnn\src\visual\..\..\features\frames\Ses05M_script01_1\21.jpg,0
C:\EPICS26\iemocap_cnn\src\visual\..\..\features\frames\Ses05M_script01_1\22.jpg,0
C:\EPICS26\iemocap_cnn\src\visual\..\..\features\frames\Ses05M_script01_1\23.jpg,3
C:\EPICS26\iemocap_cnn\src\visual\..\..\features\frames\Ses05M_script01_1\24.jpg,3
C:\EPICS26\iemocap_cnn\src\visual\..\..\features\frames\Ses05M_script01_1\25.jpg,3
C:\EPICS26\iemocap_cnn\src\visual\..\..\features\frames\Ses05M_script01_1\26.jpg,3
C:\EPICS26\iemocap_cnn\src\visual\..\..\features\frames\Ses05M_script01_1\32.jpg,0
C:\EPICS26\iemocap_cnn\src\visual\..\..\features\frames\Ses05M_script01_1\35.jpg,0
C:\EPICS26\iemocap_cnn\src\visual\..\..\features\frames\Ses05M_script01_1\36.jpg,0
C:\EPICS26\iemocap_cnn\src\visual\..\..\features\frames\Ses05M_script01_1\4.jpg,2
C:\EPICS26\iemocap_cnn\src\visual\..\..\features\frames\Ses05M_script01_1\11.jpg,0
C:\EPICS26\iemocap_cnn\src\visual\..\..\features\frames\Ses05M_script01_1\13.jpg,0
C:\EPICS26\iemocap_cnn\src\visual\..\..\features\frames\Ses05M_script01_1\16.jpg,3
C:\EPICS26\iemocap_cnn\src\visual\..\..\features\frames\Ses05M_script01_1\17.jpg,3
C:\EPICS26\iemocap_cnn\src\visual\..\..\features\frames\Ses05M_script01_1\20.jpg,0
C:\EPICS26\iemocap_cnn\src\visual\..\..\features\frames\Ses05M_script01_1\21.jpg,0
C:\EPICS26\iemocap_cnn\src\visual\..\..\features\frames\Ses05M_script01_1\22.jpg,0
C:\EPICS26\iemocap_cnn\src\visual\..\..\features\frames\Ses05M_script01_1\23.jpg,0
C:\EPICS26\iemocap_cnn\src\visual\..\..\features\frames\Ses05M_script01_1\25.jpg,0
C:\EPICS26\iemocap_cnn\src\visual\..\..\features\frames\Ses05M_script01_1\28.jpg,0
C:\EPICS26\iemocap_cnn\src\visual\..\..\features\frames\Ses05M_script01_1\32.jpg,0
C:\EPICS26\iemocap_cnn\src\visual\..\..\features\frames\Ses05M_script01_1\33.jpg,0
C:\EPICS26\iemocap_cnn\src\visual\..\..\features\frames\Ses05M_script01_1\34.jpg,0
C:\EPICS26\iemocap_cnn\src\visual\..\..\features\frames\Ses05M_script01_1\35.jpg,0
C:\EPICS26\iemocap_cnn\src\visual\..\..\features\frames\Ses05M_script01_1\36.jpg,0
C:\EPICS26\iemocap_cnn\src\visual\..\..\features\frames\Ses05M_script01_1\37.jpg,0
C:\EPICS26\iemocap_cnn\src\visual\..\..\features\frames\Ses05M_script01_1b\0.jpg,2
C:\EPICS26\iemocap_cnn\src\visual\..\..\features\frames\Ses05M_script01_1b\22.jpg,3
C:\EPICS26\iemocap_cnn\src\visual\..\..\features\frames\Ses05M_script01_1b\23.jpg,3
C:\EPICS26\iemocap_cnn\src\visual\..\..\features\frames\Ses05M_script01_1b\24.jpg,3
C:\EPICS26\iemocap_cnn\src\visual\..\..\features\frames\Ses05M_script01_1b\26.jpg,3
C:\EPICS26\iemocap_cnn\src\visual\..\..\features\frames\Ses05M_script01_1b\28.jpg,2
C:\EPICS26\iemocap_cnn\src\visual\..\..\features\frames\Ses05M_script01_1b\31.jpg,0
C:\EPICS26\iemocap_cnn\src\visual\..\..\features\frames\Ses05M_script01_1b\33.jpg,0
C:\EPICS26\iemocap_cnn\src\visual\..\..\features\frames\Ses05M_script01_1b\34.jpg,0
C:\EPICS26\iemocap_cnn\src\visual\..\..\features\frames\Ses05M_script01_1b\1.jpg,2
C:\EPICS26\iemocap_cnn\src\visual\..\..\features\frames\Ses05M_script01_1b\2.jpg,2
C:\EPICS26\iemocap_cnn\src\visual\..\..\features\frames\Ses05M_script01_1b\3.jpg,2
C:\EPICS26\iemocap_cnn\src\visual\..\..\features\frames\Ses05M_script01_1b\4.jpg,2
C:\EPICS26\iemocap_cnn\src\visual\..\..\features\frames\Ses05M_script01_1b\5.jpg,2
C:\EPICS26\iemocap_cnn\src\visual\..\..\features\frames\Ses05M_script01_1b\19.jpg,0
C:\EPICS26\iemocap_cnn\src\visual\..\..\features\frames\Ses05M_script01_1b\20.jpg,0
C:\EPICS26\iemocap_cnn\src\visual\..\..\features\frames\Ses05M_script01_1b\22.jpg,0
C:\EPICS26\iemocap_cnn\src\visual\..\..\features\frames\Ses05M_script01_1b\31.jpg,0
C:\EPICS26\iemocap_cnn\src\visual\..\..\features\frames\Ses05M_script01_1b\32.jpg,0
C:\EPICS26\iemocap_cnn\src\visual\..\..\features\frames\Ses05M_script01_1b\33.jpg,0
C:\EPICS26\iemocap_cnn\src\visual\..\..\features\frames\Ses05M_script01_1b\35.jpg,0
C:\EPICS26\iemocap_cnn\src\visual\..\..\features\frames\Ses05M_script01_1b\36.jpg,0
C:\EPICS26\iemocap_cnn\src\visual\..\..\features\frames\Ses05M_script01_1b\40.jpg,0
C:\EPICS26\iemocap_cnn\src\visual\..\..\features\frames\Ses05M_script01_1b\41.jpg,0
C:\EPICS26\iemocap_cnn\src\visual\..\..\features\frames\Ses05M_script01_2\2.jpg,3
C:\EPICS26\iemocap_cnn\src\visual\..\..\features\frames\Ses05M_script01_2\4.jpg,3
C:\EPICS26\iemocap_cnn\src\visual\..\..\features\frames\Ses05M_script01_2\5.jpg,0
C:\EPICS26\iemocap_cnn\src\visual\..\..\features\frames\Ses05M_script01_2\15.jpg,0
C:\EPICS26\iemocap_cnn\src\visual\..\..\features\frames\Ses05M_script01_2\17.jpg,0
C:\EPICS26\iemocap_cnn\src\visual\..\..\features\frames\Ses05M_script01_2\0.jpg,3
C:\EPICS26\iemocap_cnn\src\visual\..\..\features\frames\Ses05M_script01_2\1.jpg,3
C:\EPICS26\iemocap_cnn\src\visual\..\..\features\frames\Ses05M_script01_2\3.jpg,3
C:\EPICS26\iemocap_cnn\src\visual\..\..\features\frames\Ses05M_script01_2\15.jpg,0
C:\EPICS26\iemocap_cnn\src\visual\..\..\features\frames\Ses05M_script01_2\16.jpg,0
C:\EPICS26\iemocap_cnn\src\visual\..\..\features\frames\Ses05M_script01_3\0.jpg,3
C:\EPICS26\iemocap_cnn\src\visual\..\..\features\frames\Ses05M_script01_3\1.jpg,1
C:\EPICS26\iemocap_cnn\src\visual\..\..\features\frames\Ses05M_script01_3\3.jpg,3
C:\EPICS26\iemocap_cnn\src\visual\..\..\features\frames\Ses05M_script01_3\6.jpg,3
C:\EPICS26\iemocap_cnn\src\visual\..\..\features\frames\Ses05M_script01_3\7.jpg,3
C:\EPICS26\iemocap_cnn\src\visual\..\..\features\frames\Ses05M_script01_3\9.jpg,1
C:\EPICS26\iemocap_cnn\src\visual\..\..\features\frames\Ses05M_script01_3\10.jpg,2
C:\EPICS26\iemocap_cnn\src\visual\..\..\features\frames\Ses05M_script01_3\12.jpg,1
C:\EPICS26\iemocap_cnn\src\visual\..\..\features\frames\Ses05M_script01_3\13.jpg,1
C:\EPICS26\iemocap_cnn\src\visual\..\..\features\frames\Ses05M_script01_3\15.jpg,1
C:\EPICS26\iemocap_cnn\src\visual\..\..\features\frames\Ses05M_script01_3\16.jpg,2
C:\EPICS26\iemocap_cnn\src\visual\..\..\features\frames\Ses05M_script01_3\19.jpg,2
C:\EPICS26\iemocap_cnn\src\visual\..\..\features\frames\Ses05M_script01_3\20.jpg,2
C:\EPICS26\iemocap_cnn\src\visual\..\..\features\frames\Ses05M_script01_3\21.jpg,2
C:\EPICS26\iemocap_cnn\src\visual\..\..\features\frames\Ses05M_script01_3\22.jpg,3
C:\EPICS26\iemocap_cnn\src\visual\..\..\features\frames\Ses05M_script01_3\23.jpg,2
C:\EPICS26\iemocap_cnn\src\visual\..\..\features\frames\Ses05M_script01_3\24.jpg,2
C:\EPICS26\iemocap_cnn\src\visual\..\..\features\frames\Ses05M_script01_3\25.jpg,2
C:\EPICS26\iemocap_cnn\src\visual\..\..\features\frames\Ses05M_script01_3\27.jpg,1
C:\EPICS26\iemocap_cnn\src\visual\..\..\features\frames\Ses05M_script01_3\1.jpg,1
C:\EPICS26\iemocap_cnn\src\visual\..\..\features\frames\Ses05M_script01_3\3.jpg,3
C:\EPICS26\iemocap_cnn\src\visual\..\..\features\frames\Ses05M_script01_3\10.jpg,1
C:\EPICS26\iemocap_cnn\src\visual\..\..\features\frames\Ses05M_script01_3\13.jpg,1
C:\EPICS26\iemocap_cnn\src\visual\..\..\features\frames\Ses05M_script01_3\16.jpg,1
C:\EPICS26\iemocap_cnn\src\visual\..\..\features\frames\Ses05M_script01_3\17.jpg,1
C:\EPICS26\iemocap_cnn\src\visual\..\..\features\frames\Ses05M_script01_3\19.jpg,2
C:\EPICS26\iemocap_cnn\src\visual\..\..\features\frames\Ses05M_script01_3\20.jpg,2
C:\EPICS26\iemocap_cnn\src\visual\..\..\features\frames\Ses05M_script01_3\21.jpg,2
C:\EPICS26\iemocap_cnn\src\visual\..\..\features\frames\Ses05M_script01_3\22.jpg,3
C:\EPICS26\iemocap_cnn\src\visual\..\..\features\frames\Ses05M_script01_3\23.jpg,2
C:\EPICS26\iemocap_cnn\src\visual\..\..\features\frames\Ses05M_script01_3\25.jpg,2
C:\EPICS26\iemocap_cnn\src\visual\..\..\features\frames\Ses05M_script01_3\26.jpg,2
C:\EPICS26\iemocap_cnn\src\visual\..\..\features\frames\Ses05M_script01_3\27.jpg,2
C:\EPICS26\iemocap_cnn\src\visual\..\..\features\frames\Ses05M_script01_3\29.jpg,2
C:\EPICS26\iemocap_cnn\src\visual\..\..\features\frames\Ses05M_script01_3\30.jpg,2
C:\EPICS26\iemocap_cnn\src\visual\..\..\features\frames\Ses05M_script01_3\33.jpg,2
C:\EPICS26\iemocap_cnn\src\visual\..\..\features\frames\Ses05M_script01_3\36.jpg,2
C:\EPICS26\iemocap_cnn\src\visual\..\..\features\frames\Ses05M_script01_3\39.jpg,2
C:\EPICS26\iemocap_cnn\src\visual\..\..\features\frames\Ses05M_script01_3\40.jpg,2
C:\EPICS26\iemocap_cnn\src\visual\..\..\features\frames\Ses05M_script01_3\41.jpg,1
C:\EPICS26\iemocap_cnn\src\visual\..\..\features\frames\Ses05M_script01_3\42.jpg,1
C:\EPICS26\iemocap_cnn\src\visual\..\..\features\frames\Ses05M_script02_1\0.jpg,2
C:\EPICS26\iemocap_cnn\src\visual\..\..\features\frames\Ses05M_script02_1\1.jpg,3
C:\EPICS26\iemocap_cnn\src\visual\..\..\features\frames\Ses05M_script02_1\16.jpg,2
C:\EPICS26\iemocap_cnn\src\visual\..\..\features\frames\Ses05M_script02_1\0.jpg,1
C:\EPICS26\iemocap_cnn\src\visual\..\..\features\frames\Ses05M_script02_1\1.jpg,1
C:\EPICS26\iemocap_cnn\src\visual\..\..\features\frames\Ses05M_script02_1\2.jpg,1
C:\EPICS26\iemocap_cnn\src\visual\..\..\features\frames\Ses05M_script02_1\3.jpg,1
C:\EPICS26\iemocap_cnn\src\visual\..\..\features\frames\Ses05M_script02_1\5.jpg,1
C:\EPICS26\iemocap_cnn\src\visual\..\..\features\frames\Ses05M_script02_1\6.jpg,1
C:\EPICS26\iemocap_cnn\src\visual\..\..\features\frames\Ses05M_script02_1\7.jpg,1
C:\EPICS26\iemocap_cnn\src\visual\..\..\features\frames\Ses05M_script02_1\8.jpg,1
C:\EPICS26\iemocap_cnn\src\visual\..\..\features\frames\Ses05M_script02_1\9.jpg,1
C:\EPICS26\iemocap_cnn\src\visual\..\..\features\frames\Ses05M_script02_1\10.jpg,1
C:\EPICS26\iemocap_cnn\src\visual\..\..\features\frames\Ses05M_script02_1\17.jpg,1
C:\EPICS26\iemocap_cnn\src\visual\..\..\features\frames\Ses05M_script02_1\18.jpg,1
C:\EPICS26\iemocap_cnn\src\visual\..\..\features\frames\Ses05M_script02_1\19.jpg,1
C:\EPICS26\iemocap_cnn\src\visual\..\..\features\frames\Ses05M_script02_1\20.jpg,1
C:\EPICS26\iemocap_cnn\src\visual\..\..\features\frames\Ses05M_script02_1\21.jpg,1
C:\EPICS26\iemocap_cnn\src\visual\..\..\features\frames\Ses05M_script02_1\23.jpg,1
C:\EPICS26\iemocap_cnn\src\visual\..\..\features\frames\Ses05M_script02_1\28.jpg,1
C:\EPICS26\iemocap_cnn\src\visual\..\..\features\frames\Ses05M_script02_1\29.jpg,1
C:\EPICS26\iemocap_cnn\src\visual\..\..\features\frames\Ses05M_script02_1\30.jpg,1
C:\EPICS26\iemocap_cnn\src\visual\..\..\features\frames\Ses05M_script02_1\31.jpg,1
C:\EPICS26\iemocap_cnn\src\visual\..\..\features\frames\Ses05M_script02_1\32.jpg,1
C:\EPICS26\iemocap_cnn\src\visual\..\..\features\frames\Ses05M_script02_1\33.jpg,1
C:\EPICS26\iemocap_cnn\src\visual\..\..\features\frames\Ses05M_script02_2\0.jpg,3
C:\EPICS26\iemocap_cnn\src\visual\..\..\features\frames\Ses05M_script02_2\1.jpg,3
C:\EPICS26\iemocap_cnn\src\visual\..\..\features\frames\Ses05M_script02_2\5.jpg,0
C:\EPICS26\iemocap_cnn\src\visual\..\..\features\frames\Ses05M_script02_2\9.jpg,0
C:\EPICS26\iemocap_cnn\src\visual\..\..\features\frames\Ses05M_script02_2\10.jpg,0
C:\EPICS26\iemocap_cnn\src\visual\..\..\features\frames\Ses05M_script02_2\12.jpg,2
C:\EPICS26\iemocap_cnn\src\visual\..\..\features\frames\Ses05M_script02_2\13.jpg,2
C:\EPICS26\iemocap_cnn\src\visual\..\..\features\frames\Ses05M_script02_2\14.jpg,2
C:\EPICS26\iemocap_cnn\src\visual\..\..\features\frames\Ses05M_script02_2\15.jpg,2
C:\EPICS26\iemocap_cnn\src\visual\..\..\features\frames\Ses05M_script02_2\16.jpg,2
C:\EPICS26\iemocap_cnn\src\visual\..\..\features\frames\Ses05M_script02_2\17.jpg,2
C:\EPICS26\iemocap_cnn\src\visual\..\..\features\frames\Ses05M_script02_2\18.jpg,2
C:\EPICS26\iemocap_cnn\src\visual\..\..\features\frames\Ses05M_script02_2\19.jpg,2
C:\EPICS26\iemocap_cnn\src\visual\..\..\features\frames\Ses05M_script02_2\22.jpg,2
C:\EPICS26\iemocap_cnn\src\visual\..\..\features\frames\Ses05M_script02_2\23.jpg,2
C:\EPICS26\iemocap_cnn\src\visual\..\..\features\frames\Ses05M_script02_2\26.jpg,2
C:\EPICS26\iemocap_cnn\src\visual\..\..\features\frames\Ses05M_script02_2\27.jpg,2
C:\EPICS26\iemocap_cnn\src\visual\..\..\features\frames\Ses05M_script02_2\28.jpg,2
C:\EPICS26\iemocap_cnn\src\visual\..\..\features\frames\Ses05M_script02_2\29.jpg,2
C:\EPICS26\iemocap_cnn\src\visual\..\..\features\frames\Ses05M_script02_2\30.jpg,2
C:\EPICS26\iemocap_cnn\src\visual\..\..\features\frames\Ses05M_script02_2\31.jpg,2
C:\EPICS26\iemocap_cnn\src\visual\..\..\features\frames\Ses05M_script02_2\32.jpg,2
C:\EPICS26\iemocap_cnn\src\visual\..\..\features\frames\Ses05M_script02_2\34.jpg,1
C:\EPICS26\iemocap_cnn\src\visual\..\..\features\frames\Ses05M_script02_2\37.jpg,1
C:\EPICS26\iemocap_cnn\src\visual\..\..\features\frames\Ses05M_script02_2\38.jpg,1
C:\EPICS26\iemocap_cnn\src\visual\..\..\features\frames\Ses05M_script02_2\0.jpg,1
C:\EPICS26\iemocap_cnn\src\visual\..\..\features\frames\Ses05M_script02_2\1.jpg,1
C:\EPICS26\iemocap_cnn\src\visual\..\..\features\frames\Ses05M_script02_2\5.jpg,3
C:\EPICS26\iemocap_cnn\src\visual\..\..\features\frames\Ses05M_script02_2\16.jpg,3
C:\EPICS26\iemocap_cnn\src\visual\..\..\features\frames\Ses05M_script02_2\24.jpg,0
C:\EPICS26\iemocap_cnn\src\visual\..\..\features\frames\Ses05M_script02_2\25.jpg,0
C:\EPICS26\iemocap_cnn\src\visual\..\..\features\frames\Ses05M_script02_2\26.jpg,0
C:\EPICS26\iemocap_cnn\src\visual\..\..\features\frames\Ses05M_script02_2\29.jpg,2
C:\EPICS26\iemocap_cnn\src\visual\..\..\features\frames\Ses05M_script02_2\30.jpg,2
C:\EPICS26\iemocap_cnn\src\visual\..\..\features\frames\Ses05M_script02_2\31.jpg,2
C:\EPICS26\iemocap_cnn\src\visual\..\..\features\frames\Ses05M_script02_2\32.jpg,2
C:\EPICS26\iemocap_cnn\src\visual\..\..\features\frames\Ses05M_script02_2\34.jpg,1
C:\EPICS26\iemocap_cnn\src\visual\..\..\features\frames\Ses05M_script02_2\35.jpg,1
C:\EPICS26\iemocap_cnn\src\visual\..\..\features\frames\Ses05M_script02_2\36.jpg,1
C:\EPICS26\iemocap_cnn\src\visual\..\..\features\frames\Ses05M_script02_2\37.jpg,1
C:\EPICS26\iemocap_cnn\src\visual\..\..\features\frames\Ses05M_script02_2\40.jpg,1
C:\EPICS26\iemocap_cnn\src\visual\..\..\features\frames\Ses05M_script03_1\1.jpg,1
C:\EPICS26\iemocap_cnn\src\visual\..\..\features\frames\Ses05M_script03_1\2.jpg,1
C:\EPICS26\iemocap_cnn\src\visual\..\..\features\frames\Ses05M_script03_1\3.jpg,1
C:\EPICS26\iemocap_cnn\src\visual\..\..\features\frames\Ses05M_script03_1\4.jpg,1
C:\EPICS26\iemocap_cnn\src\visual\..\..\features\frames\Ses05M_script03_1\5.jpg,1
C:\EPICS26\iemocap_cnn\src\visual\..\..\features\frames\Ses05M_script03_1\11.jpg,3
C:\EPICS26\iemocap_cnn\src\visual\..\..\features\frames\Ses05M_script03_1\12.jpg,3
C:\EPICS26\iemocap_cnn\src\visual\..\..\features\frames\Ses05M_script03_1\13.jpg,3
C:\EPICS26\iemocap_cnn\src\visual\..\..\features\frames\Ses05M_script03_1\15.jpg,3
C:\EPICS26\iemocap_cnn\src\visual\..\..\features\frames\Ses05M_script03_1\17.jpg,3
C:\EPICS26\iemocap_cnn\src\visual\..\..\features\frames\Ses05M_script03_1\20.jpg,3
C:\EPICS26\iemocap_cnn\src\visual\..\..\features\frames\Ses05M_script03_1\24.jpg,1
C:\EPICS26\iemocap_cnn\src\visual\..\..\features\frames\Ses05M_script03_1\26.jpg,1
C:\EPICS26\iemocap_cnn\src\visual\..\..\features\frames\Ses05M_script03_1\31.jpg,3
C:\EPICS26\iemocap_cnn\src\visual\..\..\features\frames\Ses05M_script03_1\1.jpg,1
C:\EPICS26\iemocap_cnn\src\visual\..\..\features\frames\Ses05M_script03_1\3.jpg,3
C:\EPICS26\iemocap_cnn\src\visual\..\..\features\frames\Ses05M_script03_1\4.jpg,1
C:\EPICS26\iemocap_cnn\src\visual\..\..\features\frames\Ses05M_script03_1\6.jpg,1
C:\EPICS26\iemocap_cnn\src\visual\..\..\features\frames\Ses05M_script03_1\7.jpg,1
C:\EPICS26\iemocap_cnn\src\visual\..\..\features\frames\Ses05M_script03_1\8.jpg,1
C:\EPICS26\iemocap_cnn\src\visual\..\..\features\frames\Ses05M_script03_1\9.jpg,1
C:\EPICS26\iemocap_cnn\src\visual\..\..\features\frames\Ses05M_script03_1\10.jpg,1
C:\EPICS26\iemocap_cnn\src\visual\..\..\features\frames\Ses05M_script03_1\11.jpg,1
C:\EPICS26\iemocap_cnn\src\visual\..\..\features\frames\Ses05M_script03_1\12.jpg,1
C:\EPICS26\iemocap_cnn\src\visual\..\..\features\frames\Ses05M_script03_1\13.jpg,1
C:\EPICS26\iemocap_cnn\src\visual\..\..\features\frames\Ses05M_script03_1\14.jpg,1
C:\EPICS26\iemocap_cnn\src\visual\..\..\features\frames\Ses05M_script03_1\15.jpg,1
C:\EPICS26\iemocap_cnn\src\visual\..\..\features\frames\Ses05M_script03_1\16.jpg,1
C:\EPICS26\iemocap_cnn\src\visual\..\..\features\frames\Ses05M_script03_1\18.jpg,1
C:\EPICS26\iemocap_cnn\src\visual\..\..\features\frames\Ses05M_script03_1\20.jpg,1
C:\EPICS26\iemocap_cnn\src\visual\..\..\features\frames\Ses05M_script03_1\21.jpg,1
C:\EPICS26\iemocap_cnn\src\visual\..\..\features\frames\Ses05M_script03_1\22.jpg,1
C:\EPICS26\iemocap_cnn\src\visual\..\..\features\frames\Ses05M_script03_1\23.jpg,1
C:\EPICS26\iemocap_cnn\src\visual\..\..\features\frames\Ses05M_script03_1\24.jpg,1
C:\EPICS26\iemocap_cnn\src\visual\..\..\features\frames\Ses05M_script03_1\25.jpg,1
C:\EPICS26\iemocap_cnn\src\visual\..\..\features\frames\Ses05M_script03_1\26.jpg,1
C:\EPICS26\iemocap_cnn\src\visual\..\..\features\frames\Ses05M_script03_1\27.jpg,1
C:\EPICS26\iemocap_cnn\src\visual\..\..\features\frames\Ses05M_script03_1\28.jpg,1
C:\EPICS26\iemocap_cnn\src\visual\..\..\features\frames\Ses05M_script03_1\29.jpg,1
C:\EPICS26\iemocap_cnn\src\visual\..\..\features\frames\Ses05M_script03_1\30.jpg,1
C:\EPICS26\iemocap_cnn\src\visual\..\..\features\frames\Ses05M_script03_1\31.jpg,1
C:\EPICS26\iemocap_cnn\src\visual\..\..\features\frames\Ses05M_script03_1\32.jpg,1
C:\EPICS26\iemocap_cnn\src\visual\..\..\features\frames\Ses05M_script03_1\33.jpg,1
C:\EPICS26\iemocap_cnn\src\visual\..\..\features\frames\Ses05M_script03_2\1.jpg,3
C:\EPICS26\iemocap_cnn\src\visual\..\..\features\frames\Ses05M_script03_2\2.jpg,3
C:\EPICS26\iemocap_cnn\src\visual\..\..\features\frames\Ses05M_script03_2\4.jpg,3
C:\EPICS26\iemocap_cnn\src\visual\..\..\features\frames\Ses05M_script03_2\5.jpg,3
C:\EPICS26\iemocap_cnn\src\visual\..\..\features\frames\Ses05M_script03_2\6.jpg,3
C:\EPICS26\iemocap_cnn\src\visual\..\..\features\frames\Ses05M_script03_2\9.jpg,3
C:\EPICS26\iemocap_cnn\src\visual\..\..\features\frames\Ses05M_script03_2\12.jpg,3
C:\EPICS26\iemocap_cnn\src\visual\..\..\features\frames\Ses05M_script03_2\15.jpg,3
C:\EPICS26\iemocap_cnn\src\visual\..\..\features\frames\Ses05M_script03_2\17.jpg,0
C:\EPICS26\iemocap_cnn\src\visual\..\..\features\frames\Ses05M_script03_2\18.jpg,0
C:\EPICS26\iemocap_cnn\src\visual\..\..\features\frames\Ses05M_script03_2\23.jpg,3
C:\EPICS26\iemocap_cnn\src\visual\..\..\features\frames\Ses05M_script03_2\26.jpg,3
C:\EPICS26\iemocap_cnn\src\visual\..\..\features\frames\Ses05M_script03_2\28.jpg,0
C:\EPICS26\iemocap_cnn\src\visual\..\..\features\frames\Ses05M_script03_2\34.jpg,0
C:\EPICS26\iemocap_cnn\src\visual\..\..\features\frames\Ses05M_script03_2\35.jpg,0
C:\EPICS26\iemocap_cnn\src\visual\..\..\features\frames\Ses05M_script03_2\36.jpg,0
C:\EPICS26\iemocap_cnn\src\visual\..\..\features\frames\Ses05M_script03_2\37.jpg,0
C:\EPICS26\iemocap_cnn\src\visual\..\..\features\frames\Ses05M_script03_2\38.jpg,0
C:\EPICS26\iemocap_cnn\src\visual\..\..\features\frames\Ses05M_script03_2\39.jpg,0
C:\EPICS26\iemocap_cnn\src\visual\..\..\features\frames\Ses05M_script03_2\40.jpg,0
C:\EPICS26\iemocap_cnn\src\visual\..\..\features\frames\Ses05M_script03_2\41.jpg,0
C:\EPICS26\iemocap_cnn\src\visual\..\..\features\frames\Ses05M_script03_2\42.jpg,0
C:\EPICS26\iemocap_cnn\src\visual\..\..\features\frames\Ses05M_script03_2\43.jpg,0
C:\EPICS26\iemocap_cnn\src\visual\..\..\features\frames\Ses05M_script03_2\44.jpg,0
C:\EPICS26\iemocap_cnn\src\visual\..\..\features\frames\Ses05M_script03_2\8.jpg,0
C:\EPICS26\iemocap_cnn\src\visual\..\..\features\frames\Ses05M_script03_2\9.jpg,0
C:\EPICS26\iemocap_cnn\src\visual\..\..\features\frames\Ses05M_script03_2\10.jpg,3
C:\EPICS26\iemocap_cnn\src\visual\..\..\features\frames\Ses05M_script03_2\11.jpg,3
C:\EPICS26\iemocap_cnn\src\visual\..\..\features\frames\Ses05M_script03_2\15.jpg,0
C:\EPICS26\iemocap_cnn\src\visual\..\..\features\frames\Ses05M_script03_2\20.jpg,0
C:\EPICS26\iemocap_cnn\src\visual\..\..\features\frames\Ses05M_script03_2\23.jpg,0
C:\EPICS26\iemocap_cnn\src\visual\..\..\features\frames\Ses05M_script03_2\24.jpg,3
C:\EPICS26\iemocap_cnn\src\visual\..\..\features\frames\Ses05M_script03_2\25.jpg,0
C:\EPICS26\iemocap_cnn\src\visual\..\..\features\frames\Ses05M_script03_2\26.jpg,0
C:\EPICS26\iemocap_cnn\src\visual\..\..\features\frames\Ses05M_script03_2\27.jpg,0
C:\EPICS26\iemocap_cnn\src\visual\..\..\features\frames\Ses05M_script03_2\28.jpg,0
C:\EPICS26\iemocap_cnn\src\visual\..\..\features\frames\Ses05M_script03_2\29.jpg,0
C:\EPICS26\iemocap_cnn\src\visual\..\..\features\frames\Ses05M_script03_2\30.jpg,0
C:\EPICS26\iemocap_cnn\src\visual\..\..\features\frames\Ses05M_script03_2\31.jpg,0
C:\EPICS26\iemocap_cnn\src\visual\..\..\features\frames\Ses05M_script03_2\32.jpg,0
C:\EPICS26\iemocap_cnn\src\visual\..\..\features\frames\Ses05M_script03_2\33.jpg,0
C:\EPICS26\iemocap_cnn\src\visual\..\..\features\frames\Ses05M_script03_2\34.jpg,0
C:\EPICS26\iemocap_cnn\src\visual\..\..\features\frames\Ses05M_script03_2\35.jpg,0
C:\EPICS26\iemocap_cnn\src\visual\..\..\features\frames\Ses05M_script03_2\36.jpg,0
C:\EPICS26\iemocap_cnn\src\visual\..\..\features\frames\Ses05M_script03_2\37.jpg,0
C:\EPICS26\iemocap_cnn\src\visual\..\..\features\frames\Ses05M_script03_2\38.jpg,0
C:\EPICS26\iemocap_cnn\src\visual\..\..\features\frames\Ses05M_script03_2\39.jpg,0
C:\EPICS26\iemocap_cnn\src\visual\..\..\features\frames\Ses05M_script03_2\40.jpg,0
C:\EPICS26\iemocap_cnn\src\visual\..\..\features\frames\Ses05M_script03_2\41.jpg,0
C:\EPICS26\iemocap_cnn\src\visual\..\..\features\frames\Ses05M_script03_2\42.jpg,0
C:\EPICS26\iemocap_cnn\src\visual\..\..\features\frames\Ses05M_script03_2\43.jpg,0
C:\EPICS26\iemocap_cnn\src\visual\..\..\features\frames\Ses05M_script03_2\44.jpg,0
C:\EPICS26\iemocap_cnn\src\visual\..\..\features\frames\Ses05M_script03_2\45.jpg,0
